⚠️  Warning: Unsupported macOS version detected (12.6.0). The Cloudflare Workers runtime may not work correctly on macOS versions below 13.5.0. Consider upgrading to macOS 13.5.0+ or using a DevContainer setup with a supported version of Linux (glibc 2.35+ required).

 ⛅️ wrangler 3.114.17 (update available 4.83.0)
-----------------------------------------------

[33m▲ [43;33m[[43;30mWARNING[43;33m][0m [1mThe version of Wrangler you are using is now out-of-date.[0m

  Please update to the latest version to prevent critical errors.
  Run `npm install --save-dev wrangler@4` to update to the latest version.
  After installation, run Wrangler with `npx wrangler`.


[33m▲ [43;33m[[43;30mWARNING[43;33m][0m [1m⚠️ This process may take some time, during which your D1 database will be unavailable to serve queries.[0m


🌀 Executing on remote database tmdb-seo (ed9a3474-da58-4d3f-b954-a7f55ae525d0):
🌀 To execute on your local development database, remove the --remote flag from your wrangler command.
Note: if the execution fails to complete, your DB will return to its original state and you can safely retry.
├ Checking if file needs uploading
│
├ 🌀 Uploading ed9a3474-da58-4d3f-b954-a7f55ae525d0.f820b164d0c758a9.sql
│ 🌀 Uploading complete.
│
🌀 Starting import...
🌀 Processed 6898 queries.
🌀 Processed 13839 queries.
🌀 Processed 21059 queries.
🌀 Processed 25744 queries.
🚣 Executed 25744 queries in 3968.03ms (25744 rows read, 51488 rows written)
   Database is currently at bookmark 00000003-00000f06-00005052-495b77805114a22657734e893d6335e2.
[
  {
    "results": [
      {
        "Total queries executed": 25744,
        "Rows read": 25744,
        "Rows written": 51488,
        "Database size (MB)": "30.07"
      }
    ],
    "success": true,
    "finalBookmark": "00000003-00000f06-00005052-495b77805114a22657734e893d6335e2",
    "meta": {
      "served_by": "v3-prod",
      "served_by_region": "APAC",
      "served_by_colo": "SIN",
      "served_by_primary": true,
      "timings": {
        "sql_duration_ms": 3968.0308
      },
      "duration": 3968.0308,
      "changes": 25745,
      "last_row_id": 130099,
      "changed_db": true,
      "size_after": 30068736,
      "rows_read": 25744,
      "rows_written": 51488,
      "num_tables": 1,
      "total_attempts": 1
    }
  }
]
⚠️  Warning: Unsupported macOS version detected (12.6.0). The Cloudflare Workers runtime may not work correctly on macOS versions below 13.5.0. Consider upgrading to macOS 13.5.0+ or using a DevContainer setup with a supported version of Linux (glibc 2.35+ required).

 ⛅️ wrangler 3.114.17 (update available 4.83.0)
-----------------------------------------------

[33m▲ [43;33m[[43;30mWARNING[43;33m][0m [1mThe version of Wrangler you are using is now out-of-date.[0m

  Please update to the latest version to prevent critical errors.
  Run `npm install --save-dev wrangler@4` to update to the latest version.
  After installation, run Wrangler with `npx wrangler`.


[33m▲ [43;33m[[43;30mWARNING[43;33m][0m [1m⚠️ This process may take some time, during which your D1 database will be unavailable to serve queries.[0m


🌀 Executing on remote database tmdb-seo (ed9a3474-da58-4d3f-b954-a7f55ae525d0):
🌀 To execute on your local development database, remove the --remote flag from your wrangler command.
Note: if the execution fails to complete, your DB will return to its original state and you can safely retry.
├ Checking if file needs uploading
│
├ 🌀 Uploading ed9a3474-da58-4d3f-b954-a7f55ae525d0.1a0f2be2d8e5f49c.sql
│ 🌀 Uploading complete.
│
🌀 Starting import...
🌀 Processed 7090 queries.
🌀 Processed 14317 queries.
🌀 Processed 21516 queries.
🌀 Processed 26310 queries.
🚣 Executed 26310 queries in 4169.05ms (26310 rows read, 52620 rows written)
   Database is currently at bookmark 00000004-00000e45-00005052-8146486c0c721cda722d7b146e0be3d1.
[
  {
    "results": [
      {
        "Total queries executed": 26310,
        "Rows read": 26310,
        "Rows written": 52620,
        "Database size (MB)": "45.20"
      }
    ],
    "success": true,
    "finalBookmark": "00000004-00000e45-00005052-8146486c0c721cda722d7b146e0be3d1",
    "meta": {
      "served_by": "v3-prod",
      "served_by_region": "APAC",
      "served_by_colo": "SIN",
      "served_by_primary": true,
      "timings": {
        "sql_duration_ms": 4169.0478
      },
      "duration": 4169.0478,
      "changes": 26311,
      "last_row_id": 273156,
      "changed_db": true,
      "size_after": 45195264,
      "rows_read": 26310,
      "rows_written": 52620,
      "num_tables": 1,
      "total_attempts": 1
    }
  }
]
⚠️  Warning: Unsupported macOS version detected (12.6.0). The Cloudflare Workers runtime may not work correctly on macOS versions below 13.5.0. Consider upgrading to macOS 13.5.0+ or using a DevContainer setup with a supported version of Linux (glibc 2.35+ required).

 ⛅️ wrangler 3.114.17 (update available 4.83.0)
-----------------------------------------------

[33m▲ [43;33m[[43;30mWARNING[43;33m][0m [1mThe version of Wrangler you are using is now out-of-date.[0m

  Please update to the latest version to prevent critical errors.
  Run `npm install --save-dev wrangler@4` to update to the latest version.
  After installation, run Wrangler with `npx wrangler`.


[33m▲ [43;33m[[43;30mWARNING[43;33m][0m [1m⚠️ This process may take some time, during which your D1 database will be unavailable to serve queries.[0m


🌀 Executing on remote database tmdb-seo (ed9a3474-da58-4d3f-b954-a7f55ae525d0):
🌀 To execute on your local development database, remove the --remote flag from your wrangler command.
Note: if the execution fails to complete, your DB will return to its original state and you can safely retry.
├ Checking if file needs uploading
│
├ 🌀 Uploading ed9a3474-da58-4d3f-b954-a7f55ae525d0.6d02840417a93910.sql
│ 🌀 Uploading complete.
│
🌀 Starting import...
🌀 Processed 7301 queries.
🌀 Processed 14426 queries.
🌀 Processed 21809 queries.
🌀 Processed 26675 queries.
🚣 Executed 26675 queries in 3555.27ms (26675 rows read, 53350 rows written)
   Database is currently at bookmark 00000004-00001cf4-00005052-f11d459e8514df453eec0aa01d4eeddf.
[
  {
    "results": [
      {
        "Total queries executed": 26675,
        "Rows read": 26675,
        "Rows written": 53350,
        "Database size (MB)": "60.24"
      }
    ],
    "success": true,
    "finalBookmark": "00000004-00001cf4-00005052-f11d459e8514df453eec0aa01d4eeddf",
    "meta": {
      "served_by": "v3-prod",
      "served_by_region": "APAC",
      "served_by_colo": "SIN",
      "served_by_primary": true,
      "timings": {
        "sql_duration_ms": 3555.2656
      },
      "duration": 3555.2656,
      "changes": 26676,
      "last_row_id": 402930,
      "changed_db": true,
      "size_after": 60235776,
      "rows_read": 26675,
      "rows_written": 53350,
      "num_tables": 1,
      "total_attempts": 1
    }
  }
]
⚠️  Warning: Unsupported macOS version detected (12.6.0). The Cloudflare Workers runtime may not work correctly on macOS versions below 13.5.0. Consider upgrading to macOS 13.5.0+ or using a DevContainer setup with a supported version of Linux (glibc 2.35+ required).

 ⛅️ wrangler 3.114.17 (update available 4.83.0)
-----------------------------------------------

[33m▲ [43;33m[[43;30mWARNING[43;33m][0m [1mThe version of Wrangler you are using is now out-of-date.[0m

  Please update to the latest version to prevent critical errors.
  Run `npm install --save-dev wrangler@4` to update to the latest version.
  After installation, run Wrangler with `npx wrangler`.


[33m▲ [43;33m[[43;30mWARNING[43;33m][0m [1m⚠️ This process may take some time, during which your D1 database will be unavailable to serve queries.[0m


🌀 Executing on remote database tmdb-seo (ed9a3474-da58-4d3f-b954-a7f55ae525d0):
🌀 To execute on your local development database, remove the --remote flag from your wrangler command.
Note: if the execution fails to complete, your DB will return to its original state and you can safely retry.
├ Checking if file needs uploading
│
├ 🌀 Uploading ed9a3474-da58-4d3f-b954-a7f55ae525d0.f353204faeda91da.sql
│ 🌀 Uploading complete.
│
🌀 Starting import...
🌀 Processed 7380 queries.
🌀 Processed 14983 queries.
🌀 Processed 22511 queries.
🌀 Processed 27630 queries.
🚣 Executed 27630 queries in 3511.20ms (27630 rows read, 55260 rows written)
   Database is currently at bookmark 00000004-00002f92-00005052-09a8c27d571024186cd3ea877ad1bbca.
[
  {
    "results": [
      {
        "Total queries executed": 27630,
        "Rows read": 27630,
        "Rows written": 55260,
        "Database size (MB)": "75.29"
      }
    ],
    "success": true,
    "finalBookmark": "00000004-00002f92-00005052-09a8c27d571024186cd3ea877ad1bbca",
    "meta": {
      "served_by": "v3-prod",
      "served_by_region": "APAC",
      "served_by_colo": "SIN",
      "served_by_primary": true,
      "timings": {
        "sql_duration_ms": 3511.1952
      },
      "duration": 3511.1952,
      "changes": 27631,
      "last_row_id": 545115,
      "changed_db": true,
      "size_after": 75292672,
      "rows_read": 27630,
      "rows_written": 55260,
      "num_tables": 1,
      "total_attempts": 1
    }
  }
]
⚠️  Warning: Unsupported macOS version detected (12.6.0). The Cloudflare Workers runtime may not work correctly on macOS versions below 13.5.0. Consider upgrading to macOS 13.5.0+ or using a DevContainer setup with a supported version of Linux (glibc 2.35+ required).

 ⛅️ wrangler 3.114.17 (update available 4.83.0)
-----------------------------------------------

[33m▲ [43;33m[[43;30mWARNING[43;33m][0m [1mThe version of Wrangler you are using is now out-of-date.[0m

  Please update to the latest version to prevent critical errors.
  Run `npm install --save-dev wrangler@4` to update to the latest version.
  After installation, run Wrangler with `npx wrangler`.


[33m▲ [43;33m[[43;30mWARNING[43;33m][0m [1m⚠️ This process may take some time, during which your D1 database will be unavailable to serve queries.[0m


🌀 Executing on remote database tmdb-seo (ed9a3474-da58-4d3f-b954-a7f55ae525d0):
🌀 To execute on your local development database, remove the --remote flag from your wrangler command.
Note: if the execution fails to complete, your DB will return to its original state and you can safely retry.
├ Checking if file needs uploading
│
├ 🌀 Uploading ed9a3474-da58-4d3f-b954-a7f55ae525d0.2acbd262defeb275.sql
│ 🌀 Uploading complete.
│
🌀 Starting import...
🌀 Processed 7612 queries.
🌀 Processed 15278 queries.
🌀 Processed 22804 queries.
🌀 Processed 27836 queries.
🚣 Executed 27836 queries in 4212.40ms (27836 rows read, 55672 rows written)
   Database is currently at bookmark 00000004-00003e7a-00005052-0931c484924a6096243da15094068cfc.
[
  {
    "results": [
      {
        "Total queries executed": 27836,
        "Rows read": 27836,
        "Rows written": 55672,
        "Database size (MB)": "90.31"
      }
    ],
    "success": true,
    "finalBookmark": "00000004-00003e7a-00005052-0931c484924a6096243da15094068cfc",
    "meta": {
      "served_by": "v3-prod",
      "served_by_region": "APAC",
      "served_by_colo": "SIN",
      "served_by_primary": true,
      "timings": {
        "sql_duration_ms": 4212.4048
      },
      "duration": 4212.4048,
      "changes": 27837,
      "last_row_id": 730189,
      "changed_db": true,
      "size_after": 90308608,
      "rows_read": 27836,
      "rows_written": 55672,
      "num_tables": 1,
      "total_attempts": 1
    }
  }
]
⚠️  Warning: Unsupported macOS version detected (12.6.0). The Cloudflare Workers runtime may not work correctly on macOS versions below 13.5.0. Consider upgrading to macOS 13.5.0+ or using a DevContainer setup with a supported version of Linux (glibc 2.35+ required).

 ⛅️ wrangler 3.114.17 (update available 4.83.0)
-----------------------------------------------

[33m▲ [43;33m[[43;30mWARNING[43;33m][0m [1mThe version of Wrangler you are using is now out-of-date.[0m

  Please update to the latest version to prevent critical errors.
  Run `npm install --save-dev wrangler@4` to update to the latest version.
  After installation, run Wrangler with `npx wrangler`.


[33m▲ [43;33m[[43;30mWARNING[43;33m][0m [1m⚠️ This process may take some time, during which your D1 database will be unavailable to serve queries.[0m


🌀 Executing on remote database tmdb-seo (ed9a3474-da58-4d3f-b954-a7f55ae525d0):
🌀 To execute on your local development database, remove the --remote flag from your wrangler command.
Note: if the execution fails to complete, your DB will return to its original state and you can safely retry.
├ Checking if file needs uploading
│
├ 🌀 Uploading ed9a3474-da58-4d3f-b954-a7f55ae525d0.66cac125fc201119.sql
│ 🌀 Uploading complete.
│
🌀 Starting import...
🌀 Processed 7600 queries.
🌀 Processed 15325 queries.
🌀 Processed 22993 queries.
🌀 Processed 28032 queries.
🚣 Executed 28032 queries in 4469.40ms (28032 rows read, 56064 rows written)
   Database is currently at bookmark 00000004-00004cbf-00005052-86a7a887b9b385a7172286bc1fc576a5.
[
  {
    "results": [
      {
        "Total queries executed": 28032,
        "Rows read": 28032,
        "Rows written": 56064,
        "Database size (MB)": "105.37"
      }
    ],
    "success": true,
    "finalBookmark": "00000004-00004cbf-00005052-86a7a887b9b385a7172286bc1fc576a5",
    "meta": {
      "served_by": "v3-prod",
      "served_by_region": "APAC",
      "served_by_colo": "SIN",
      "served_by_primary": true,
      "timings": {
        "sql_duration_ms": 4469.4049
      },
      "duration": 4469.4049,
      "changes": 28033,
      "last_row_id": 992735,
      "changed_db": true,
      "size_after": 105365504,
      "rows_read": 28032,
      "rows_written": 56064,
      "num_tables": 1,
      "total_attempts": 1
    }
  }
]
⚠️  Warning: Unsupported macOS version detected (12.6.0). The Cloudflare Workers runtime may not work correctly on macOS versions below 13.5.0. Consider upgrading to macOS 13.5.0+ or using a DevContainer setup with a supported version of Linux (glibc 2.35+ required).

 ⛅️ wrangler 3.114.17 (update available 4.83.0)
-----------------------------------------------

[33m▲ [43;33m[[43;30mWARNING[43;33m][0m [1mThe version of Wrangler you are using is now out-of-date.[0m

  Please update to the latest version to prevent critical errors.
  Run `npm install --save-dev wrangler@4` to update to the latest version.
  After installation, run Wrangler with `npx wrangler`.


[33m▲ [43;33m[[43;30mWARNING[43;33m][0m [1m⚠️ This process may take some time, during which your D1 database will be unavailable to serve queries.[0m


🌀 Executing on remote database tmdb-seo (ed9a3474-da58-4d3f-b954-a7f55ae525d0):
🌀 To execute on your local development database, remove the --remote flag from your wrangler command.
Note: if the execution fails to complete, your DB will return to its original state and you can safely retry.
├ Checking if file needs uploading
│
├ 🌀 Uploading ed9a3474-da58-4d3f-b954-a7f55ae525d0.30f805ef12fe6670.sql
│ 🌀 Uploading complete.
│
🌀 Starting import...
🌀 Processed 7620 queries.
🌀 Processed 15535 queries.
🌀 Processed 23271 queries.
🌀 Processed 28436 queries.
🚣 Executed 28436 queries in 3861.67ms (28436 rows read, 56872 rows written)
   Database is currently at bookmark 00000004-000060c7-00005052-d08eb2b9a0408d9fc720f0af0d70d6a7.
[
  {
    "results": [
      {
        "Total queries executed": 28436,
        "Rows read": 28436,
        "Rows written": 56872,
        "Database size (MB)": "120.41"
      }
    ],
    "success": true,
    "finalBookmark": "00000004-000060c7-00005052-d08eb2b9a0408d9fc720f0af0d70d6a7",
    "meta": {
      "served_by": "v3-prod",
      "served_by_region": "APAC",
      "served_by_colo": "SIN",
      "served_by_primary": true,
      "timings": {
        "sql_duration_ms": 3861.6704
      },
      "duration": 3861.6704,
      "changes": 28437,
      "last_row_id": 1281826,
      "changed_db": true,
      "size_after": 120410112,
      "rows_read": 28436,
      "rows_written": 56872,
      "num_tables": 1,
      "total_attempts": 1
    }
  }
]
⚠️  Warning: Unsupported macOS version detected (12.6.0). The Cloudflare Workers runtime may not work correctly on macOS versions below 13.5.0. Consider upgrading to macOS 13.5.0+ or using a DevContainer setup with a supported version of Linux (glibc 2.35+ required).

 ⛅️ wrangler 3.114.17 (update available 4.83.0)
-----------------------------------------------

[33m▲ [43;33m[[43;30mWARNING[43;33m][0m [1mThe version of Wrangler you are using is now out-of-date.[0m

  Please update to the latest version to prevent critical errors.
  Run `npm install --save-dev wrangler@4` to update to the latest version.
  After installation, run Wrangler with `npx wrangler`.


[33m▲ [43;33m[[43;30mWARNING[43;33m][0m [1m⚠️ This process may take some time, during which your D1 database will be unavailable to serve queries.[0m


🌀 Executing on remote database tmdb-seo (ed9a3474-da58-4d3f-b954-a7f55ae525d0):
🌀 To execute on your local development database, remove the --remote flag from your wrangler command.
Note: if the execution fails to complete, your DB will return to its original state and you can safely retry.
├ Checking if file needs uploading
│
├ 🌀 Uploading ed9a3474-da58-4d3f-b954-a7f55ae525d0.88664a7761fd6a01.sql
│ 🌀 Uploading complete.
│
🌀 Starting import...
🌀 Processed 7697 queries.
🌀 Processed 15494 queries.
🌀 Processed 34917 queries.
🌀 Processed 48382 queries.
🚣 Executed 48382 queries in 4266.24ms (16059 rows read, 64441 rows written)
   Database is currently at bookmark 00000004-00007229-00005052-7247856c073de2634571575e19583b5f.
[
  {
    "results": [
      {
        "Total queries executed": 48382,
        "Rows read": 16059,
        "Rows written": 64441,
        "Database size (MB)": "134.03"
      }
    ],
    "success": true,
    "finalBookmark": "00000004-00007229-00005052-7247856c073de2634571575e19583b5f",
    "meta": {
      "served_by": "v3-prod",
      "served_by_region": "APAC",
      "served_by_colo": "SIN",
      "served_by_primary": true,
      "timings": {
        "sql_duration_ms": 4266.2383
      },
      "duration": 4266.2383,
      "changes": 48382,
      "last_row_id": 32323,
      "changed_db": true,
      "size_after": 134029312,
      "rows_read": 16059,
      "rows_written": 64441,
      "num_tables": 2,
      "total_attempts": 1
    }
  }
]
⚠️  Warning: Unsupported macOS version detected (12.6.0). The Cloudflare Workers runtime may not work correctly on macOS versions below 13.5.0. Consider upgrading to macOS 13.5.0+ or using a DevContainer setup with a supported version of Linux (glibc 2.35+ required).

 ⛅️ wrangler 3.114.17 (update available 4.83.0)
-----------------------------------------------

[33m▲ [43;33m[[43;30mWARNING[43;33m][0m [1mThe version of Wrangler you are using is now out-of-date.[0m

  Please update to the latest version to prevent critical errors.
  Run `npm install --save-dev wrangler@4` to update to the latest version.
  After installation, run Wrangler with `npx wrangler`.


[33m▲ [43;33m[[43;30mWARNING[43;33m][0m [1m⚠️ This process may take some time, during which your D1 database will be unavailable to serve queries.[0m


🌀 Executing on remote database tmdb-seo (ed9a3474-da58-4d3f-b954-a7f55ae525d0):
🌀 To execute on your local development database, remove the --remote flag from your wrangler command.
Note: if the execution fails to complete, your DB will return to its original state and you can safely retry.
├ Checking if file needs uploading
│
├ 🌀 Uploading ed9a3474-da58-4d3f-b954-a7f55ae525d0.2fc8e9d0d3ae39a7.sql
│ 🌀 Uploading complete.
│
🌀 Starting import...
🌀 Processed 20239 queries.
🌀 Processed 40433 queries.
🌀 Processed 60792 queries.
🌀 Processed 74255 queries.
🚣 Executed 74255 queries in 6413.29ms (0 rows read, 74255 rows written)
   Database is currently at bookmark 00000004-00008eaf-00005052-f2f3b6ace42c19b33d6d6e3828791736.
[
  {
    "results": [
      {
        "Total queries executed": 74255,
        "Rows read": 0,
        "Rows written": 74255,
        "Database size (MB)": "145.78"
      }
    ],
    "success": true,
    "finalBookmark": "00000004-00008eaf-00005052-f2f3b6ace42c19b33d6d6e3828791736",
    "meta": {
      "served_by": "v3-prod",
      "served_by_region": "APAC",
      "served_by_colo": "SIN",
      "served_by_primary": true,
      "timings": {
        "sql_duration_ms": 6413.2888
      },
      "duration": 6413.2888,
      "changes": 74256,
      "last_row_id": 106578,
      "changed_db": true,
      "size_after": 145776640,
      "rows_read": 0,
      "rows_written": 74255,
      "num_tables": 2,
      "total_attempts": 1
    }
  }
]
⚠️  Warning: Unsupported macOS version detected (12.6.0). The Cloudflare Workers runtime may not work correctly on macOS versions below 13.5.0. Consider upgrading to macOS 13.5.0+ or using a DevContainer setup with a supported version of Linux (glibc 2.35+ required).

 ⛅️ wrangler 3.114.17 (update available 4.83.0)
-----------------------------------------------

[33m▲ [43;33m[[43;30mWARNING[43;33m][0m [1mThe version of Wrangler you are using is now out-of-date.[0m

  Please update to the latest version to prevent critical errors.
  Run `npm install --save-dev wrangler@4` to update to the latest version.
  After installation, run Wrangler with `npx wrangler`.


[33m▲ [43;33m[[43;30mWARNING[43;33m][0m [1m⚠️ This process may take some time, during which your D1 database will be unavailable to serve queries.[0m


🌀 Executing on remote database tmdb-seo (ed9a3474-da58-4d3f-b954-a7f55ae525d0):
🌀 To execute on your local development database, remove the --remote flag from your wrangler command.
Note: if the execution fails to complete, your DB will return to its original state and you can safely retry.
├ Checking if file needs uploading
│
├ 🌀 Uploading ed9a3474-da58-4d3f-b954-a7f55ae525d0.bd338612d74531c9.sql
│ 🌀 Uploading complete.
│
🌀 Starting import...
🌀 Processed 20370 queries.
🌀 Processed 40699 queries.
🌀 Processed 60922 queries.
🌀 Processed 74319 queries.
🚣 Executed 74319 queries in 3208.61ms (0 rows read, 74319 rows written)
   Database is currently at bookmark 00000004-0000ab35-00005052-6e35bf5adabd0cb489bad649c102d173.
[
  {
    "results": [
      {
        "Total queries executed": 74319,
        "Rows read": 0,
        "Rows written": 74319,
        "Database size (MB)": "157.50"
      }
    ],
    "success": true,
    "finalBookmark": "00000004-0000ab35-00005052-6e35bf5adabd0cb489bad649c102d173",
    "meta": {
      "served_by": "v3-prod",
      "served_by_region": "APAC",
      "served_by_colo": "SIN",
      "served_by_primary": true,
      "timings": {
        "sql_duration_ms": 3208.6144
      },
      "duration": 3208.6144,
      "changes": 74320,
      "last_row_id": 180897,
      "changed_db": true,
      "size_after": 157503488,
      "rows_read": 0,
      "rows_written": 74319,
      "num_tables": 2,
      "total_attempts": 1
    }
  }
]
⚠️  Warning: Unsupported macOS version detected (12.6.0). The Cloudflare Workers runtime may not work correctly on macOS versions below 13.5.0. Consider upgrading to macOS 13.5.0+ or using a DevContainer setup with a supported version of Linux (glibc 2.35+ required).

 ⛅️ wrangler 3.114.17 (update available 4.83.0)
-----------------------------------------------

[33m▲ [43;33m[[43;30mWARNING[43;33m][0m [1mThe version of Wrangler you are using is now out-of-date.[0m

  Please update to the latest version to prevent critical errors.
  Run `npm install --save-dev wrangler@4` to update to the latest version.
  After installation, run Wrangler with `npx wrangler`.


[33m▲ [43;33m[[43;30mWARNING[43;33m][0m [1m⚠️ This process may take some time, during which your D1 database will be unavailable to serve queries.[0m


🌀 Executing on remote database tmdb-seo (ed9a3474-da58-4d3f-b954-a7f55ae525d0):
🌀 To execute on your local development database, remove the --remote flag from your wrangler command.
Note: if the execution fails to complete, your DB will return to its original state and you can safely retry.
├ Checking if file needs uploading
│
├ 🌀 Uploading ed9a3474-da58-4d3f-b954-a7f55ae525d0.00785ea7d67c2efd.sql
│ 🌀 Uploading complete.
│
🌀 Starting import...
🌀 Processed 20215 queries.
🌀 Processed 40558 queries.
🌀 Processed 60887 queries.
🌀 Processed 74302 queries.
🚣 Executed 74302 queries in 2820.95ms (0 rows read, 74302 rows written)
   Database is currently at bookmark 00000004-0000bd3f-00005052-4bbfac6a5fed98051baff00609715b08.
[
  {
    "results": [
      {
        "Total queries executed": 74302,
        "Rows read": 0,
        "Rows written": 74302,
        "Database size (MB)": "169.25"
      }
    ],
    "success": true,
    "finalBookmark": "00000004-0000bd3f-00005052-4bbfac6a5fed98051baff00609715b08",
    "meta": {
      "served_by": "v3-prod",
      "served_by_region": "APAC",
      "served_by_colo": "SIN",
      "served_by_primary": true,
      "timings": {
        "sql_duration_ms": 2820.9503
      },
      "duration": 2820.9503,
      "changes": 74303,
      "last_row_id": 255199,
      "changed_db": true,
      "size_after": 169250816,
      "rows_read": 0,
      "rows_written": 74302,
      "num_tables": 2,
      "total_attempts": 1
    }
  }
]
⚠️  Warning: Unsupported macOS version detected (12.6.0). The Cloudflare Workers runtime may not work correctly on macOS versions below 13.5.0. Consider upgrading to macOS 13.5.0+ or using a DevContainer setup with a supported version of Linux (glibc 2.35+ required).

 ⛅️ wrangler 3.114.17 (update available 4.83.0)
-----------------------------------------------

[33m▲ [43;33m[[43;30mWARNING[43;33m][0m [1mThe version of Wrangler you are using is now out-of-date.[0m

  Please update to the latest version to prevent critical errors.
  Run `npm install --save-dev wrangler@4` to update to the latest version.
  After installation, run Wrangler with `npx wrangler`.


[33m▲ [43;33m[[43;30mWARNING[43;33m][0m [1m⚠️ This process may take some time, during which your D1 database will be unavailable to serve queries.[0m


🌀 Executing on remote database tmdb-seo (ed9a3474-da58-4d3f-b954-a7f55ae525d0):
🌀 To execute on your local development database, remove the --remote flag from your wrangler command.
Note: if the execution fails to complete, your DB will return to its original state and you can safely retry.
├ Checking if file needs uploading
│
├ 🌀 Uploading ed9a3474-da58-4d3f-b954-a7f55ae525d0.f30d7085b1ddb51e.sql
│ 🌀 Uploading complete.
│
🌀 Starting import...
🌀 Processed 20184 queries.
🌀 Processed 40348 queries.
🌀 Processed 60714 queries.
🌀 Processed 74067 queries.
🚣 Executed 74067 queries in 3341.20ms (0 rows read, 74067 rows written)
   Database is currently at bookmark 00000004-0000d9c5-00005052-1a03d565e9e8579337ab862fe7b6fcfa.
[
  {
    "results": [
      {
        "Total queries executed": 74067,
        "Rows read": 0,
        "Rows written": 74067,
        "Database size (MB)": "181.00"
      }
    ],
    "success": true,
    "finalBookmark": "00000004-0000d9c5-00005052-1a03d565e9e8579337ab862fe7b6fcfa",
    "meta": {
      "served_by": "v3-prod",
      "served_by_region": "APAC",
      "served_by_colo": "SIN",
      "served_by_primary": true,
      "timings": {
        "sql_duration_ms": 3341.2007
      },
      "duration": 3341.2007,
      "changes": 74068,
      "last_row_id": 329266,
      "changed_db": true,
      "size_after": 180998144,
      "rows_read": 0,
      "rows_written": 74067,
      "num_tables": 2,
      "total_attempts": 1
    }
  }
]
⚠️  Warning: Unsupported macOS version detected (12.6.0). The Cloudflare Workers runtime may not work correctly on macOS versions below 13.5.0. Consider upgrading to macOS 13.5.0+ or using a DevContainer setup with a supported version of Linux (glibc 2.35+ required).

 ⛅️ wrangler 3.114.17 (update available 4.83.0)
-----------------------------------------------

[33m▲ [43;33m[[43;30mWARNING[43;33m][0m [1mThe version of Wrangler you are using is now out-of-date.[0m

  Please update to the latest version to prevent critical errors.
  Run `npm install --save-dev wrangler@4` to update to the latest version.
  After installation, run Wrangler with `npx wrangler`.


[33m▲ [43;33m[[43;30mWARNING[43;33m][0m [1m⚠️ This process may take some time, during which your D1 database will be unavailable to serve queries.[0m


🌀 Executing on remote database tmdb-seo (ed9a3474-da58-4d3f-b954-a7f55ae525d0):
🌀 To execute on your local development database, remove the --remote flag from your wrangler command.
Note: if the execution fails to complete, your DB will return to its original state and you can safely retry.
├ Checking if file needs uploading
│
├ 🌀 Uploading ed9a3474-da58-4d3f-b954-a7f55ae525d0.658a151f673ed604.sql
│ 🌀 Uploading complete.
│
🌀 Starting import...
🌀 Processed 20264 queries.
🌀 Processed 40701 queries.
🌀 Processed 60973 queries.
🌀 Processed 74433 queries.
🚣 Executed 74433 queries in 5592.15ms (0 rows read, 74433 rows written)
   Database is currently at bookmark 00000004-0000f649-00005052-e14068cbc99fbfe36f4d1d4a0f589ebd.
[
  {
    "results": [
      {
        "Total queries executed": 74433,
        "Rows read": 0,
        "Rows written": 74433,
        "Database size (MB)": "192.73"
      }
    ],
    "success": true,
    "finalBookmark": "00000004-0000f649-00005052-e14068cbc99fbfe36f4d1d4a0f589ebd",
    "meta": {
      "served_by": "v3-prod",
      "served_by_region": "APAC",
      "served_by_colo": "SIN",
      "served_by_primary": true,
      "timings": {
        "sql_duration_ms": 5592.1466
      },
      "duration": 5592.1466,
      "changes": 74434,
      "last_row_id": 403699,
      "changed_db": true,
      "size_after": 192733184,
      "rows_read": 0,
      "rows_written": 74433,
      "num_tables": 2,
      "total_attempts": 1
    }
  }
]
⚠️  Warning: Unsupported macOS version detected (12.6.0). The Cloudflare Workers runtime may not work correctly on macOS versions below 13.5.0. Consider upgrading to macOS 13.5.0+ or using a DevContainer setup with a supported version of Linux (glibc 2.35+ required).

 ⛅️ wrangler 3.114.17 (update available 4.83.0)
-----------------------------------------------

[33m▲ [43;33m[[43;30mWARNING[43;33m][0m [1mThe version of Wrangler you are using is now out-of-date.[0m

  Please update to the latest version to prevent critical errors.
  Run `npm install --save-dev wrangler@4` to update to the latest version.
  After installation, run Wrangler with `npx wrangler`.


[33m▲ [43;33m[[43;30mWARNING[43;33m][0m [1m⚠️ This process may take some time, during which your D1 database will be unavailable to serve queries.[0m


🌀 Executing on remote database tmdb-seo (ed9a3474-da58-4d3f-b954-a7f55ae525d0):
🌀 To execute on your local development database, remove the --remote flag from your wrangler command.
Note: if the execution fails to complete, your DB will return to its original state and you can safely retry.
├ Checking if file needs uploading
│
├ 🌀 Uploading ed9a3474-da58-4d3f-b954-a7f55ae525d0.a2eee2580ebb770b.sql
│ 🌀 Uploading complete.
│
🌀 Starting import...
🌀 Processed 20255 queries.
🌀 Processed 40439 queries.
🌀 Processed 60575 queries.
🌀 Processed 73985 queries.
🚣 Executed 73985 queries in 2975.43ms (0 rows read, 73985 rows written)
   Database is currently at bookmark 00000004-00010ab4-00005052-9f7d652118e825cb86d9bb651f59aa5e.
[
  {
    "results": [
      {
        "Total queries executed": 73985,
        "Rows read": 0,
        "Rows written": 73985,
        "Database size (MB)": "204.48"
      }
    ],
    "success": true,
    "finalBookmark": "00000004-00010ab4-00005052-9f7d652118e825cb86d9bb651f59aa5e",
    "meta": {
      "served_by": "v3-prod",
      "served_by_region": "APAC",
      "served_by_colo": "SIN",
      "served_by_primary": true,
      "timings": {
        "sql_duration_ms": 2975.4336
      },
      "duration": 2975.4336,
      "changes": 73986,
      "last_row_id": 477684,
      "changed_db": true,
      "size_after": 204480512,
      "rows_read": 0,
      "rows_written": 73985,
      "num_tables": 2,
      "total_attempts": 1
    }
  }
]
⚠️  Warning: Unsupported macOS version detected (12.6.0). The Cloudflare Workers runtime may not work correctly on macOS versions below 13.5.0. Consider upgrading to macOS 13.5.0+ or using a DevContainer setup with a supported version of Linux (glibc 2.35+ required).

 ⛅️ wrangler 3.114.17 (update available 4.83.0)
-----------------------------------------------

[33m▲ [43;33m[[43;30mWARNING[43;33m][0m [1mThe version of Wrangler you are using is now out-of-date.[0m

  Please update to the latest version to prevent critical errors.
  Run `npm install --save-dev wrangler@4` to update to the latest version.
  After installation, run Wrangler with `npx wrangler`.


[33m▲ [43;33m[[43;30mWARNING[43;33m][0m [1m⚠️ This process may take some time, during which your D1 database will be unavailable to serve queries.[0m


🌀 Executing on remote database tmdb-seo (ed9a3474-da58-4d3f-b954-a7f55ae525d0):
🌀 To execute on your local development database, remove the --remote flag from your wrangler command.
Note: if the execution fails to complete, your DB will return to its original state and you can safely retry.
├ Checking if file needs uploading
│
├ 🌀 Uploading ed9a3474-da58-4d3f-b954-a7f55ae525d0.9b19f8d4c36c5e79.sql
│ 🌀 Uploading complete.
│
🌀 Starting import...
🌀 Processed 20252 queries.
🌀 Processed 40522 queries.
🌀 Processed 60758 queries.
🌀 Processed 74279 queries.
🚣 Executed 74279 queries in 3819.85ms (0 rows read, 74279 rows written)
   Database is currently at bookmark 00000004-0001273a-00005052-812030a4c0a336950942f4c71acd06ab.
[
  {
    "results": [
      {
        "Total queries executed": 74279,
        "Rows read": 0,
        "Rows written": 74279,
        "Database size (MB)": "216.23"
      }
    ],
    "success": true,
    "finalBookmark": "00000004-0001273a-00005052-812030a4c0a336950942f4c71acd06ab",
    "meta": {
      "served_by": "v3-prod",
      "served_by_region": "APAC",
      "served_by_colo": "SIN",
      "served_by_primary": true,
      "timings": {
        "sql_duration_ms": 3819.8476
      },
      "duration": 3819.8476,
      "changes": 74280,
      "last_row_id": 551963,
      "changed_db": true,
      "size_after": 216227840,
      "rows_read": 0,
      "rows_written": 74279,
      "num_tables": 2,
      "total_attempts": 1
    }
  }
]
⚠️  Warning: Unsupported macOS version detected (12.6.0). The Cloudflare Workers runtime may not work correctly on macOS versions below 13.5.0. Consider upgrading to macOS 13.5.0+ or using a DevContainer setup with a supported version of Linux (glibc 2.35+ required).

 ⛅️ wrangler 3.114.17 (update available 4.83.0)
-----------------------------------------------

[33m▲ [43;33m[[43;30mWARNING[43;33m][0m [1mThe version of Wrangler you are using is now out-of-date.[0m

  Please update to the latest version to prevent critical errors.
  Run `npm install --save-dev wrangler@4` to update to the latest version.
  After installation, run Wrangler with `npx wrangler`.


[33m▲ [43;33m[[43;30mWARNING[43;33m][0m [1m⚠️ This process may take some time, during which your D1 database will be unavailable to serve queries.[0m


🌀 Executing on remote database tmdb-seo (ed9a3474-da58-4d3f-b954-a7f55ae525d0):
🌀 To execute on your local development database, remove the --remote flag from your wrangler command.
Note: if the execution fails to complete, your DB will return to its original state and you can safely retry.
├ Checking if file needs uploading
│
├ 🌀 Uploading ed9a3474-da58-4d3f-b954-a7f55ae525d0.7598ec8f9b03b1f7.sql
│ 🌀 Uploading complete.
│
🌀 Starting import...
🌀 Processed 20309 queries.
🌀 Processed 40581 queries.
🌀 Processed 60697 queries.
🌀 Processed 74085 queries.
🚣 Executed 74085 queries in 3974.87ms (0 rows read, 74085 rows written)
   Database is currently at bookmark 00000004-000143c0-00005052-63d122e76ebb64e26b82a53278b3b44c.
[
  {
    "results": [
      {
        "Total queries executed": 74085,
        "Rows read": 0,
        "Rows written": 74085,
        "Database size (MB)": "227.96"
      }
    ],
    "success": true,
    "finalBookmark": "00000004-000143c0-00005052-63d122e76ebb64e26b82a53278b3b44c",
    "meta": {
      "served_by": "v3-prod",
      "served_by_region": "APAC",
      "served_by_colo": "SIN",
      "served_by_primary": true,
      "timings": {
        "sql_duration_ms": 3974.8743
      },
      "duration": 3974.8743,
      "changes": 74086,
      "last_row_id": 626048,
      "changed_db": true,
      "size_after": 227962880,
      "rows_read": 0,
      "rows_written": 74085,
      "num_tables": 2,
      "total_attempts": 1
    }
  }
]
⚠️  Warning: Unsupported macOS version detected (12.6.0). The Cloudflare Workers runtime may not work correctly on macOS versions below 13.5.0. Consider upgrading to macOS 13.5.0+ or using a DevContainer setup with a supported version of Linux (glibc 2.35+ required).

 ⛅️ wrangler 3.114.17 (update available 4.83.0)
-----------------------------------------------

[33m▲ [43;33m[[43;30mWARNING[43;33m][0m [1mThe version of Wrangler you are using is now out-of-date.[0m

  Please update to the latest version to prevent critical errors.
  Run `npm install --save-dev wrangler@4` to update to the latest version.
  After installation, run Wrangler with `npx wrangler`.


[33m▲ [43;33m[[43;30mWARNING[43;33m][0m [1m⚠️ This process may take some time, during which your D1 database will be unavailable to serve queries.[0m


🌀 Executing on remote database tmdb-seo (ed9a3474-da58-4d3f-b954-a7f55ae525d0):
🌀 To execute on your local development database, remove the --remote flag from your wrangler command.
Note: if the execution fails to complete, your DB will return to its original state and you can safely retry.
├ Checking if file needs uploading
│
├ 🌀 Uploading ed9a3474-da58-4d3f-b954-a7f55ae525d0.0e5ae49a48556fe4.sql
│ 🌀 Uploading complete.
│
🌀 Starting import...
🌀 Processed 20226 queries.
🌀 Processed 40534 queries.
🌀 Processed 60754 queries.
🌀 Processed 74166 queries.
🚣 Executed 74166 queries in 3361.41ms (0 rows read, 74166 rows written)
   Database is currently at bookmark 00000004-00016046-00005052-5a19a6a5874dedf7e4260427269af794.
[
  {
    "results": [
      {
        "Total queries executed": 74166,
        "Rows read": 0,
        "Rows written": 74166,
        "Database size (MB)": "239.72"
      }
    ],
    "success": true,
    "finalBookmark": "00000004-00016046-00005052-5a19a6a5874dedf7e4260427269af794",
    "meta": {
      "served_by": "v3-prod",
      "served_by_region": "APAC",
      "served_by_colo": "SIN",
      "served_by_primary": true,
      "timings": {
        "sql_duration_ms": 3361.4116
      },
      "duration": 3361.4116,
      "changes": 74167,
      "last_row_id": 700214,
      "changed_db": true,
      "size_after": 239718400,
      "rows_read": 0,
      "rows_written": 74166,
      "num_tables": 2,
      "total_attempts": 1
    }
  }
]
⚠️  Warning: Unsupported macOS version detected (12.6.0). The Cloudflare Workers runtime may not work correctly on macOS versions below 13.5.0. Consider upgrading to macOS 13.5.0+ or using a DevContainer setup with a supported version of Linux (glibc 2.35+ required).

 ⛅️ wrangler 3.114.17 (update available 4.83.0)
-----------------------------------------------

[33m▲ [43;33m[[43;30mWARNING[43;33m][0m [1mThe version of Wrangler you are using is now out-of-date.[0m

  Please update to the latest version to prevent critical errors.
  Run `npm install --save-dev wrangler@4` to update to the latest version.
  After installation, run Wrangler with `npx wrangler`.


[33m▲ [43;33m[[43;30mWARNING[43;33m][0m [1m⚠️ This process may take some time, during which your D1 database will be unavailable to serve queries.[0m


🌀 Executing on remote database tmdb-seo (ed9a3474-da58-4d3f-b954-a7f55ae525d0):
🌀 To execute on your local development database, remove the --remote flag from your wrangler command.
Note: if the execution fails to complete, your DB will return to its original state and you can safely retry.
├ Checking if file needs uploading
│
├ 🌀 Uploading ed9a3474-da58-4d3f-b954-a7f55ae525d0.4feb3cd40c3206b4.sql
│ 🌀 Uploading complete.
│
🌀 Starting import...
🌀 Processed 20270 queries.
🌀 Processed 40634 queries.
🌀 Processed 60946 queries.
🌀 Processed 74337 queries.
🚣 Executed 74337 queries in 3785.70ms (0 rows read, 74337 rows written)
   Database is currently at bookmark 00000004-0001732a-00005052-59ac351fe637f38afbf739a3a24b40e2.
[
  {
    "results": [
      {
        "Total queries executed": 74337,
        "Rows read": 0,
        "Rows written": 74337,
        "Database size (MB)": "251.45"
      }
    ],
    "success": true,
    "finalBookmark": "00000004-0001732a-00005052-59ac351fe637f38afbf739a3a24b40e2",
    "meta": {
      "served_by": "v3-prod",
      "served_by_region": "APAC",
      "served_by_colo": "SIN",
      "served_by_primary": true,
      "timings": {
        "sql_duration_ms": 3785.7007
      },
      "duration": 3785.7007,
      "changes": 74338,
      "last_row_id": 774551,
      "changed_db": true,
      "size_after": 251449344,
      "rows_read": 0,
      "rows_written": 74337,
      "num_tables": 2,
      "total_attempts": 1
    }
  }
]
⚠️  Warning: Unsupported macOS version detected (12.6.0). The Cloudflare Workers runtime may not work correctly on macOS versions below 13.5.0. Consider upgrading to macOS 13.5.0+ or using a DevContainer setup with a supported version of Linux (glibc 2.35+ required).

 ⛅️ wrangler 3.114.17 (update available 4.83.0)
-----------------------------------------------

[33m▲ [43;33m[[43;30mWARNING[43;33m][0m [1mThe version of Wrangler you are using is now out-of-date.[0m

  Please update to the latest version to prevent critical errors.
  Run `npm install --save-dev wrangler@4` to update to the latest version.
  After installation, run Wrangler with `npx wrangler`.


[33m▲ [43;33m[[43;30mWARNING[43;33m][0m [1m⚠️ This process may take some time, during which your D1 database will be unavailable to serve queries.[0m


🌀 Executing on remote database tmdb-seo (ed9a3474-da58-4d3f-b954-a7f55ae525d0):
🌀 To execute on your local development database, remove the --remote flag from your wrangler command.
Note: if the execution fails to complete, your DB will return to its original state and you can safely retry.
├ Checking if file needs uploading
│
├ 🌀 Uploading ed9a3474-da58-4d3f-b954-a7f55ae525d0.43eb82be06590977.sql
│ 🌀 Uploading complete.
│
🌀 Starting import...
🌀 Processed 20201 queries.
🌀 Processed 40468 queries.
🌀 Processed 60829 queries.
🌀 Processed 74289 queries.
🚣 Executed 74289 queries in 3746.99ms (0 rows read, 74289 rows written)
   Database is currently at bookmark 00000004-00018fb0-00005052-10e344a878d278bab0462c4d5ca60453.
[
  {
    "results": [
      {
        "Total queries executed": 74289,
        "Rows read": 0,
        "Rows written": 74289,
        "Database size (MB)": "263.20"
      }
    ],
    "success": true,
    "finalBookmark": "00000004-00018fb0-00005052-10e344a878d278bab0462c4d5ca60453",
    "meta": {
      "served_by": "v3-prod",
      "served_by_region": "APAC",
      "served_by_colo": "SIN",
      "served_by_primary": true,
      "timings": {
        "sql_duration_ms": 3746.9884
      },
      "duration": 3746.9884,
      "changes": 74290,
      "last_row_id": 848840,
      "changed_db": true,
      "size_after": 263196672,
      "rows_read": 0,
      "rows_written": 74289,
      "num_tables": 2,
      "total_attempts": 1
    }
  }
]
⚠️  Warning: Unsupported macOS version detected (12.6.0). The Cloudflare Workers runtime may not work correctly on macOS versions below 13.5.0. Consider upgrading to macOS 13.5.0+ or using a DevContainer setup with a supported version of Linux (glibc 2.35+ required).

 ⛅️ wrangler 3.114.17 (update available 4.83.0)
-----------------------------------------------

[33m▲ [43;33m[[43;30mWARNING[43;33m][0m [1mThe version of Wrangler you are using is now out-of-date.[0m

  Please update to the latest version to prevent critical errors.
  Run `npm install --save-dev wrangler@4` to update to the latest version.
  After installation, run Wrangler with `npx wrangler`.


[33m▲ [43;33m[[43;30mWARNING[43;33m][0m [1m⚠️ This process may take some time, during which your D1 database will be unavailable to serve queries.[0m


🌀 Executing on remote database tmdb-seo (ed9a3474-da58-4d3f-b954-a7f55ae525d0):
🌀 To execute on your local development database, remove the --remote flag from your wrangler command.
Note: if the execution fails to complete, your DB will return to its original state and you can safely retry.
├ Checking if file needs uploading
│
├ 🌀 Uploading ed9a3474-da58-4d3f-b954-a7f55ae525d0.1d246f09a23b87f6.sql
│ 🌀 Uploading complete.
│
🌀 Starting import...
🌀 Processed 20307 queries.
🌀 Processed 40570 queries.
🌀 Processed 60705 queries.
🌀 Processed 74125 queries.
🚣 Executed 74125 queries in 3033.91ms (0 rows read, 74125 rows written)
   Database is currently at bookmark 00000004-0001ac36-00005052-d201c6354fbd825ba5626b4f7088dd39.
[
  {
    "results": [
      {
        "Total queries executed": 74125,
        "Rows read": 0,
        "Rows written": 74125,
        "Database size (MB)": "274.94"
      }
    ],
    "success": true,
    "finalBookmark": "00000004-0001ac36-00005052-d201c6354fbd825ba5626b4f7088dd39",
    "meta": {
      "served_by": "v3-prod",
      "served_by_region": "APAC",
      "served_by_colo": "SIN",
      "served_by_primary": true,
      "timings": {
        "sql_duration_ms": 3033.9075
      },
      "duration": 3033.9075,
      "changes": 74126,
      "last_row_id": 922965,
      "changed_db": true,
      "size_after": 274939904,
      "rows_read": 0,
      "rows_written": 74125,
      "num_tables": 2,
      "total_attempts": 1
    }
  }
]
⚠️  Warning: Unsupported macOS version detected (12.6.0). The Cloudflare Workers runtime may not work correctly on macOS versions below 13.5.0. Consider upgrading to macOS 13.5.0+ or using a DevContainer setup with a supported version of Linux (glibc 2.35+ required).

 ⛅️ wrangler 3.114.17 (update available 4.83.0)
-----------------------------------------------

[33m▲ [43;33m[[43;30mWARNING[43;33m][0m [1mThe version of Wrangler you are using is now out-of-date.[0m

  Please update to the latest version to prevent critical errors.
  Run `npm install --save-dev wrangler@4` to update to the latest version.
  After installation, run Wrangler with `npx wrangler`.


[33m▲ [43;33m[[43;30mWARNING[43;33m][0m [1m⚠️ This process may take some time, during which your D1 database will be unavailable to serve queries.[0m


🌀 Executing on remote database tmdb-seo (ed9a3474-da58-4d3f-b954-a7f55ae525d0):
🌀 To execute on your local development database, remove the --remote flag from your wrangler command.
Note: if the execution fails to complete, your DB will return to its original state and you can safely retry.
├ Checking if file needs uploading
│
├ 🌀 Uploading ed9a3474-da58-4d3f-b954-a7f55ae525d0.e817e2ea86e2dfc2.sql
│ 🌀 Uploading complete.
│
🌀 Starting import...
🌀 Processed 20349 queries.
🌀 Processed 40621 queries.
🌀 Processed 60901 queries.
🌀 Processed 74358 queries.
🚣 Executed 74358 queries in 3349.85ms (0 rows read, 74358 rows written)
   Database is currently at bookmark 00000004-0001c8bc-00005052-2fa79996d212579eb288c3f99957c73e.
[
  {
    "results": [
      {
        "Total queries executed": 74358,
        "Rows read": 0,
        "Rows written": 74358,
        "Database size (MB)": "286.68"
      }
    ],
    "success": true,
    "finalBookmark": "00000004-0001c8bc-00005052-2fa79996d212579eb288c3f99957c73e",
    "meta": {
      "served_by": "v3-prod",
      "served_by_region": "APAC",
      "served_by_colo": "SIN",
      "served_by_primary": true,
      "timings": {
        "sql_duration_ms": 3349.8462
      },
      "duration": 3349.8462,
      "changes": 74359,
      "last_row_id": 997323,
      "changed_db": true,
      "size_after": 286679040,
      "rows_read": 0,
      "rows_written": 74358,
      "num_tables": 2,
      "total_attempts": 1
    }
  }
]
⚠️  Warning: Unsupported macOS version detected (12.6.0). The Cloudflare Workers runtime may not work correctly on macOS versions below 13.5.0. Consider upgrading to macOS 13.5.0+ or using a DevContainer setup with a supported version of Linux (glibc 2.35+ required).

 ⛅️ wrangler 3.114.17 (update available 4.83.0)
-----------------------------------------------

[33m▲ [43;33m[[43;30mWARNING[43;33m][0m [1mThe version of Wrangler you are using is now out-of-date.[0m

  Please update to the latest version to prevent critical errors.
  Run `npm install --save-dev wrangler@4` to update to the latest version.
  After installation, run Wrangler with `npx wrangler`.


[33m▲ [43;33m[[43;30mWARNING[43;33m][0m [1m⚠️ This process may take some time, during which your D1 database will be unavailable to serve queries.[0m


🌀 Executing on remote database tmdb-seo (ed9a3474-da58-4d3f-b954-a7f55ae525d0):
🌀 To execute on your local development database, remove the --remote flag from your wrangler command.
Note: if the execution fails to complete, your DB will return to its original state and you can safely retry.
├ Checking if file needs uploading
│
├ 🌀 Uploading ed9a3474-da58-4d3f-b954-a7f55ae525d0.5454ae448e6f0e14.sql
│ 🌀 Uploading complete.
│
🌀 Starting import...
🌀 Processed 20219 queries.
🌀 Processed 40445 queries.
🌀 Processed 60683 queries.
🌀 Processed 74199 queries.
🚣 Executed 74199 queries in 4130.44ms (0 rows read, 74199 rows written)
   Database is currently at bookmark 00000004-0001e544-00005052-9b1da7c681d12459a42cfdf5b8c6d665.
[
  {
    "results": [
      {
        "Total queries executed": 74199,
        "Rows read": 0,
        "Rows written": 74199,
        "Database size (MB)": "298.42"
      }
    ],
    "success": true,
    "finalBookmark": "00000004-0001e544-00005052-9b1da7c681d12459a42cfdf5b8c6d665",
    "meta": {
      "served_by": "v3-prod",
      "served_by_region": "APAC",
      "served_by_colo": "SIN",
      "served_by_primary": true,
      "timings": {
        "sql_duration_ms": 4130.4414
      },
      "duration": 4130.4414,
      "changes": 74200,
      "last_row_id": 1071522,
      "changed_db": true,
      "size_after": 298422272,
      "rows_read": 0,
      "rows_written": 74199,
      "num_tables": 2,
      "total_attempts": 1
    }
  }
]
⚠️  Warning: Unsupported macOS version detected (12.6.0). The Cloudflare Workers runtime may not work correctly on macOS versions below 13.5.0. Consider upgrading to macOS 13.5.0+ or using a DevContainer setup with a supported version of Linux (glibc 2.35+ required).

 ⛅️ wrangler 3.114.17 (update available 4.83.0)
-----------------------------------------------

[33m▲ [43;33m[[43;30mWARNING[43;33m][0m [1mThe version of Wrangler you are using is now out-of-date.[0m

  Please update to the latest version to prevent critical errors.
  Run `npm install --save-dev wrangler@4` to update to the latest version.
  After installation, run Wrangler with `npx wrangler`.


[33m▲ [43;33m[[43;30mWARNING[43;33m][0m [1m⚠️ This process may take some time, during which your D1 database will be unavailable to serve queries.[0m


🌀 Executing on remote database tmdb-seo (ed9a3474-da58-4d3f-b954-a7f55ae525d0):
🌀 To execute on your local development database, remove the --remote flag from your wrangler command.
Note: if the execution fails to complete, your DB will return to its original state and you can safely retry.
├ Checking if file needs uploading
│
├ 🌀 Uploading ed9a3474-da58-4d3f-b954-a7f55ae525d0.c367f949de5eab1b.sql
│ 🌀 Uploading complete.
│
🌀 Starting import...
🌀 Processed 20363 queries.
🌀 Processed 40621 queries.
🌀 Processed 60816 queries.
🌀 Processed 74143 queries.
🚣 Executed 74143 queries in 2662.48ms (0 rows read, 74143 rows written)
   Database is currently at bookmark 00000004-0001f53b-00005052-dfb54a43817faa90849e53567a3cab31.
[
  {
    "results": [
      {
        "Total queries executed": 74143,
        "Rows read": 0,
        "Rows written": 74143,
        "Database size (MB)": "310.17"
      }
    ],
    "success": true,
    "finalBookmark": "00000004-0001f53b-00005052-dfb54a43817faa90849e53567a3cab31",
    "meta": {
      "served_by": "v3-prod",
      "served_by_region": "APAC",
      "served_by_colo": "SIN",
      "served_by_primary": true,
      "timings": {
        "sql_duration_ms": 2662.4774
      },
      "duration": 2662.4774,
      "changes": 74144,
      "last_row_id": 1145665,
      "changed_db": true,
      "size_after": 310165504,
      "rows_read": 0,
      "rows_written": 74143,
      "num_tables": 2,
      "total_attempts": 1
    }
  }
]
⚠️  Warning: Unsupported macOS version detected (12.6.0). The Cloudflare Workers runtime may not work correctly on macOS versions below 13.5.0. Consider upgrading to macOS 13.5.0+ or using a DevContainer setup with a supported version of Linux (glibc 2.35+ required).

 ⛅️ wrangler 3.114.17 (update available 4.83.0)
-----------------------------------------------

[33m▲ [43;33m[[43;30mWARNING[43;33m][0m [1mThe version of Wrangler you are using is now out-of-date.[0m

  Please update to the latest version to prevent critical errors.
  Run `npm install --save-dev wrangler@4` to update to the latest version.
  After installation, run Wrangler with `npx wrangler`.


[33m▲ [43;33m[[43;30mWARNING[43;33m][0m [1m⚠️ This process may take some time, during which your D1 database will be unavailable to serve queries.[0m


🌀 Executing on remote database tmdb-seo (ed9a3474-da58-4d3f-b954-a7f55ae525d0):
🌀 To execute on your local development database, remove the --remote flag from your wrangler command.
Note: if the execution fails to complete, your DB will return to its original state and you can safely retry.
├ Checking if file needs uploading
│
├ 🌀 Uploading ed9a3474-da58-4d3f-b954-a7f55ae525d0.a0206df9a7b44051.sql
│ 🌀 Uploading complete.
│
🌀 Starting import...
🌀 Processed 20332 queries.
🌀 Processed 40652 queries.
🌀 Processed 60938 queries.
🌀 Processed 74367 queries.
🚣 Executed 74367 queries in 3688.53ms (0 rows read, 74367 rows written)
   Database is currently at bookmark 00000004-000211c1-00005052-f5f57363c3ff57bceb7af959177403fa.
[
  {
    "results": [
      {
        "Total queries executed": 74367,
        "Rows read": 0,
        "Rows written": 74367,
        "Database size (MB)": "321.90"
      }
    ],
    "success": true,
    "finalBookmark": "00000004-000211c1-00005052-f5f57363c3ff57bceb7af959177403fa",
    "meta": {
      "served_by": "v3-prod",
      "served_by_region": "APAC",
      "served_by_colo": "SIN",
      "served_by_primary": true,
      "timings": {
        "sql_duration_ms": 3688.5282
      },
      "duration": 3688.5282,
      "changes": 74368,
      "last_row_id": 1220032,
      "changed_db": true,
      "size_after": 321904640,
      "rows_read": 0,
      "rows_written": 74367,
      "num_tables": 2,
      "total_attempts": 1
    }
  }
]
⚠️  Warning: Unsupported macOS version detected (12.6.0). The Cloudflare Workers runtime may not work correctly on macOS versions below 13.5.0. Consider upgrading to macOS 13.5.0+ or using a DevContainer setup with a supported version of Linux (glibc 2.35+ required).

 ⛅️ wrangler 3.114.17 (update available 4.83.0)
-----------------------------------------------

[33m▲ [43;33m[[43;30mWARNING[43;33m][0m [1mThe version of Wrangler you are using is now out-of-date.[0m

  Please update to the latest version to prevent critical errors.
  Run `npm install --save-dev wrangler@4` to update to the latest version.
  After installation, run Wrangler with `npx wrangler`.


[33m▲ [43;33m[[43;30mWARNING[43;33m][0m [1m⚠️ This process may take some time, during which your D1 database will be unavailable to serve queries.[0m


🌀 Executing on remote database tmdb-seo (ed9a3474-da58-4d3f-b954-a7f55ae525d0):
🌀 To execute on your local development database, remove the --remote flag from your wrangler command.
Note: if the execution fails to complete, your DB will return to its original state and you can safely retry.
├ Checking if file needs uploading
│
├ 🌀 Uploading ed9a3474-da58-4d3f-b954-a7f55ae525d0.d99191156d8f307d.sql
│ 🌀 Uploading complete.
│
🌀 Starting import...
🌀 Processed 20222 queries.
🌀 Processed 40464 queries.
🌀 Processed 60686 queries.
🌀 Processed 74046 queries.
🚣 Executed 74046 queries in 4024.87ms (0 rows read, 74046 rows written)
   Database is currently at bookmark 00000004-00022e47-00005052-1fbd66a18a0356da78ba6a3d95079a6a.
[
  {
    "results": [
      {
        "Total queries executed": 74046,
        "Rows read": 0,
        "Rows written": 74046,
        "Database size (MB)": "333.65"
      }
    ],
    "success": true,
    "finalBookmark": "00000004-00022e47-00005052-1fbd66a18a0356da78ba6a3d95079a6a",
    "meta": {
      "served_by": "v3-prod",
      "served_by_region": "APAC",
      "served_by_colo": "SIN",
      "served_by_primary": true,
      "timings": {
        "sql_duration_ms": 4024.8674
      },
      "duration": 4024.8674,
      "changes": 74047,
      "last_row_id": 1294078,
      "changed_db": true,
      "size_after": 333647872,
      "rows_read": 0,
      "rows_written": 74046,
      "num_tables": 2,
      "total_attempts": 1
    }
  }
]
⚠️  Warning: Unsupported macOS version detected (12.6.0). The Cloudflare Workers runtime may not work correctly on macOS versions below 13.5.0. Consider upgrading to macOS 13.5.0+ or using a DevContainer setup with a supported version of Linux (glibc 2.35+ required).

 ⛅️ wrangler 3.114.17 (update available 4.83.0)
-----------------------------------------------

[33m▲ [43;33m[[43;30mWARNING[43;33m][0m [1mThe version of Wrangler you are using is now out-of-date.[0m

  Please update to the latest version to prevent critical errors.
  Run `npm install --save-dev wrangler@4` to update to the latest version.
  After installation, run Wrangler with `npx wrangler`.


[33m▲ [43;33m[[43;30mWARNING[43;33m][0m [1m⚠️ This process may take some time, during which your D1 database will be unavailable to serve queries.[0m


🌀 Executing on remote database tmdb-seo (ed9a3474-da58-4d3f-b954-a7f55ae525d0):
🌀 To execute on your local development database, remove the --remote flag from your wrangler command.
Note: if the execution fails to complete, your DB will return to its original state and you can safely retry.
├ Checking if file needs uploading
│
├ 🌀 Uploading ed9a3474-da58-4d3f-b954-a7f55ae525d0.7fb260d98ade051a.sql
│ 🌀 Uploading complete.
│
🌀 Starting import...
🌀 Processed 20165 queries.
🌀 Processed 40553 queries.
🌀 Processed 60974 queries.
🌀 Processed 74437 queries.
🚣 Executed 74437 queries in 6982.43ms (0 rows read, 74437 rows written)
   Database is currently at bookmark 00000004-00024acb-00005052-d6d92121a96187b24cddf744084b1703.
[
  {
    "results": [
      {
        "Total queries executed": 74437,
        "Rows read": 0,
        "Rows written": 74437,
        "Database size (MB)": "345.39"
      }
    ],
    "success": true,
    "finalBookmark": "00000004-00024acb-00005052-d6d92121a96187b24cddf744084b1703",
    "meta": {
      "served_by": "v3-prod",
      "served_by_region": "APAC",
      "served_by_colo": "SIN",
      "served_by_primary": true,
      "timings": {
        "sql_duration_ms": 6982.4347
      },
      "duration": 6982.4347,
      "changes": 74438,
      "last_row_id": 1368515,
      "changed_db": true,
      "size_after": 345387008,
      "rows_read": 0,
      "rows_written": 74437,
      "num_tables": 2,
      "total_attempts": 1
    }
  }
]
⚠️  Warning: Unsupported macOS version detected (12.6.0). The Cloudflare Workers runtime may not work correctly on macOS versions below 13.5.0. Consider upgrading to macOS 13.5.0+ or using a DevContainer setup with a supported version of Linux (glibc 2.35+ required).

 ⛅️ wrangler 3.114.17 (update available 4.83.0)
-----------------------------------------------

[33m▲ [43;33m[[43;30mWARNING[43;33m][0m [1mThe version of Wrangler you are using is now out-of-date.[0m

  Please update to the latest version to prevent critical errors.
  Run `npm install --save-dev wrangler@4` to update to the latest version.
  After installation, run Wrangler with `npx wrangler`.


[33m▲ [43;33m[[43;30mWARNING[43;33m][0m [1m⚠️ This process may take some time, during which your D1 database will be unavailable to serve queries.[0m


🌀 Executing on remote database tmdb-seo (ed9a3474-da58-4d3f-b954-a7f55ae525d0):
🌀 To execute on your local development database, remove the --remote flag from your wrangler command.
Note: if the execution fails to complete, your DB will return to its original state and you can safely retry.
├ Checking if file needs uploading
│
├ 🌀 Uploading ed9a3474-da58-4d3f-b954-a7f55ae525d0.825c51db6e8d3bf0.sql
│ 🌀 Uploading complete.
│
🌀 Starting import...
🌀 Processed 20346 queries.
🌀 Processed 40701 queries.
🌀 Processed 61057 queries.
🌀 Processed 74468 queries.
🚣 Executed 74468 queries in 3672.15ms (0 rows read, 74468 rows written)
   Database is currently at bookmark 00000004-00026751-00005052-eed12517451d3a31c782c2a022070182.
[
  {
    "results": [
      {
        "Total queries executed": 74468,
        "Rows read": 0,
        "Rows written": 74468,
        "Database size (MB)": "357.12"
      }
    ],
    "success": true,
    "finalBookmark": "00000004-00026751-00005052-eed12517451d3a31c782c2a022070182",
    "meta": {
      "served_by": "v3-prod",
      "served_by_region": "APAC",
      "served_by_colo": "SIN",
      "served_by_primary": true,
      "timings": {
        "sql_duration_ms": 3672.1539
      },
      "duration": 3672.1539,
      "changes": 74469,
      "last_row_id": 1442983,
      "changed_db": true,
      "size_after": 357117952,
      "rows_read": 0,
      "rows_written": 74468,
      "num_tables": 2,
      "total_attempts": 1
    }
  }
]
⚠️  Warning: Unsupported macOS version detected (12.6.0). The Cloudflare Workers runtime may not work correctly on macOS versions below 13.5.0. Consider upgrading to macOS 13.5.0+ or using a DevContainer setup with a supported version of Linux (glibc 2.35+ required).

 ⛅️ wrangler 3.114.17 (update available 4.83.0)
-----------------------------------------------

[33m▲ [43;33m[[43;30mWARNING[43;33m][0m [1mThe version of Wrangler you are using is now out-of-date.[0m

  Please update to the latest version to prevent critical errors.
  Run `npm install --save-dev wrangler@4` to update to the latest version.
  After installation, run Wrangler with `npx wrangler`.


[33m▲ [43;33m[[43;30mWARNING[43;33m][0m [1m⚠️ This process may take some time, during which your D1 database will be unavailable to serve queries.[0m


🌀 Executing on remote database tmdb-seo (ed9a3474-da58-4d3f-b954-a7f55ae525d0):
🌀 To execute on your local development database, remove the --remote flag from your wrangler command.
Note: if the execution fails to complete, your DB will return to its original state and you can safely retry.
├ Checking if file needs uploading
│
├ 🌀 Uploading ed9a3474-da58-4d3f-b954-a7f55ae525d0.5b278ad7b8619ef0.sql
│ 🌀 Uploading complete.
│
🌀 Starting import...
🌀 Processed 20199 queries.
🌀 Processed 40214 queries.
🌀 Processed 60476 queries.
🌀 Processed 73897 queries.
🚣 Executed 73897 queries in 3864.77ms (0 rows read, 73897 rows written)
   Database is currently at bookmark 00000004-000283d7-00005052-397f15c1a4b9bcdcad1c4057b1d4dd17.
[
  {
    "results": [
      {
        "Total queries executed": 73897,
        "Rows read": 0,
        "Rows written": 73897,
        "Database size (MB)": "368.88"
      }
    ],
    "success": true,
    "finalBookmark": "00000004-000283d7-00005052-397f15c1a4b9bcdcad1c4057b1d4dd17",
    "meta": {
      "served_by": "v3-prod",
      "served_by_region": "APAC",
      "served_by_colo": "SIN",
      "served_by_primary": true,
      "timings": {
        "sql_duration_ms": 3864.77
      },
      "duration": 3864.77,
      "changes": 73898,
      "last_row_id": 1516880,
      "changed_db": true,
      "size_after": 368877568,
      "rows_read": 0,
      "rows_written": 73897,
      "num_tables": 2,
      "total_attempts": 1
    }
  }
]
⚠️  Warning: Unsupported macOS version detected (12.6.0). The Cloudflare Workers runtime may not work correctly on macOS versions below 13.5.0. Consider upgrading to macOS 13.5.0+ or using a DevContainer setup with a supported version of Linux (glibc 2.35+ required).

 ⛅️ wrangler 3.114.17 (update available 4.83.0)
-----------------------------------------------

[33m▲ [43;33m[[43;30mWARNING[43;33m][0m [1mThe version of Wrangler you are using is now out-of-date.[0m

  Please update to the latest version to prevent critical errors.
  Run `npm install --save-dev wrangler@4` to update to the latest version.
  After installation, run Wrangler with `npx wrangler`.


[33m▲ [43;33m[[43;30mWARNING[43;33m][0m [1m⚠️ This process may take some time, during which your D1 database will be unavailable to serve queries.[0m


🌀 Executing on remote database tmdb-seo (ed9a3474-da58-4d3f-b954-a7f55ae525d0):
🌀 To execute on your local development database, remove the --remote flag from your wrangler command.
Note: if the execution fails to complete, your DB will return to its original state and you can safely retry.
├ Checking if file needs uploading
│
├ 🌀 Uploading ed9a3474-da58-4d3f-b954-a7f55ae525d0.de4ea7e0f6dceb29.sql
│ 🌀 Uploading complete.
│
🌀 Starting import...
🌀 Processed 20227 queries.
🌀 Processed 40574 queries.
🌀 Processed 60847 queries.
🌀 Processed 74328 queries.
🚣 Executed 74328 queries in 1906.95ms (0 rows read, 74328 rows written)
   Database is currently at bookmark 00000004-00029271-00005052-3dd2e121eb60479fb5ac1c972f2bdc64.
[
  {
    "results": [
      {
        "Total queries executed": 74328,
        "Rows read": 0,
        "Rows written": 74328,
        "Database size (MB)": "380.62"
      }
    ],
    "success": true,
    "finalBookmark": "00000004-00029271-00005052-3dd2e121eb60479fb5ac1c972f2bdc64",
    "meta": {
      "served_by": "v3-prod",
      "served_by_region": "APAC",
      "served_by_colo": "SIN",
      "served_by_primary": true,
      "timings": {
        "sql_duration_ms": 1906.9492
      },
      "duration": 1906.9492,
      "changes": 74329,
      "last_row_id": 1591208,
      "changed_db": true,
      "size_after": 380620800,
      "rows_read": 0,
      "rows_written": 74328,
      "num_tables": 2,
      "total_attempts": 1
    }
  }
]
⚠️  Warning: Unsupported macOS version detected (12.6.0). The Cloudflare Workers runtime may not work correctly on macOS versions below 13.5.0. Consider upgrading to macOS 13.5.0+ or using a DevContainer setup with a supported version of Linux (glibc 2.35+ required).

 ⛅️ wrangler 3.114.17 (update available 4.83.0)
-----------------------------------------------

[33m▲ [43;33m[[43;30mWARNING[43;33m][0m [1mThe version of Wrangler you are using is now out-of-date.[0m

  Please update to the latest version to prevent critical errors.
  Run `npm install --save-dev wrangler@4` to update to the latest version.
  After installation, run Wrangler with `npx wrangler`.


[33m▲ [43;33m[[43;30mWARNING[43;33m][0m [1m⚠️ This process may take some time, during which your D1 database will be unavailable to serve queries.[0m


🌀 Executing on remote database tmdb-seo (ed9a3474-da58-4d3f-b954-a7f55ae525d0):
🌀 To execute on your local development database, remove the --remote flag from your wrangler command.
Note: if the execution fails to complete, your DB will return to its original state and you can safely retry.
├ Checking if file needs uploading
│
├ 🌀 Uploading ed9a3474-da58-4d3f-b954-a7f55ae525d0.1ab30f63e3558958.sql
│ 🌀 Uploading complete.
│
🌀 Starting import...
🌀 Processed 20226 queries.
🌀 Processed 40361 queries.
🌀 Processed 60476 queries.
🌀 Processed 73953 queries.
🚣 Executed 73953 queries in 4100.81ms (0 rows read, 73953 rows written)
   Database is currently at bookmark 00000004-0002aef7-00005052-5dc6679aeff30a18e7ecfd8d2bbb52a7.
[
  {
    "results": [
      {
        "Total queries executed": 73953,
        "Rows read": 0,
        "Rows written": 73953,
        "Database size (MB)": "392.38"
      }
    ],
    "success": true,
    "finalBookmark": "00000004-0002aef7-00005052-5dc6679aeff30a18e7ecfd8d2bbb52a7",
    "meta": {
      "served_by": "v3-prod",
      "served_by_region": "APAC",
      "served_by_colo": "SIN",
      "served_by_primary": true,
      "timings": {
        "sql_duration_ms": 4100.8071
      },
      "duration": 4100.8071,
      "changes": 73954,
      "last_row_id": 1665161,
      "changed_db": true,
      "size_after": 392376320,
      "rows_read": 0,
      "rows_written": 73953,
      "num_tables": 2,
      "total_attempts": 1
    }
  }
]
⚠️  Warning: Unsupported macOS version detected (12.6.0). The Cloudflare Workers runtime may not work correctly on macOS versions below 13.5.0. Consider upgrading to macOS 13.5.0+ or using a DevContainer setup with a supported version of Linux (glibc 2.35+ required).

 ⛅️ wrangler 3.114.17 (update available 4.83.0)
-----------------------------------------------

[33m▲ [43;33m[[43;30mWARNING[43;33m][0m [1mThe version of Wrangler you are using is now out-of-date.[0m

  Please update to the latest version to prevent critical errors.
  Run `npm install --save-dev wrangler@4` to update to the latest version.
  After installation, run Wrangler with `npx wrangler`.


[33m▲ [43;33m[[43;30mWARNING[43;33m][0m [1m⚠️ This process may take some time, during which your D1 database will be unavailable to serve queries.[0m


🌀 Executing on remote database tmdb-seo (ed9a3474-da58-4d3f-b954-a7f55ae525d0):
🌀 To execute on your local development database, remove the --remote flag from your wrangler command.
Note: if the execution fails to complete, your DB will return to its original state and you can safely retry.
├ Checking if file needs uploading
│
├ 🌀 Uploading ed9a3474-da58-4d3f-b954-a7f55ae525d0.51a5f18063dbd186.sql
│ 🌀 Uploading complete.
│
🌀 Starting import...
🌀 Processed 20329 queries.
🌀 Processed 40645 queries.
🌀 Processed 60960 queries.
🌀 Processed 74412 queries.
🚣 Executed 74412 queries in 3289.15ms (0 rows read, 74412 rows written)
   Database is currently at bookmark 00000004-0002cb7d-00005052-0b56bb1f8b38b5ad463db87a67a9c098.
[
  {
    "results": [
      {
        "Total queries executed": 74412,
        "Rows read": 0,
        "Rows written": 74412,
        "Database size (MB)": "404.11"
      }
    ],
    "success": true,
    "finalBookmark": "00000004-0002cb7d-00005052-0b56bb1f8b38b5ad463db87a67a9c098",
    "meta": {
      "served_by": "v3-prod",
      "served_by_region": "APAC",
      "served_by_colo": "SIN",
      "served_by_primary": true,
      "timings": {
        "sql_duration_ms": 3289.1494
      },
      "duration": 3289.1494,
      "changes": 74413,
      "last_row_id": 1739573,
      "changed_db": true,
      "size_after": 404111360,
      "rows_read": 0,
      "rows_written": 74412,
      "num_tables": 2,
      "total_attempts": 1
    }
  }
]
⚠️  Warning: Unsupported macOS version detected (12.6.0). The Cloudflare Workers runtime may not work correctly on macOS versions below 13.5.0. Consider upgrading to macOS 13.5.0+ or using a DevContainer setup with a supported version of Linux (glibc 2.35+ required).

 ⛅️ wrangler 3.114.17 (update available 4.83.0)
-----------------------------------------------

[33m▲ [43;33m[[43;30mWARNING[43;33m][0m [1mThe version of Wrangler you are using is now out-of-date.[0m

  Please update to the latest version to prevent critical errors.
  Run `npm install --save-dev wrangler@4` to update to the latest version.
  After installation, run Wrangler with `npx wrangler`.


[33m▲ [43;33m[[43;30mWARNING[43;33m][0m [1m⚠️ This process may take some time, during which your D1 database will be unavailable to serve queries.[0m


🌀 Executing on remote database tmdb-seo (ed9a3474-da58-4d3f-b954-a7f55ae525d0):
🌀 To execute on your local development database, remove the --remote flag from your wrangler command.
Note: if the execution fails to complete, your DB will return to its original state and you can safely retry.
├ Checking if file needs uploading
│
├ 🌀 Uploading ed9a3474-da58-4d3f-b954-a7f55ae525d0.fe59fd52815ad1a2.sql
│ 🌀 Uploading complete.
│
🌀 Starting import...
🌀 Processed 20315 queries.
🌀 Processed 40645 queries.
🌀 Processed 60865 queries.
🌀 Processed 74135 queries.
🚣 Executed 74135 queries in 3914.68ms (0 rows read, 74135 rows written)
   Database is currently at bookmark 00000004-0002e803-00005052-5d3a5268839864e5260269f446f9a442.
[
  {
    "results": [
      {
        "Total queries executed": 74135,
        "Rows read": 0,
        "Rows written": 74135,
        "Database size (MB)": "415.85"
      }
    ],
    "success": true,
    "finalBookmark": "00000004-0002e803-00005052-5d3a5268839864e5260269f446f9a442",
    "meta": {
      "served_by": "v3-prod",
      "served_by_region": "APAC",
      "served_by_colo": "SIN",
      "served_by_primary": true,
      "timings": {
        "sql_duration_ms": 3914.6827
      },
      "duration": 3914.6827,
      "changes": 74136,
      "last_row_id": 1813708,
      "changed_db": true,
      "size_after": 415846400,
      "rows_read": 0,
      "rows_written": 74135,
      "num_tables": 2,
      "total_attempts": 1
    }
  }
]
⚠️  Warning: Unsupported macOS version detected (12.6.0). The Cloudflare Workers runtime may not work correctly on macOS versions below 13.5.0. Consider upgrading to macOS 13.5.0+ or using a DevContainer setup with a supported version of Linux (glibc 2.35+ required).

 ⛅️ wrangler 3.114.17 (update available 4.83.0)
-----------------------------------------------

[33m▲ [43;33m[[43;30mWARNING[43;33m][0m [1mThe version of Wrangler you are using is now out-of-date.[0m

  Please update to the latest version to prevent critical errors.
  Run `npm install --save-dev wrangler@4` to update to the latest version.
  After installation, run Wrangler with `npx wrangler`.


[33m▲ [43;33m[[43;30mWARNING[43;33m][0m [1m⚠️ This process may take some time, during which your D1 database will be unavailable to serve queries.[0m


🌀 Executing on remote database tmdb-seo (ed9a3474-da58-4d3f-b954-a7f55ae525d0):
🌀 To execute on your local development database, remove the --remote flag from your wrangler command.
Note: if the execution fails to complete, your DB will return to its original state and you can safely retry.
├ Checking if file needs uploading
│
├ 🌀 Uploading ed9a3474-da58-4d3f-b954-a7f55ae525d0.104f34ea8ad8459c.sql
│ 🌀 Uploading complete.
│
🌀 Starting import...
🌀 Processed 20091 queries.
🌀 Processed 40471 queries.
🌀 Processed 60891 queries.
🌀 Processed 74344 queries.
🚣 Executed 74344 queries in 4109.25ms (0 rows read, 74344 rows written)
   Database is currently at bookmark 00000004-00030489-00005052-c8db2d96b97453536921ef8c236fd14a.
[
  {
    "results": [
      {
        "Total queries executed": 74344,
        "Rows read": 0,
        "Rows written": 74344,
        "Database size (MB)": "427.60"
      }
    ],
    "success": true,
    "finalBookmark": "00000004-00030489-00005052-c8db2d96b97453536921ef8c236fd14a",
    "meta": {
      "served_by": "v3-prod",
      "served_by_region": "APAC",
      "served_by_colo": "SIN",
      "served_by_primary": true,
      "timings": {
        "sql_duration_ms": 4109.2469
      },
      "duration": 4109.2469,
      "changes": 74345,
      "last_row_id": 1888052,
      "changed_db": true,
      "size_after": 427597824,
      "rows_read": 0,
      "rows_written": 74344,
      "num_tables": 2,
      "total_attempts": 1
    }
  }
]
⚠️  Warning: Unsupported macOS version detected (12.6.0). The Cloudflare Workers runtime may not work correctly on macOS versions below 13.5.0. Consider upgrading to macOS 13.5.0+ or using a DevContainer setup with a supported version of Linux (glibc 2.35+ required).

 ⛅️ wrangler 3.114.17 (update available 4.83.0)
-----------------------------------------------

[33m▲ [43;33m[[43;30mWARNING[43;33m][0m [1mThe version of Wrangler you are using is now out-of-date.[0m

  Please update to the latest version to prevent critical errors.
  Run `npm install --save-dev wrangler@4` to update to the latest version.
  After installation, run Wrangler with `npx wrangler`.


[33m▲ [43;33m[[43;30mWARNING[43;33m][0m [1m⚠️ This process may take some time, during which your D1 database will be unavailable to serve queries.[0m


🌀 Executing on remote database tmdb-seo (ed9a3474-da58-4d3f-b954-a7f55ae525d0):
🌀 To execute on your local development database, remove the --remote flag from your wrangler command.
Note: if the execution fails to complete, your DB will return to its original state and you can safely retry.
├ Checking if file needs uploading
│
├ 🌀 Uploading ed9a3474-da58-4d3f-b954-a7f55ae525d0.fa83ed1b386bd57e.sql
│ 🌀 Uploading complete.
│
🌀 Starting import...
🌀 Processed 20309 queries.
🌀 Processed 40648 queries.
🌀 Processed 60876 queries.
🌀 Processed 74383 queries.
🚣 Executed 74383 queries in 4053.18ms (0 rows read, 74383 rows written)
   Database is currently at bookmark 00000004-0003210f-00005052-2cf78e71cd26d489b4a0f0175d7a1c81.
[
  {
    "results": [
      {
        "Total queries executed": 74383,
        "Rows read": 0,
        "Rows written": 74383,
        "Database size (MB)": "439.32"
      }
    ],
    "success": true,
    "finalBookmark": "00000004-0003210f-00005052-2cf78e71cd26d489b4a0f0175d7a1c81",
    "meta": {
      "served_by": "v3-prod",
      "served_by_region": "APAC",
      "served_by_colo": "SIN",
      "served_by_primary": true,
      "timings": {
        "sql_duration_ms": 4053.1791
      },
      "duration": 4053.1791,
      "changes": 74384,
      "last_row_id": 1962435,
      "changed_db": true,
      "size_after": 439324672,
      "rows_read": 0,
      "rows_written": 74383,
      "num_tables": 2,
      "total_attempts": 1
    }
  }
]
⚠️  Warning: Unsupported macOS version detected (12.6.0). The Cloudflare Workers runtime may not work correctly on macOS versions below 13.5.0. Consider upgrading to macOS 13.5.0+ or using a DevContainer setup with a supported version of Linux (glibc 2.35+ required).

 ⛅️ wrangler 3.114.17 (update available 4.83.0)
-----------------------------------------------

[33m▲ [43;33m[[43;30mWARNING[43;33m][0m [1mThe version of Wrangler you are using is now out-of-date.[0m

  Please update to the latest version to prevent critical errors.
  Run `npm install --save-dev wrangler@4` to update to the latest version.
  After installation, run Wrangler with `npx wrangler`.


[33m▲ [43;33m[[43;30mWARNING[43;33m][0m [1m⚠️ This process may take some time, during which your D1 database will be unavailable to serve queries.[0m


🌀 Executing on remote database tmdb-seo (ed9a3474-da58-4d3f-b954-a7f55ae525d0):
🌀 To execute on your local development database, remove the --remote flag from your wrangler command.
Note: if the execution fails to complete, your DB will return to its original state and you can safely retry.
├ Checking if file needs uploading
│
├ 🌀 Uploading ed9a3474-da58-4d3f-b954-a7f55ae525d0.89c746df0c661c9e.sql
│ 🌀 Uploading complete.
│
🌀 Starting import...
🌀 Processed 20238 queries.
🌀 Processed 40463 queries.
🌀 Processed 60776 queries.
🌀 Processed 74212 queries.
🚣 Executed 74212 queries in 3835.54ms (0 rows read, 74212 rows written)
   Database is currently at bookmark 00000004-00033d95-00005052-57dcc5320de693afbd458e5c6ac5fa71.
[
  {
    "results": [
      {
        "Total queries executed": 74212,
        "Rows read": 0,
        "Rows written": 74212,
        "Database size (MB)": "451.07"
      }
    ],
    "success": true,
    "finalBookmark": "00000004-00033d95-00005052-57dcc5320de693afbd458e5c6ac5fa71",
    "meta": {
      "served_by": "v3-prod",
      "served_by_region": "APAC",
      "served_by_colo": "SIN",
      "served_by_primary": true,
      "timings": {
        "sql_duration_ms": 3835.5369
      },
      "duration": 3835.5369,
      "changes": 74213,
      "last_row_id": 2036647,
      "changed_db": true,
      "size_after": 451067904,
      "rows_read": 0,
      "rows_written": 74212,
      "num_tables": 2,
      "total_attempts": 1
    }
  }
]
⚠️  Warning: Unsupported macOS version detected (12.6.0). The Cloudflare Workers runtime may not work correctly on macOS versions below 13.5.0. Consider upgrading to macOS 13.5.0+ or using a DevContainer setup with a supported version of Linux (glibc 2.35+ required).

 ⛅️ wrangler 3.114.17 (update available 4.83.0)
-----------------------------------------------

[33m▲ [43;33m[[43;30mWARNING[43;33m][0m [1mThe version of Wrangler you are using is now out-of-date.[0m

  Please update to the latest version to prevent critical errors.
  Run `npm install --save-dev wrangler@4` to update to the latest version.
  After installation, run Wrangler with `npx wrangler`.


[33m▲ [43;33m[[43;30mWARNING[43;33m][0m [1m⚠️ This process may take some time, during which your D1 database will be unavailable to serve queries.[0m


🌀 Executing on remote database tmdb-seo (ed9a3474-da58-4d3f-b954-a7f55ae525d0):
🌀 To execute on your local development database, remove the --remote flag from your wrangler command.
Note: if the execution fails to complete, your DB will return to its original state and you can safely retry.
├ Checking if file needs uploading
│
├ 🌀 Uploading ed9a3474-da58-4d3f-b954-a7f55ae525d0.38346c133e74ac84.sql
│ 🌀 Uploading complete.
│
🌀 Starting import...
🌀 Processed 20186 queries.
🌀 Processed 40460 queries.
🌀 Processed 60630 queries.
🌀 Processed 74057 queries.
🚣 Executed 74057 queries in 3224.63ms (0 rows read, 74057 rows written)
   Database is currently at bookmark 00000004-0003500d-00005052-4929e665190d1fabd6a2d1352774da67.
[
  {
    "results": [
      {
        "Total queries executed": 74057,
        "Rows read": 0,
        "Rows written": 74057,
        "Database size (MB)": "462.83"
      }
    ],
    "success": true,
    "finalBookmark": "00000004-0003500d-00005052-4929e665190d1fabd6a2d1352774da67",
    "meta": {
      "served_by": "v3-prod",
      "served_by_region": "APAC",
      "served_by_colo": "SIN",
      "served_by_primary": true,
      "timings": {
        "sql_duration_ms": 3224.632
      },
      "duration": 3224.632,
      "changes": 74058,
      "last_row_id": 2110704,
      "changed_db": true,
      "size_after": 462827520,
      "rows_read": 0,
      "rows_written": 74057,
      "num_tables": 2,
      "total_attempts": 1
    }
  }
]
⚠️  Warning: Unsupported macOS version detected (12.6.0). The Cloudflare Workers runtime may not work correctly on macOS versions below 13.5.0. Consider upgrading to macOS 13.5.0+ or using a DevContainer setup with a supported version of Linux (glibc 2.35+ required).

 ⛅️ wrangler 3.114.17 (update available 4.83.0)
-----------------------------------------------

[33m▲ [43;33m[[43;30mWARNING[43;33m][0m [1mThe version of Wrangler you are using is now out-of-date.[0m

  Please update to the latest version to prevent critical errors.
  Run `npm install --save-dev wrangler@4` to update to the latest version.
  After installation, run Wrangler with `npx wrangler`.


[33m▲ [43;33m[[43;30mWARNING[43;33m][0m [1m⚠️ This process may take some time, during which your D1 database will be unavailable to serve queries.[0m


🌀 Executing on remote database tmdb-seo (ed9a3474-da58-4d3f-b954-a7f55ae525d0):
🌀 To execute on your local development database, remove the --remote flag from your wrangler command.
Note: if the execution fails to complete, your DB will return to its original state and you can safely retry.
├ Checking if file needs uploading
│
├ 🌀 Uploading ed9a3474-da58-4d3f-b954-a7f55ae525d0.57bc0bf9ae48d1fe.sql
│ 🌀 Uploading complete.
│
🌀 Starting import...
🌀 Processed 20306 queries.
🌀 Processed 40545 queries.
🌀 Processed 60867 queries.
🌀 Processed 74354 queries.
🚣 Executed 74354 queries in 3785.34ms (0 rows read, 74354 rows written)
   Database is currently at bookmark 00000004-00036c93-00005052-09cfc5dee0db7c0941e6e807fa67a3b9.
[
  {
    "results": [
      {
        "Total queries executed": 74354,
        "Rows read": 0,
        "Rows written": 74354,
        "Database size (MB)": "474.65"
      }
    ],
    "success": true,
    "finalBookmark": "00000004-00036c93-00005052-09cfc5dee0db7c0941e6e807fa67a3b9",
    "meta": {
      "served_by": "v3-prod",
      "served_by_region": "APAC",
      "served_by_colo": "SIN",
      "served_by_primary": true,
      "timings": {
        "sql_duration_ms": 3785.3358
      },
      "duration": 3785.3358,
      "changes": 74355,
      "last_row_id": 2185058,
      "changed_db": true,
      "size_after": 474648576,
      "rows_read": 0,
      "rows_written": 74354,
      "num_tables": 2,
      "total_attempts": 1
    }
  }
]
⚠️  Warning: Unsupported macOS version detected (12.6.0). The Cloudflare Workers runtime may not work correctly on macOS versions below 13.5.0. Consider upgrading to macOS 13.5.0+ or using a DevContainer setup with a supported version of Linux (glibc 2.35+ required).

 ⛅️ wrangler 3.114.17 (update available 4.83.0)
-----------------------------------------------

[33m▲ [43;33m[[43;30mWARNING[43;33m][0m [1mThe version of Wrangler you are using is now out-of-date.[0m

  Please update to the latest version to prevent critical errors.
  Run `npm install --save-dev wrangler@4` to update to the latest version.
  After installation, run Wrangler with `npx wrangler`.


[33m▲ [43;33m[[43;30mWARNING[43;33m][0m [1m⚠️ This process may take some time, during which your D1 database will be unavailable to serve queries.[0m


🌀 Executing on remote database tmdb-seo (ed9a3474-da58-4d3f-b954-a7f55ae525d0):
🌀 To execute on your local development database, remove the --remote flag from your wrangler command.
Note: if the execution fails to complete, your DB will return to its original state and you can safely retry.
├ Checking if file needs uploading
│
├ 🌀 Uploading ed9a3474-da58-4d3f-b954-a7f55ae525d0.8189597dba9bce79.sql
│ 🌀 Uploading complete.
│
🌀 Starting import...
🌀 Processed 20321 queries.
🌀 Processed 40506 queries.
🌀 Processed 60652 queries.
🌀 Processed 74117 queries.
🚣 Executed 74117 queries in 3357.13ms (0 rows read, 74117 rows written)
   Database is currently at bookmark 00000004-00038919-00005052-b91ffa253765905204ba71999fbbd0ce.
[
  {
    "results": [
      {
        "Total queries executed": 74117,
        "Rows read": 0,
        "Rows written": 74117,
        "Database size (MB)": "486.47"
      }
    ],
    "success": true,
    "finalBookmark": "00000004-00038919-00005052-b91ffa253765905204ba71999fbbd0ce",
    "meta": {
      "served_by": "v3-prod",
      "served_by_region": "APAC",
      "served_by_colo": "SIN",
      "served_by_primary": true,
      "timings": {
        "sql_duration_ms": 3357.1292
      },
      "duration": 3357.1292,
      "changes": 74118,
      "last_row_id": 2259175,
      "changed_db": true,
      "size_after": 486473728,
      "rows_read": 0,
      "rows_written": 74117,
      "num_tables": 2,
      "total_attempts": 1
    }
  }
]
⚠️  Warning: Unsupported macOS version detected (12.6.0). The Cloudflare Workers runtime may not work correctly on macOS versions below 13.5.0. Consider upgrading to macOS 13.5.0+ or using a DevContainer setup with a supported version of Linux (glibc 2.35+ required).

 ⛅️ wrangler 3.114.17 (update available 4.83.0)
-----------------------------------------------

[33m▲ [43;33m[[43;30mWARNING[43;33m][0m [1mThe version of Wrangler you are using is now out-of-date.[0m

  Please update to the latest version to prevent critical errors.
  Run `npm install --save-dev wrangler@4` to update to the latest version.
  After installation, run Wrangler with `npx wrangler`.


[33m▲ [43;33m[[43;30mWARNING[43;33m][0m [1m⚠️ This process may take some time, during which your D1 database will be unavailable to serve queries.[0m


🌀 Executing on remote database tmdb-seo (ed9a3474-da58-4d3f-b954-a7f55ae525d0):
🌀 To execute on your local development database, remove the --remote flag from your wrangler command.
Note: if the execution fails to complete, your DB will return to its original state and you can safely retry.
├ Checking if file needs uploading
│
├ 🌀 Uploading ed9a3474-da58-4d3f-b954-a7f55ae525d0.e9aa351d14b5fe22.sql
│ 🌀 Uploading complete.
│
🌀 Starting import...
🌀 Processed 20376 queries.
🌀 Processed 40671 queries.
🌀 Processed 60984 queries.
🌀 Processed 74365 queries.
🚣 Executed 74365 queries in 4689.89ms (0 rows read, 74365 rows written)
   Database is currently at bookmark 00000004-0003a59f-00005052-39520b0aa3eba8388bf4eed1acae8f2a.
[
  {
    "results": [
      {
        "Total queries executed": 74365,
        "Rows read": 0,
        "Rows written": 74365,
        "Database size (MB)": "498.29"
      }
    ],
    "success": true,
    "finalBookmark": "00000004-0003a59f-00005052-39520b0aa3eba8388bf4eed1acae8f2a",
    "meta": {
      "served_by": "v3-prod",
      "served_by_region": "APAC",
      "served_by_colo": "SIN",
      "served_by_primary": true,
      "timings": {
        "sql_duration_ms": 4689.8855
      },
      "duration": 4689.8855,
      "changes": 74366,
      "last_row_id": 2333540,
      "changed_db": true,
      "size_after": 498294784,
      "rows_read": 0,
      "rows_written": 74365,
      "num_tables": 2,
      "total_attempts": 1
    }
  }
]
⚠️  Warning: Unsupported macOS version detected (12.6.0). The Cloudflare Workers runtime may not work correctly on macOS versions below 13.5.0. Consider upgrading to macOS 13.5.0+ or using a DevContainer setup with a supported version of Linux (glibc 2.35+ required).

 ⛅️ wrangler 3.114.17 (update available 4.83.0)
-----------------------------------------------

[33m▲ [43;33m[[43;30mWARNING[43;33m][0m [1mThe version of Wrangler you are using is now out-of-date.[0m

  Please update to the latest version to prevent critical errors.
  Run `npm install --save-dev wrangler@4` to update to the latest version.
  After installation, run Wrangler with `npx wrangler`.


[33m▲ [43;33m[[43;30mWARNING[43;33m][0m [1m⚠️ This process may take some time, during which your D1 database will be unavailable to serve queries.[0m


🌀 Executing on remote database tmdb-seo (ed9a3474-da58-4d3f-b954-a7f55ae525d0):
🌀 To execute on your local development database, remove the --remote flag from your wrangler command.
Note: if the execution fails to complete, your DB will return to its original state and you can safely retry.
├ Checking if file needs uploading
│
├ 🌀 Uploading ed9a3474-da58-4d3f-b954-a7f55ae525d0.8e69a3e5dc65b9ee.sql
│ 🌀 Uploading complete.
│
🌀 Starting import...
🌀 Processed 20317 queries.
🌀 Processed 40616 queries.
🌀 Processed 60857 queries.
🌀 Processed 74303 queries.
🚣 Executed 74303 queries in 3139.97ms (0 rows read, 74303 rows written)
   Database is currently at bookmark 00000004-0003c225-00005052-f1bccd2333d9c8fcd62a624a4fabc131.
[
  {
    "results": [
      {
        "Total queries executed": 74303,
        "Rows read": 0,
        "Rows written": 74303,
        "Database size (MB)": "510.12"
      }
    ],
    "success": true,
    "finalBookmark": "00000004-0003c225-00005052-f1bccd2333d9c8fcd62a624a4fabc131",
    "meta": {
      "served_by": "v3-prod",
      "served_by_region": "APAC",
      "served_by_colo": "SIN",
      "served_by_primary": true,
      "timings": {
        "sql_duration_ms": 3139.9724
      },
      "duration": 3139.9724,
      "changes": 74304,
      "last_row_id": 2407843,
      "changed_db": true,
      "size_after": 510119936,
      "rows_read": 0,
      "rows_written": 74303,
      "num_tables": 2,
      "total_attempts": 1
    }
  }
]
⚠️  Warning: Unsupported macOS version detected (12.6.0). The Cloudflare Workers runtime may not work correctly on macOS versions below 13.5.0. Consider upgrading to macOS 13.5.0+ or using a DevContainer setup with a supported version of Linux (glibc 2.35+ required).

 ⛅️ wrangler 3.114.17 (update available 4.83.0)
-----------------------------------------------

[33m▲ [43;33m[[43;30mWARNING[43;33m][0m [1mThe version of Wrangler you are using is now out-of-date.[0m

  Please update to the latest version to prevent critical errors.
  Run `npm install --save-dev wrangler@4` to update to the latest version.
  After installation, run Wrangler with `npx wrangler`.


[33m▲ [43;33m[[43;30mWARNING[43;33m][0m [1m⚠️ This process may take some time, during which your D1 database will be unavailable to serve queries.[0m


🌀 Executing on remote database tmdb-seo (ed9a3474-da58-4d3f-b954-a7f55ae525d0):
🌀 To execute on your local development database, remove the --remote flag from your wrangler command.
Note: if the execution fails to complete, your DB will return to its original state and you can safely retry.
├ Checking if file needs uploading
│
├ 🌀 Uploading ed9a3474-da58-4d3f-b954-a7f55ae525d0.d7b8c435b3f65358.sql
│ 🌀 Uploading complete.
│
🌀 Starting import...
🌀 Processed 20212 queries.
🌀 Processed 40396 queries.
🌀 Processed 60609 queries.
🌀 Processed 74064 queries.
🚣 Executed 74064 queries in 4363.00ms (0 rows read, 74064 rows written)
   Database is currently at bookmark 00000004-0003deab-00005052-190ec3138af84c2392ccac03ba1766ac.
[
  {
    "results": [
      {
        "Total queries executed": 74064,
        "Rows read": 0,
        "Rows written": 74064,
        "Database size (MB)": "521.96"
      }
    ],
    "success": true,
    "finalBookmark": "00000004-0003deab-00005052-190ec3138af84c2392ccac03ba1766ac",
    "meta": {
      "served_by": "v3-prod",
      "served_by_region": "APAC",
      "served_by_colo": "SIN",
      "served_by_primary": true,
      "timings": {
        "sql_duration_ms": 4363.0003
      },
      "duration": 4363.0003,
      "changes": 74065,
      "last_row_id": 2481907,
      "changed_db": true,
      "size_after": 521957376,
      "rows_read": 0,
      "rows_written": 74064,
      "num_tables": 2,
      "total_attempts": 1
    }
  }
]
⚠️  Warning: Unsupported macOS version detected (12.6.0). The Cloudflare Workers runtime may not work correctly on macOS versions below 13.5.0. Consider upgrading to macOS 13.5.0+ or using a DevContainer setup with a supported version of Linux (glibc 2.35+ required).

 ⛅️ wrangler 3.114.17 (update available 4.83.0)
-----------------------------------------------

[33m▲ [43;33m[[43;30mWARNING[43;33m][0m [1mThe version of Wrangler you are using is now out-of-date.[0m

  Please update to the latest version to prevent critical errors.
  Run `npm install --save-dev wrangler@4` to update to the latest version.
  After installation, run Wrangler with `npx wrangler`.


[33m▲ [43;33m[[43;30mWARNING[43;33m][0m [1m⚠️ This process may take some time, during which your D1 database will be unavailable to serve queries.[0m


🌀 Executing on remote database tmdb-seo (ed9a3474-da58-4d3f-b954-a7f55ae525d0):
🌀 To execute on your local development database, remove the --remote flag from your wrangler command.
Note: if the execution fails to complete, your DB will return to its original state and you can safely retry.
├ Checking if file needs uploading
│
├ 🌀 Uploading ed9a3474-da58-4d3f-b954-a7f55ae525d0.1f4beb48b8f0179e.sql
│ 🌀 Uploading complete.
│
🌀 Starting import...
🌀 Processed 20258 queries.
🌀 Processed 40588 queries.
🌀 Processed 60945 queries.
🌀 Processed 74410 queries.
🚣 Executed 74410 queries in 3609.47ms (0 rows read, 74410 rows written)
   Database is currently at bookmark 00000004-0003fb31-00005052-a55bcfd647eae5d2c1be7d9a5b512d60.
[
  {
    "results": [
      {
        "Total queries executed": 74410,
        "Rows read": 0,
        "Rows written": 74410,
        "Database size (MB)": "533.77"
      }
    ],
    "success": true,
    "finalBookmark": "00000004-0003fb31-00005052-a55bcfd647eae5d2c1be7d9a5b512d60",
    "meta": {
      "served_by": "v3-prod",
      "served_by_region": "APAC",
      "served_by_colo": "SIN",
      "served_by_primary": true,
      "timings": {
        "sql_duration_ms": 3609.4656
      },
      "duration": 3609.4656,
      "changes": 74411,
      "last_row_id": 2556317,
      "changed_db": true,
      "size_after": 533770240,
      "rows_read": 0,
      "rows_written": 74410,
      "num_tables": 2,
      "total_attempts": 1
    }
  }
]
⚠️  Warning: Unsupported macOS version detected (12.6.0). The Cloudflare Workers runtime may not work correctly on macOS versions below 13.5.0. Consider upgrading to macOS 13.5.0+ or using a DevContainer setup with a supported version of Linux (glibc 2.35+ required).

 ⛅️ wrangler 3.114.17 (update available 4.83.0)
-----------------------------------------------

[33m▲ [43;33m[[43;30mWARNING[43;33m][0m [1mThe version of Wrangler you are using is now out-of-date.[0m

  Please update to the latest version to prevent critical errors.
  Run `npm install --save-dev wrangler@4` to update to the latest version.
  After installation, run Wrangler with `npx wrangler`.


[33m▲ [43;33m[[43;30mWARNING[43;33m][0m [1m⚠️ This process may take some time, during which your D1 database will be unavailable to serve queries.[0m


🌀 Executing on remote database tmdb-seo (ed9a3474-da58-4d3f-b954-a7f55ae525d0):
🌀 To execute on your local development database, remove the --remote flag from your wrangler command.
Note: if the execution fails to complete, your DB will return to its original state and you can safely retry.
├ Checking if file needs uploading
│
├ 🌀 Uploading ed9a3474-da58-4d3f-b954-a7f55ae525d0.66f9d2486a0175cd.sql
│ 🌀 Uploading complete.
│
🌀 Starting import...
🌀 Processed 20209 queries.
🌀 Processed 40437 queries.
🌀 Processed 60727 queries.
🌀 Processed 74099 queries.
🚣 Executed 74099 queries in 3325.62ms (0 rows read, 74099 rows written)
   Database is currently at bookmark 00000004-000417b7-00005052-82f9a619bc9f6f6c564d16a40854dcfc.
[
  {
    "results": [
      {
        "Total queries executed": 74099,
        "Rows read": 0,
        "Rows written": 74099,
        "Database size (MB)": "545.60"
      }
    ],
    "success": true,
    "finalBookmark": "00000004-000417b7-00005052-82f9a619bc9f6f6c564d16a40854dcfc",
    "meta": {
      "served_by": "v3-prod",
      "served_by_region": "APAC",
      "served_by_colo": "SIN",
      "served_by_primary": true,
      "timings": {
        "sql_duration_ms": 3325.6152
      },
      "duration": 3325.6152,
      "changes": 74100,
      "last_row_id": 2630416,
      "changed_db": true,
      "size_after": 545599488,
      "rows_read": 0,
      "rows_written": 74099,
      "num_tables": 2,
      "total_attempts": 1
    }
  }
]
⚠️  Warning: Unsupported macOS version detected (12.6.0). The Cloudflare Workers runtime may not work correctly on macOS versions below 13.5.0. Consider upgrading to macOS 13.5.0+ or using a DevContainer setup with a supported version of Linux (glibc 2.35+ required).

 ⛅️ wrangler 3.114.17 (update available 4.83.0)
-----------------------------------------------

[33m▲ [43;33m[[43;30mWARNING[43;33m][0m [1mThe version of Wrangler you are using is now out-of-date.[0m

  Please update to the latest version to prevent critical errors.
  Run `npm install --save-dev wrangler@4` to update to the latest version.
  After installation, run Wrangler with `npx wrangler`.


[33m▲ [43;33m[[43;30mWARNING[43;33m][0m [1m⚠️ This process may take some time, during which your D1 database will be unavailable to serve queries.[0m


🌀 Executing on remote database tmdb-seo (ed9a3474-da58-4d3f-b954-a7f55ae525d0):
🌀 To execute on your local development database, remove the --remote flag from your wrangler command.
Note: if the execution fails to complete, your DB will return to its original state and you can safely retry.
├ Checking if file needs uploading
│
├ 🌀 Uploading ed9a3474-da58-4d3f-b954-a7f55ae525d0.1965d7f14c691f70.sql
│ 🌀 Uploading complete.
│
🌀 Starting import...
🌀 Processed 20155 queries.
🌀 Processed 40418 queries.
🌀 Processed 60786 queries.
🌀 Processed 74274 queries.
🚣 Executed 74274 queries in 3942.11ms (0 rows read, 74274 rows written)
   Database is currently at bookmark 00000004-0004343d-00005052-90bdf00fc7eae64615ee8a52bf663c3f.
[
  {
    "results": [
      {
        "Total queries executed": 74274,
        "Rows read": 0,
        "Rows written": 74274,
        "Database size (MB)": "557.42"
      }
    ],
    "success": true,
    "finalBookmark": "00000004-0004343d-00005052-90bdf00fc7eae64615ee8a52bf663c3f",
    "meta": {
      "served_by": "v3-prod",
      "served_by_region": "APAC",
      "served_by_colo": "SIN",
      "served_by_primary": true,
      "timings": {
        "sql_duration_ms": 3942.1093
      },
      "duration": 3942.1093,
      "changes": 74275,
      "last_row_id": 2704690,
      "changed_db": true,
      "size_after": 557416448,
      "rows_read": 0,
      "rows_written": 74274,
      "num_tables": 2,
      "total_attempts": 1
    }
  }
]
⚠️  Warning: Unsupported macOS version detected (12.6.0). The Cloudflare Workers runtime may not work correctly on macOS versions below 13.5.0. Consider upgrading to macOS 13.5.0+ or using a DevContainer setup with a supported version of Linux (glibc 2.35+ required).

 ⛅️ wrangler 3.114.17 (update available 4.83.0)
-----------------------------------------------

[33m▲ [43;33m[[43;30mWARNING[43;33m][0m [1mThe version of Wrangler you are using is now out-of-date.[0m

  Please update to the latest version to prevent critical errors.
  Run `npm install --save-dev wrangler@4` to update to the latest version.
  After installation, run Wrangler with `npx wrangler`.


[33m▲ [43;33m[[43;30mWARNING[43;33m][0m [1m⚠️ This process may take some time, during which your D1 database will be unavailable to serve queries.[0m


🌀 Executing on remote database tmdb-seo (ed9a3474-da58-4d3f-b954-a7f55ae525d0):
🌀 To execute on your local development database, remove the --remote flag from your wrangler command.
Note: if the execution fails to complete, your DB will return to its original state and you can safely retry.
├ Checking if file needs uploading
│
├ 🌀 Uploading ed9a3474-da58-4d3f-b954-a7f55ae525d0.1333bc8db0077073.sql
│ 🌀 Uploading complete.
│
🌀 Starting import...
🌀 Processed 20330 queries.
🌀 Processed 40585 queries.
🌀 Processed 60901 queries.
🌀 Processed 74405 queries.
🚣 Executed 74405 queries in 2367.45ms (0 rows read, 74405 rows written)
   Database is currently at bookmark 00000004-00044552-00005052-cfeeac27c0b7c8a74a3152d102493771.
[
  {
    "results": [
      {
        "Total queries executed": 74405,
        "Rows read": 0,
        "Rows written": 74405,
        "Database size (MB)": "569.23"
      }
    ],
    "success": true,
    "finalBookmark": "00000004-00044552-00005052-cfeeac27c0b7c8a74a3152d102493771",
    "meta": {
      "served_by": "v3-prod",
      "served_by_region": "APAC",
      "served_by_colo": "SIN",
      "served_by_primary": true,
      "timings": {
        "sql_duration_ms": 2367.4511
      },
      "duration": 2367.4511,
      "changes": 74406,
      "last_row_id": 2779095,
      "changed_db": true,
      "size_after": 569233408,
      "rows_read": 0,
      "rows_written": 74405,
      "num_tables": 2,
      "total_attempts": 1
    }
  }
]
⚠️  Warning: Unsupported macOS version detected (12.6.0). The Cloudflare Workers runtime may not work correctly on macOS versions below 13.5.0. Consider upgrading to macOS 13.5.0+ or using a DevContainer setup with a supported version of Linux (glibc 2.35+ required).

 ⛅️ wrangler 3.114.17 (update available 4.83.0)
-----------------------------------------------

[33m▲ [43;33m[[43;30mWARNING[43;33m][0m [1mThe version of Wrangler you are using is now out-of-date.[0m

  Please update to the latest version to prevent critical errors.
  Run `npm install --save-dev wrangler@4` to update to the latest version.
  After installation, run Wrangler with `npx wrangler`.


[33m▲ [43;33m[[43;30mWARNING[43;33m][0m [1m⚠️ This process may take some time, during which your D1 database will be unavailable to serve queries.[0m


🌀 Executing on remote database tmdb-seo (ed9a3474-da58-4d3f-b954-a7f55ae525d0):
🌀 To execute on your local development database, remove the --remote flag from your wrangler command.
Note: if the execution fails to complete, your DB will return to its original state and you can safely retry.
├ Checking if file needs uploading
│
├ 🌀 Uploading ed9a3474-da58-4d3f-b954-a7f55ae525d0.c40c872118b2e99f.sql
│ 🌀 Uploading complete.
│
🌀 Starting import...
🌀 Processed 20218 queries.
🌀 Processed 40339 queries.
🌀 Processed 60597 queries.
🌀 Processed 74040 queries.
🚣 Executed 74040 queries in 3771.31ms (0 rows read, 74040 rows written)
   Database is currently at bookmark 00000004-000461d8-00005052-9165951d5cd9af00811d5d43a7f57be4.
[
  {
    "results": [
      {
        "Total queries executed": 74040,
        "Rows read": 0,
        "Rows written": 74040,
        "Database size (MB)": "581.07"
      }
    ],
    "success": true,
    "finalBookmark": "00000004-000461d8-00005052-9165951d5cd9af00811d5d43a7f57be4",
    "meta": {
      "served_by": "v3-prod",
      "served_by_region": "APAC",
      "served_by_colo": "SIN",
      "served_by_primary": true,
      "timings": {
        "sql_duration_ms": 3771.3081
      },
      "duration": 3771.3081,
      "changes": 74041,
      "last_row_id": 2853135,
      "changed_db": true,
      "size_after": 581070848,
      "rows_read": 0,
      "rows_written": 74040,
      "num_tables": 2,
      "total_attempts": 1
    }
  }
]
⚠️  Warning: Unsupported macOS version detected (12.6.0). The Cloudflare Workers runtime may not work correctly on macOS versions below 13.5.0. Consider upgrading to macOS 13.5.0+ or using a DevContainer setup with a supported version of Linux (glibc 2.35+ required).

 ⛅️ wrangler 3.114.17 (update available 4.83.0)
-----------------------------------------------

[33m▲ [43;33m[[43;30mWARNING[43;33m][0m [1mThe version of Wrangler you are using is now out-of-date.[0m

  Please update to the latest version to prevent critical errors.
  Run `npm install --save-dev wrangler@4` to update to the latest version.
  After installation, run Wrangler with `npx wrangler`.


[33m▲ [43;33m[[43;30mWARNING[43;33m][0m [1m⚠️ This process may take some time, during which your D1 database will be unavailable to serve queries.[0m


🌀 Executing on remote database tmdb-seo (ed9a3474-da58-4d3f-b954-a7f55ae525d0):
🌀 To execute on your local development database, remove the --remote flag from your wrangler command.
Note: if the execution fails to complete, your DB will return to its original state and you can safely retry.
├ Checking if file needs uploading
│
├ 🌀 Uploading ed9a3474-da58-4d3f-b954-a7f55ae525d0.d4a8011568ede020.sql
│ 🌀 Uploading complete.
│
🌀 Starting import...
🌀 Processed 20396 queries.
🌀 Processed 40710 queries.
🌀 Processed 60971 queries.
🌀 Processed 74331 queries.
🚣 Executed 74331 queries in 3395.14ms (0 rows read, 74331 rows written)
   Database is currently at bookmark 00000004-00047e5e-00005052-6f1e9a38a1ea5bd186ee570521a3a24c.
[
  {
    "results": [
      {
        "Total queries executed": 74331,
        "Rows read": 0,
        "Rows written": 74331,
        "Database size (MB)": "592.88"
      }
    ],
    "success": true,
    "finalBookmark": "00000004-00047e5e-00005052-6f1e9a38a1ea5bd186ee570521a3a24c",
    "meta": {
      "served_by": "v3-prod",
      "served_by_region": "APAC",
      "served_by_colo": "SIN",
      "served_by_primary": true,
      "timings": {
        "sql_duration_ms": 3395.1419
      },
      "duration": 3395.1419,
      "changes": 74332,
      "last_row_id": 2927466,
      "changed_db": true,
      "size_after": 592883712,
      "rows_read": 0,
      "rows_written": 74331,
      "num_tables": 2,
      "total_attempts": 1
    }
  }
]
⚠️  Warning: Unsupported macOS version detected (12.6.0). The Cloudflare Workers runtime may not work correctly on macOS versions below 13.5.0. Consider upgrading to macOS 13.5.0+ or using a DevContainer setup with a supported version of Linux (glibc 2.35+ required).

 ⛅️ wrangler 3.114.17 (update available 4.83.0)
-----------------------------------------------

[33m▲ [43;33m[[43;30mWARNING[43;33m][0m [1mThe version of Wrangler you are using is now out-of-date.[0m

  Please update to the latest version to prevent critical errors.
  Run `npm install --save-dev wrangler@4` to update to the latest version.
  After installation, run Wrangler with `npx wrangler`.


[33m▲ [43;33m[[43;30mWARNING[43;33m][0m [1m⚠️ This process may take some time, during which your D1 database will be unavailable to serve queries.[0m


🌀 Executing on remote database tmdb-seo (ed9a3474-da58-4d3f-b954-a7f55ae525d0):
🌀 To execute on your local development database, remove the --remote flag from your wrangler command.
Note: if the execution fails to complete, your DB will return to its original state and you can safely retry.
├ Checking if file needs uploading
│
├ 🌀 Uploading ed9a3474-da58-4d3f-b954-a7f55ae525d0.c409b26bdce89767.sql
│ 🌀 Uploading complete.
│
🌀 Starting import...
🌀 Processed 20199 queries.
🌀 Processed 40575 queries.
🌀 Processed 60819 queries.
🌀 Processed 74256 queries.
🚣 Executed 74256 queries in 7014.83ms (0 rows read, 74256 rows written)
   Database is currently at bookmark 00000004-00049ae4-00005052-77d857d56618c77ec31fd41eb60c51f1.
[
  {
    "results": [
      {
        "Total queries executed": 74256,
        "Rows read": 0,
        "Rows written": 74256,
        "Database size (MB)": "604.72"
      }
    ],
    "success": true,
    "finalBookmark": "00000004-00049ae4-00005052-77d857d56618c77ec31fd41eb60c51f1",
    "meta": {
      "served_by": "v3-prod",
      "served_by_region": "APAC",
      "served_by_colo": "SIN",
      "served_by_primary": true,
      "timings": {
        "sql_duration_ms": 7014.8259
      },
      "duration": 7014.8259,
      "changes": 74257,
      "last_row_id": 3001722,
      "changed_db": true,
      "size_after": 604721152,
      "rows_read": 0,
      "rows_written": 74256,
      "num_tables": 2,
      "total_attempts": 1
    }
  }
]
⚠️  Warning: Unsupported macOS version detected (12.6.0). The Cloudflare Workers runtime may not work correctly on macOS versions below 13.5.0. Consider upgrading to macOS 13.5.0+ or using a DevContainer setup with a supported version of Linux (glibc 2.35+ required).

 ⛅️ wrangler 3.114.17 (update available 4.83.0)
-----------------------------------------------

[33m▲ [43;33m[[43;30mWARNING[43;33m][0m [1mThe version of Wrangler you are using is now out-of-date.[0m

  Please update to the latest version to prevent critical errors.
  Run `npm install --save-dev wrangler@4` to update to the latest version.
  After installation, run Wrangler with `npx wrangler`.


[33m▲ [43;33m[[43;30mWARNING[43;33m][0m [1m⚠️ This process may take some time, during which your D1 database will be unavailable to serve queries.[0m


🌀 Executing on remote database tmdb-seo (ed9a3474-da58-4d3f-b954-a7f55ae525d0):
🌀 To execute on your local development database, remove the --remote flag from your wrangler command.
Note: if the execution fails to complete, your DB will return to its original state and you can safely retry.
├ Checking if file needs uploading
│
├ 🌀 Uploading ed9a3474-da58-4d3f-b954-a7f55ae525d0.16598d105544c809.sql
│ 🌀 Uploading complete.
│
🌀 Starting import...
🌀 Processed 20366 queries.
🌀 Processed 40733 queries.
🌀 Processed 61023 queries.
🌀 Processed 74430 queries.
🚣 Executed 74430 queries in 3627.87ms (0 rows read, 74430 rows written)
   Database is currently at bookmark 00000004-0004b76a-00005052-a0d9eb8133a344d27f0d81e7b6c1eb8e.
[
  {
    "results": [
      {
        "Total queries executed": 74430,
        "Rows read": 0,
        "Rows written": 74430,
        "Database size (MB)": "616.53"
      }
    ],
    "success": true,
    "finalBookmark": "00000004-0004b76a-00005052-a0d9eb8133a344d27f0d81e7b6c1eb8e",
    "meta": {
      "served_by": "v3-prod",
      "served_by_region": "APAC",
      "served_by_colo": "SIN",
      "served_by_primary": true,
      "timings": {
        "sql_duration_ms": 3627.8719
      },
      "duration": 3627.8719,
      "changes": 74431,
      "last_row_id": 3076152,
      "changed_db": true,
      "size_after": 616529920,
      "rows_read": 0,
      "rows_written": 74430,
      "num_tables": 2,
      "total_attempts": 1
    }
  }
]
⚠️  Warning: Unsupported macOS version detected (12.6.0). The Cloudflare Workers runtime may not work correctly on macOS versions below 13.5.0. Consider upgrading to macOS 13.5.0+ or using a DevContainer setup with a supported version of Linux (glibc 2.35+ required).

 ⛅️ wrangler 3.114.17 (update available 4.83.0)
-----------------------------------------------

[33m▲ [43;33m[[43;30mWARNING[43;33m][0m [1mThe version of Wrangler you are using is now out-of-date.[0m

  Please update to the latest version to prevent critical errors.
  Run `npm install --save-dev wrangler@4` to update to the latest version.
  After installation, run Wrangler with `npx wrangler`.


[33m▲ [43;33m[[43;30mWARNING[43;33m][0m [1m⚠️ This process may take some time, during which your D1 database will be unavailable to serve queries.[0m


🌀 Executing on remote database tmdb-seo (ed9a3474-da58-4d3f-b954-a7f55ae525d0):
🌀 To execute on your local development database, remove the --remote flag from your wrangler command.
Note: if the execution fails to complete, your DB will return to its original state and you can safely retry.
├ Checking if file needs uploading
│
├ 🌀 Uploading ed9a3474-da58-4d3f-b954-a7f55ae525d0.b6dbad49fc7d0f65.sql
│ 🌀 Uploading complete.
│
🌀 Starting import...
🌀 Processed 20281 queries.
🌀 Processed 40585 queries.
🌀 Processed 60785 queries.
🌀 Processed 74097 queries.
🚣 Executed 74097 queries in 3830.93ms (0 rows read, 74097 rows written)
   Database is currently at bookmark 00000004-0004d3f0-00005052-2d91b49df4eb3c9f9c577e2be8dc884d.
[
  {
    "results": [
      {
        "Total queries executed": 74097,
        "Rows read": 0,
        "Rows written": 74097,
        "Database size (MB)": "628.36"
      }
    ],
    "success": true,
    "finalBookmark": "00000004-0004d3f0-00005052-2d91b49df4eb3c9f9c577e2be8dc884d",
    "meta": {
      "served_by": "v3-prod",
      "served_by_region": "APAC",
      "served_by_colo": "SIN",
      "served_by_primary": true,
      "timings": {
        "sql_duration_ms": 3830.932
      },
      "duration": 3830.932,
      "changes": 74098,
      "last_row_id": 3150249,
      "changed_db": true,
      "size_after": 628363264,
      "rows_read": 0,
      "rows_written": 74097,
      "num_tables": 2,
      "total_attempts": 1
    }
  }
]
⚠️  Warning: Unsupported macOS version detected (12.6.0). The Cloudflare Workers runtime may not work correctly on macOS versions below 13.5.0. Consider upgrading to macOS 13.5.0+ or using a DevContainer setup with a supported version of Linux (glibc 2.35+ required).

 ⛅️ wrangler 3.114.17 (update available 4.83.0)
-----------------------------------------------

[33m▲ [43;33m[[43;30mWARNING[43;33m][0m [1mThe version of Wrangler you are using is now out-of-date.[0m

  Please update to the latest version to prevent critical errors.
  Run `npm install --save-dev wrangler@4` to update to the latest version.
  After installation, run Wrangler with `npx wrangler`.


[33m▲ [43;33m[[43;30mWARNING[43;33m][0m [1m⚠️ This process may take some time, during which your D1 database will be unavailable to serve queries.[0m


🌀 Executing on remote database tmdb-seo (ed9a3474-da58-4d3f-b954-a7f55ae525d0):
🌀 To execute on your local development database, remove the --remote flag from your wrangler command.
Note: if the execution fails to complete, your DB will return to its original state and you can safely retry.
├ Checking if file needs uploading
│
├ 🌀 Uploading ed9a3474-da58-4d3f-b954-a7f55ae525d0.0cd63beb01f10011.sql
│ 🌀 Uploading complete.
│
🌀 Starting import...
🌀 Processed 20261 queries.
🌀 Processed 40471 queries.
🌀 Processed 60835 queries.
🌀 Processed 74337 queries.
🚣 Executed 74337 queries in 3729.19ms (0 rows read, 74337 rows written)
   Database is currently at bookmark 00000004-0004f076-00005052-4901b46379f803078027e264119a4a89.
[
  {
    "results": [
      {
        "Total queries executed": 74337,
        "Rows read": 0,
        "Rows written": 74337,
        "Database size (MB)": "640.19"
      }
    ],
    "success": true,
    "finalBookmark": "00000004-0004f076-00005052-4901b46379f803078027e264119a4a89",
    "meta": {
      "served_by": "v3-prod",
      "served_by_region": "APAC",
      "served_by_colo": "SIN",
      "served_by_primary": true,
      "timings": {
        "sql_duration_ms": 3729.1882
      },
      "duration": 3729.1882,
      "changes": 74338,
      "last_row_id": 3224586,
      "changed_db": true,
      "size_after": 640192512,
      "rows_read": 0,
      "rows_written": 74337,
      "num_tables": 2,
      "total_attempts": 1
    }
  }
]
⚠️  Warning: Unsupported macOS version detected (12.6.0). The Cloudflare Workers runtime may not work correctly on macOS versions below 13.5.0. Consider upgrading to macOS 13.5.0+ or using a DevContainer setup with a supported version of Linux (glibc 2.35+ required).

 ⛅️ wrangler 3.114.17 (update available 4.83.0)
-----------------------------------------------

[33m▲ [43;33m[[43;30mWARNING[43;33m][0m [1mThe version of Wrangler you are using is now out-of-date.[0m

  Please update to the latest version to prevent critical errors.
  Run `npm install --save-dev wrangler@4` to update to the latest version.
  After installation, run Wrangler with `npx wrangler`.


[33m▲ [43;33m[[43;30mWARNING[43;33m][0m [1m⚠️ This process may take some time, during which your D1 database will be unavailable to serve queries.[0m


🌀 Executing on remote database tmdb-seo (ed9a3474-da58-4d3f-b954-a7f55ae525d0):
🌀 To execute on your local development database, remove the --remote flag from your wrangler command.
Note: if the execution fails to complete, your DB will return to its original state and you can safely retry.
├ Checking if file needs uploading
│
├ 🌀 Uploading ed9a3474-da58-4d3f-b954-a7f55ae525d0.b3cf306fc09db09f.sql
│ 🌀 Uploading complete.
│
🌀 Starting import...
🌀 Processed 20370 queries.
🌀 Processed 40723 queries.
🌀 Processed 61041 queries.
🌀 Processed 74330 queries.
🚣 Executed 74330 queries in 3951.60ms (0 rows read, 74330 rows written)
   Database is currently at bookmark 00000004-00050cfc-00005052-34b4384d70cdaa570cb463b493768eba.
[
  {
    "results": [
      {
        "Total queries executed": 74330,
        "Rows read": 0,
        "Rows written": 74330,
        "Database size (MB)": "652.00"
      }
    ],
    "success": true,
    "finalBookmark": "00000004-00050cfc-00005052-34b4384d70cdaa570cb463b493768eba",
    "meta": {
      "served_by": "v3-prod",
      "served_by_region": "APAC",
      "served_by_colo": "SIN",
      "served_by_primary": true,
      "timings": {
        "sql_duration_ms": 3951.597
      },
      "duration": 3951.597,
      "changes": 74331,
      "last_row_id": 3298916,
      "changed_db": true,
      "size_after": 652001280,
      "rows_read": 0,
      "rows_written": 74330,
      "num_tables": 2,
      "total_attempts": 1
    }
  }
]
⚠️  Warning: Unsupported macOS version detected (12.6.0). The Cloudflare Workers runtime may not work correctly on macOS versions below 13.5.0. Consider upgrading to macOS 13.5.0+ or using a DevContainer setup with a supported version of Linux (glibc 2.35+ required).

 ⛅️ wrangler 3.114.17 (update available 4.83.0)
-----------------------------------------------

[33m▲ [43;33m[[43;30mWARNING[43;33m][0m [1mThe version of Wrangler you are using is now out-of-date.[0m

  Please update to the latest version to prevent critical errors.
  Run `npm install --save-dev wrangler@4` to update to the latest version.
  After installation, run Wrangler with `npx wrangler`.


[33m▲ [43;33m[[43;30mWARNING[43;33m][0m [1m⚠️ This process may take some time, during which your D1 database will be unavailable to serve queries.[0m


🌀 Executing on remote database tmdb-seo (ed9a3474-da58-4d3f-b954-a7f55ae525d0):
🌀 To execute on your local development database, remove the --remote flag from your wrangler command.
Note: if the execution fails to complete, your DB will return to its original state and you can safely retry.
├ Checking if file needs uploading
│
├ 🌀 Uploading ed9a3474-da58-4d3f-b954-a7f55ae525d0.8046d87e2871c5b6.sql
│ 🌀 Uploading complete.
│
🌀 Starting import...
🌀 Processed 20185 queries.
🌀 Processed 40338 queries.
🌀 Processed 60545 queries.
🌀 Processed 73930 queries.
🚣 Executed 73930 queries in 3897.11ms (0 rows read, 73930 rows written)
   Database is currently at bookmark 00000004-00052982-00005052-8d100d5a5939f05dc6cf44c95d3ef02f.
[
  {
    "results": [
      {
        "Total queries executed": 73930,
        "Rows read": 0,
        "Rows written": 73930,
        "Database size (MB)": "663.83"
      }
    ],
    "success": true,
    "finalBookmark": "00000004-00052982-00005052-8d100d5a5939f05dc6cf44c95d3ef02f",
    "meta": {
      "served_by": "v3-prod",
      "served_by_region": "APAC",
      "served_by_colo": "SIN",
      "served_by_primary": true,
      "timings": {
        "sql_duration_ms": 3897.1128
      },
      "duration": 3897.1128,
      "changes": 73931,
      "last_row_id": 3372846,
      "changed_db": true,
      "size_after": 663834624,
      "rows_read": 0,
      "rows_written": 73930,
      "num_tables": 2,
      "total_attempts": 1
    }
  }
]
⚠️  Warning: Unsupported macOS version detected (12.6.0). The Cloudflare Workers runtime may not work correctly on macOS versions below 13.5.0. Consider upgrading to macOS 13.5.0+ or using a DevContainer setup with a supported version of Linux (glibc 2.35+ required).

 ⛅️ wrangler 3.114.17 (update available 4.83.0)
-----------------------------------------------

[33m▲ [43;33m[[43;30mWARNING[43;33m][0m [1mThe version of Wrangler you are using is now out-of-date.[0m

  Please update to the latest version to prevent critical errors.
  Run `npm install --save-dev wrangler@4` to update to the latest version.
  After installation, run Wrangler with `npx wrangler`.


[33m▲ [43;33m[[43;30mWARNING[43;33m][0m [1m⚠️ This process may take some time, during which your D1 database will be unavailable to serve queries.[0m


🌀 Executing on remote database tmdb-seo (ed9a3474-da58-4d3f-b954-a7f55ae525d0):
🌀 To execute on your local development database, remove the --remote flag from your wrangler command.
Note: if the execution fails to complete, your DB will return to its original state and you can safely retry.
├ Checking if file needs uploading
│
├ 🌀 Uploading ed9a3474-da58-4d3f-b954-a7f55ae525d0.c1f5d3adeaa7c060.sql
│ 🌀 Uploading complete.
│
🌀 Starting import...
🌀 Processed 20165 queries.
🌀 Processed 40432 queries.
🌀 Processed 60859 queries.
🌀 Processed 74339 queries.
🚣 Executed 74339 queries in 4012.54ms (0 rows read, 74339 rows written)
   Database is currently at bookmark 00000004-00054608-00005052-0aec01083cf40f6f5510f2798068a6eb.
[
  {
    "results": [
      {
        "Total queries executed": 74339,
        "Rows read": 0,
        "Rows written": 74339,
        "Database size (MB)": "675.66"
      }
    ],
    "success": true,
    "finalBookmark": "00000004-00054608-00005052-0aec01083cf40f6f5510f2798068a6eb",
    "meta": {
      "served_by": "v3-prod",
      "served_by_region": "APAC",
      "served_by_colo": "SIN",
      "served_by_primary": true,
      "timings": {
        "sql_duration_ms": 4012.5374
      },
      "duration": 4012.5374,
      "changes": 74340,
      "last_row_id": 3447185,
      "changed_db": true,
      "size_after": 675659776,
      "rows_read": 0,
      "rows_written": 74339,
      "num_tables": 2,
      "total_attempts": 1
    }
  }
]
⚠️  Warning: Unsupported macOS version detected (12.6.0). The Cloudflare Workers runtime may not work correctly on macOS versions below 13.5.0. Consider upgrading to macOS 13.5.0+ or using a DevContainer setup with a supported version of Linux (glibc 2.35+ required).

 ⛅️ wrangler 3.114.17 (update available 4.83.0)
-----------------------------------------------

[33m▲ [43;33m[[43;30mWARNING[43;33m][0m [1mThe version of Wrangler you are using is now out-of-date.[0m

  Please update to the latest version to prevent critical errors.
  Run `npm install --save-dev wrangler@4` to update to the latest version.
  After installation, run Wrangler with `npx wrangler`.


[33m▲ [43;33m[[43;30mWARNING[43;33m][0m [1m⚠️ This process may take some time, during which your D1 database will be unavailable to serve queries.[0m


🌀 Executing on remote database tmdb-seo (ed9a3474-da58-4d3f-b954-a7f55ae525d0):
🌀 To execute on your local development database, remove the --remote flag from your wrangler command.
Note: if the execution fails to complete, your DB will return to its original state and you can safely retry.
├ Checking if file needs uploading
│
├ 🌀 Uploading ed9a3474-da58-4d3f-b954-a7f55ae525d0.1213d100820d6d28.sql
│ 🌀 Uploading complete.
│
🌀 Starting import...
🌀 Processed 20289 queries.
🌀 Processed 40508 queries.
🌀 Processed 60791 queries.
🌀 Processed 74181 queries.
🚣 Executed 74181 queries in 3796.05ms (0 rows read, 74181 rows written)
   Database is currently at bookmark 00000004-0005628e-00005052-7520792b08469ab8f2e1c4f2d23de48e.
[
  {
    "results": [
      {
        "Total queries executed": 74181,
        "Rows read": 0,
        "Rows written": 74181,
        "Database size (MB)": "687.48"
      }
    ],
    "success": true,
    "finalBookmark": "00000004-0005628e-00005052-7520792b08469ab8f2e1c4f2d23de48e",
    "meta": {
      "served_by": "v3-prod",
      "served_by_region": "APAC",
      "served_by_colo": "SIN",
      "served_by_primary": true,
      "timings": {
        "sql_duration_ms": 3796.0533
      },
      "duration": 3796.0533,
      "changes": 74182,
      "last_row_id": 3521366,
      "changed_db": true,
      "size_after": 687476736,
      "rows_read": 0,
      "rows_written": 74181,
      "num_tables": 2,
      "total_attempts": 1
    }
  }
]
⚠️  Warning: Unsupported macOS version detected (12.6.0). The Cloudflare Workers runtime may not work correctly on macOS versions below 13.5.0. Consider upgrading to macOS 13.5.0+ or using a DevContainer setup with a supported version of Linux (glibc 2.35+ required).

 ⛅️ wrangler 3.114.17 (update available 4.83.0)
-----------------------------------------------

[33m▲ [43;33m[[43;30mWARNING[43;33m][0m [1mThe version of Wrangler you are using is now out-of-date.[0m

  Please update to the latest version to prevent critical errors.
  Run `npm install --save-dev wrangler@4` to update to the latest version.
  After installation, run Wrangler with `npx wrangler`.


[33m▲ [43;33m[[43;30mWARNING[43;33m][0m [1m⚠️ This process may take some time, during which your D1 database will be unavailable to serve queries.[0m


🌀 Executing on remote database tmdb-seo (ed9a3474-da58-4d3f-b954-a7f55ae525d0):
🌀 To execute on your local development database, remove the --remote flag from your wrangler command.
Note: if the execution fails to complete, your DB will return to its original state and you can safely retry.
├ Checking if file needs uploading
│
├ 🌀 Uploading ed9a3474-da58-4d3f-b954-a7f55ae525d0.901fc73daefcf2bd.sql
│ 🌀 Uploading complete.
│
🌀 Starting import...
🌀 Processed 20334 queries.
🌀 Processed 40677 queries.
🌀 Processed 60910 queries.
🌀 Processed 74310 queries.
🚣 Executed 74310 queries in 3167.15ms (0 rows read, 74310 rows written)
   Database is currently at bookmark 00000004-00057308-00005052-03fc0427f187c33674e91b200dc352b4.
[
  {
    "results": [
      {
        "Total queries executed": 74310,
        "Rows read": 0,
        "Rows written": 74310,
        "Database size (MB)": "699.30"
      }
    ],
    "success": true,
    "finalBookmark": "00000004-00057308-00005052-03fc0427f187c33674e91b200dc352b4",
    "meta": {
      "served_by": "v3-prod",
      "served_by_region": "APAC",
      "served_by_colo": "SIN",
      "served_by_primary": true,
      "timings": {
        "sql_duration_ms": 3167.1516
      },
      "duration": 3167.1516,
      "changes": 74311,
      "last_row_id": 3595676,
      "changed_db": true,
      "size_after": 699301888,
      "rows_read": 0,
      "rows_written": 74310,
      "num_tables": 2,
      "total_attempts": 1
    }
  }
]
⚠️  Warning: Unsupported macOS version detected (12.6.0). The Cloudflare Workers runtime may not work correctly on macOS versions below 13.5.0. Consider upgrading to macOS 13.5.0+ or using a DevContainer setup with a supported version of Linux (glibc 2.35+ required).

 ⛅️ wrangler 3.114.17 (update available 4.83.0)
-----------------------------------------------

[33m▲ [43;33m[[43;30mWARNING[43;33m][0m [1mThe version of Wrangler you are using is now out-of-date.[0m

  Please update to the latest version to prevent critical errors.
  Run `npm install --save-dev wrangler@4` to update to the latest version.
  After installation, run Wrangler with `npx wrangler`.


[33m▲ [43;33m[[43;30mWARNING[43;33m][0m [1m⚠️ This process may take some time, during which your D1 database will be unavailable to serve queries.[0m


🌀 Executing on remote database tmdb-seo (ed9a3474-da58-4d3f-b954-a7f55ae525d0):
🌀 To execute on your local development database, remove the --remote flag from your wrangler command.
Note: if the execution fails to complete, your DB will return to its original state and you can safely retry.
├ Checking if file needs uploading
│
├ 🌀 Uploading ed9a3474-da58-4d3f-b954-a7f55ae525d0.f499bf6a0ec4767d.sql
│ 🌀 Uploading complete.
│
🌀 Starting import...
🌀 Processed 20223 queries.
🌀 Processed 40541 queries.
🌀 Processed 60832 queries.
🌀 Processed 74224 queries.
🚣 Executed 74224 queries in 6419.23ms (0 rows read, 74224 rows written)
   Database is currently at bookmark 00000004-00058f8e-00005052-ad5e870d49186ed58b3410deadb72c58.
[
  {
    "results": [
      {
        "Total queries executed": 74224,
        "Rows read": 0,
        "Rows written": 74224,
        "Database size (MB)": "711.14"
      }
    ],
    "success": true,
    "finalBookmark": "00000004-00058f8e-00005052-ad5e870d49186ed58b3410deadb72c58",
    "meta": {
      "served_by": "v3-prod",
      "served_by_region": "APAC",
      "served_by_colo": "SIN",
      "served_by_primary": true,
      "timings": {
        "sql_duration_ms": 6419.2328
      },
      "duration": 6419.2328,
      "changes": 74225,
      "last_row_id": 3669900,
      "changed_db": true,
      "size_after": 711139328,
      "rows_read": 0,
      "rows_written": 74224,
      "num_tables": 2,
      "total_attempts": 1
    }
  }
]
⚠️  Warning: Unsupported macOS version detected (12.6.0). The Cloudflare Workers runtime may not work correctly on macOS versions below 13.5.0. Consider upgrading to macOS 13.5.0+ or using a DevContainer setup with a supported version of Linux (glibc 2.35+ required).

 ⛅️ wrangler 3.114.17 (update available 4.83.0)
-----------------------------------------------

[33m▲ [43;33m[[43;30mWARNING[43;33m][0m [1mThe version of Wrangler you are using is now out-of-date.[0m

  Please update to the latest version to prevent critical errors.
  Run `npm install --save-dev wrangler@4` to update to the latest version.
  After installation, run Wrangler with `npx wrangler`.


[33m▲ [43;33m[[43;30mWARNING[43;33m][0m [1m⚠️ This process may take some time, during which your D1 database will be unavailable to serve queries.[0m


🌀 Executing on remote database tmdb-seo (ed9a3474-da58-4d3f-b954-a7f55ae525d0):
🌀 To execute on your local development database, remove the --remote flag from your wrangler command.
Note: if the execution fails to complete, your DB will return to its original state and you can safely retry.
├ Checking if file needs uploading
│
├ 🌀 Uploading ed9a3474-da58-4d3f-b954-a7f55ae525d0.f89db9e6ab82bf59.sql
│ 🌀 Uploading complete.
│
🌀 Starting import...
🌀 Processed 20301 queries.
🌀 Processed 40676 queries.
🌀 Processed 61030 queries.
🌀 Processed 74515 queries.
🚣 Executed 74515 queries in 4237.52ms (0 rows read, 74515 rows written)
   Database is currently at bookmark 00000004-0005ac14-00005052-a71c3c60ac32016bb9649084af1f7cc7.
[
  {
    "results": [
      {
        "Total queries executed": 74515,
        "Rows read": 0,
        "Rows written": 74515,
        "Database size (MB)": "722.95"
      }
    ],
    "success": true,
    "finalBookmark": "00000004-0005ac14-00005052-a71c3c60ac32016bb9649084af1f7cc7",
    "meta": {
      "served_by": "v3-prod",
      "served_by_region": "APAC",
      "served_by_colo": "SIN",
      "served_by_primary": true,
      "timings": {
        "sql_duration_ms": 4237.5224
      },
      "duration": 4237.5224,
      "changes": 74516,
      "last_row_id": 3744415,
      "changed_db": true,
      "size_after": 722948096,
      "rows_read": 0,
      "rows_written": 74515,
      "num_tables": 2,
      "total_attempts": 1
    }
  }
]
⚠️  Warning: Unsupported macOS version detected (12.6.0). The Cloudflare Workers runtime may not work correctly on macOS versions below 13.5.0. Consider upgrading to macOS 13.5.0+ or using a DevContainer setup with a supported version of Linux (glibc 2.35+ required).

 ⛅️ wrangler 3.114.17 (update available 4.83.0)
-----------------------------------------------

[33m▲ [43;33m[[43;30mWARNING[43;33m][0m [1mThe version of Wrangler you are using is now out-of-date.[0m

  Please update to the latest version to prevent critical errors.
  Run `npm install --save-dev wrangler@4` to update to the latest version.
  After installation, run Wrangler with `npx wrangler`.


[33m▲ [43;33m[[43;30mWARNING[43;33m][0m [1m⚠️ This process may take some time, during which your D1 database will be unavailable to serve queries.[0m


🌀 Executing on remote database tmdb-seo (ed9a3474-da58-4d3f-b954-a7f55ae525d0):
🌀 To execute on your local development database, remove the --remote flag from your wrangler command.
Note: if the execution fails to complete, your DB will return to its original state and you can safely retry.
├ Checking if file needs uploading
│
├ 🌀 Uploading ed9a3474-da58-4d3f-b954-a7f55ae525d0.451d74405d5871e4.sql
│ 🌀 Uploading complete.
│
🌀 Starting import...
🌀 Processed 20268 queries.
🌀 Processed 40386 queries.
🌀 Processed 60487 queries.
🌀 Processed 73861 queries.
🚣 Executed 73861 queries in 3637.52ms (0 rows read, 73861 rows written)
   Database is currently at bookmark 00000004-0005c89a-00005052-19aa02a8c9c7c3a55f4a330d650c203c.
[
  {
    "results": [
      {
        "Total queries executed": 73861,
        "Rows read": 0,
        "Rows written": 73861,
        "Database size (MB)": "734.78"
      }
    ],
    "success": true,
    "finalBookmark": "00000004-0005c89a-00005052-19aa02a8c9c7c3a55f4a330d650c203c",
    "meta": {
      "served_by": "v3-prod",
      "served_by_region": "APAC",
      "served_by_colo": "SIN",
      "served_by_primary": true,
      "timings": {
        "sql_duration_ms": 3637.5231
      },
      "duration": 3637.5231,
      "changes": 73862,
      "last_row_id": 3818276,
      "changed_db": true,
      "size_after": 734777344,
      "rows_read": 0,
      "rows_written": 73861,
      "num_tables": 2,
      "total_attempts": 1
    }
  }
]
⚠️  Warning: Unsupported macOS version detected (12.6.0). The Cloudflare Workers runtime may not work correctly on macOS versions below 13.5.0. Consider upgrading to macOS 13.5.0+ or using a DevContainer setup with a supported version of Linux (glibc 2.35+ required).

 ⛅️ wrangler 3.114.17 (update available 4.83.0)
-----------------------------------------------

[33m▲ [43;33m[[43;30mWARNING[43;33m][0m [1mThe version of Wrangler you are using is now out-of-date.[0m

  Please update to the latest version to prevent critical errors.
  Run `npm install --save-dev wrangler@4` to update to the latest version.
  After installation, run Wrangler with `npx wrangler`.


[33m▲ [43;33m[[43;30mWARNING[43;33m][0m [1m⚠️ This process may take some time, during which your D1 database will be unavailable to serve queries.[0m


🌀 Executing on remote database tmdb-seo (ed9a3474-da58-4d3f-b954-a7f55ae525d0):
🌀 To execute on your local development database, remove the --remote flag from your wrangler command.
Note: if the execution fails to complete, your DB will return to its original state and you can safely retry.
├ Checking if file needs uploading
│
├ 🌀 Uploading ed9a3474-da58-4d3f-b954-a7f55ae525d0.594c1c78bcb7c7f0.sql
│ 🌀 Uploading complete.
│
🌀 Starting import...
🌀 Processed 20243 queries.
🌀 Processed 40425 queries.
🌀 Processed 60648 queries.
🌀 Processed 74131 queries.
🚣 Executed 74131 queries in 4148.65ms (0 rows read, 74131 rows written)
   Database is currently at bookmark 00000004-0005e520-00005052-c61cd673615754539b0e46220de5db84.
[
  {
    "results": [
      {
        "Total queries executed": 74131,
        "Rows read": 0,
        "Rows written": 74131,
        "Database size (MB)": "746.61"
      }
    ],
    "success": true,
    "finalBookmark": "00000004-0005e520-00005052-c61cd673615754539b0e46220de5db84",
    "meta": {
      "served_by": "v3-prod",
      "served_by_region": "APAC",
      "served_by_colo": "SIN",
      "served_by_primary": true,
      "timings": {
        "sql_duration_ms": 4148.6462
      },
      "duration": 4148.6462,
      "changes": 74132,
      "last_row_id": 3892407,
      "changed_db": true,
      "size_after": 746610688,
      "rows_read": 0,
      "rows_written": 74131,
      "num_tables": 2,
      "total_attempts": 1
    }
  }
]
⚠️  Warning: Unsupported macOS version detected (12.6.0). The Cloudflare Workers runtime may not work correctly on macOS versions below 13.5.0. Consider upgrading to macOS 13.5.0+ or using a DevContainer setup with a supported version of Linux (glibc 2.35+ required).

 ⛅️ wrangler 3.114.17 (update available 4.83.0)
-----------------------------------------------

[33m▲ [43;33m[[43;30mWARNING[43;33m][0m [1mThe version of Wrangler you are using is now out-of-date.[0m

  Please update to the latest version to prevent critical errors.
  Run `npm install --save-dev wrangler@4` to update to the latest version.
  After installation, run Wrangler with `npx wrangler`.


[33m▲ [43;33m[[43;30mWARNING[43;33m][0m [1m⚠️ This process may take some time, during which your D1 database will be unavailable to serve queries.[0m


🌀 Executing on remote database tmdb-seo (ed9a3474-da58-4d3f-b954-a7f55ae525d0):
🌀 To execute on your local development database, remove the --remote flag from your wrangler command.
Note: if the execution fails to complete, your DB will return to its original state and you can safely retry.
├ Checking if file needs uploading
│
├ 🌀 Uploading ed9a3474-da58-4d3f-b954-a7f55ae525d0.72787f318b39b7d1.sql
│ 🌀 Uploading complete.
│
🌀 Starting import...
🌀 Processed 20383 queries.
🌀 Processed 40780 queries.
🌀 Processed 61136 queries.
🌀 Processed 74587 queries.
🚣 Executed 74587 queries in 4365.80ms (0 rows read, 74587 rows written)
   Database is currently at bookmark 00000004-000601a6-00005052-64bd22727752b25b24cec6a3f23e488d.
[
  {
    "results": [
      {
        "Total queries executed": 74587,
        "Rows read": 0,
        "Rows written": 74587,
        "Database size (MB)": "758.41"
      }
    ],
    "success": true,
    "finalBookmark": "00000004-000601a6-00005052-64bd22727752b25b24cec6a3f23e488d",
    "meta": {
      "served_by": "v3-prod",
      "served_by_region": "APAC",
      "served_by_colo": "SIN",
      "served_by_primary": true,
      "timings": {
        "sql_duration_ms": 4365.7985
      },
      "duration": 4365.7985,
      "changes": 74588,
      "last_row_id": 3966994,
      "changed_db": true,
      "size_after": 758411264,
      "rows_read": 0,
      "rows_written": 74587,
      "num_tables": 2,
      "total_attempts": 1
    }
  }
]
⚠️  Warning: Unsupported macOS version detected (12.6.0). The Cloudflare Workers runtime may not work correctly on macOS versions below 13.5.0. Consider upgrading to macOS 13.5.0+ or using a DevContainer setup with a supported version of Linux (glibc 2.35+ required).

 ⛅️ wrangler 3.114.17 (update available 4.83.0)
-----------------------------------------------

[33m▲ [43;33m[[43;30mWARNING[43;33m][0m [1mThe version of Wrangler you are using is now out-of-date.[0m

  Please update to the latest version to prevent critical errors.
  Run `npm install --save-dev wrangler@4` to update to the latest version.
  After installation, run Wrangler with `npx wrangler`.


[33m▲ [43;33m[[43;30mWARNING[43;33m][0m [1m⚠️ This process may take some time, during which your D1 database will be unavailable to serve queries.[0m


🌀 Executing on remote database tmdb-seo (ed9a3474-da58-4d3f-b954-a7f55ae525d0):
🌀 To execute on your local development database, remove the --remote flag from your wrangler command.
Note: if the execution fails to complete, your DB will return to its original state and you can safely retry.
├ Checking if file needs uploading
│
├ 🌀 Uploading ed9a3474-da58-4d3f-b954-a7f55ae525d0.9e40ffb13a3aff2c.sql
│ 🌀 Uploading complete.
│
🌀 Starting import...
🌀 Processed 20327 queries.
🌀 Processed 40448 queries.
🌀 Processed 60787 queries.
🌀 Processed 74254 queries.
🚣 Executed 74254 queries in 5570.31ms (0 rows read, 74254 rows written)
   Database is currently at bookmark 00000004-00061e2a-00005052-c71397f03dad22cfc07d4cc9568dc2c0.
[
  {
    "results": [
      {
        "Total queries executed": 74254,
        "Rows read": 0,
        "Rows written": 74254,
        "Database size (MB)": "770.24"
      }
    ],
    "success": true,
    "finalBookmark": "00000004-00061e2a-00005052-c71397f03dad22cfc07d4cc9568dc2c0",
    "meta": {
      "served_by": "v3-prod",
      "served_by_region": "APAC",
      "served_by_colo": "SIN",
      "served_by_primary": true,
      "timings": {
        "sql_duration_ms": 5570.3064
      },
      "duration": 5570.3064,
      "changes": 74255,
      "last_row_id": 4041248,
      "changed_db": true,
      "size_after": 770236416,
      "rows_read": 0,
      "rows_written": 74254,
      "num_tables": 2,
      "total_attempts": 1
    }
  }
]
⚠️  Warning: Unsupported macOS version detected (12.6.0). The Cloudflare Workers runtime may not work correctly on macOS versions below 13.5.0. Consider upgrading to macOS 13.5.0+ or using a DevContainer setup with a supported version of Linux (glibc 2.35+ required).

 ⛅️ wrangler 3.114.17 (update available 4.83.0)
-----------------------------------------------

[33m▲ [43;33m[[43;30mWARNING[43;33m][0m [1mThe version of Wrangler you are using is now out-of-date.[0m

  Please update to the latest version to prevent critical errors.
  Run `npm install --save-dev wrangler@4` to update to the latest version.
  After installation, run Wrangler with `npx wrangler`.


[33m▲ [43;33m[[43;30mWARNING[43;33m][0m [1m⚠️ This process may take some time, during which your D1 database will be unavailable to serve queries.[0m


🌀 Executing on remote database tmdb-seo (ed9a3474-da58-4d3f-b954-a7f55ae525d0):
🌀 To execute on your local development database, remove the --remote flag from your wrangler command.
Note: if the execution fails to complete, your DB will return to its original state and you can safely retry.
├ Checking if file needs uploading
│
├ 🌀 Uploading ed9a3474-da58-4d3f-b954-a7f55ae525d0.51907317daba96a7.sql
│ 🌀 Uploading complete.
│
🌀 Starting import...
🌀 Processed 20264 queries.
🌀 Processed 40501 queries.
🌀 Processed 60737 queries.
🌀 Processed 74087 queries.
🚣 Executed 74087 queries in 3918.88ms (0 rows read, 74087 rows written)
   Database is currently at bookmark 00000004-00063ab0-00005052-b60a96b1e5180a76efd86fb8cf089a36.
[
  {
    "results": [
      {
        "Total queries executed": 74087,
        "Rows read": 0,
        "Rows written": 74087,
        "Database size (MB)": "782.07"
      }
    ],
    "success": true,
    "finalBookmark": "00000004-00063ab0-00005052-b60a96b1e5180a76efd86fb8cf089a36",
    "meta": {
      "served_by": "v3-prod",
      "served_by_region": "APAC",
      "served_by_colo": "SIN",
      "served_by_primary": true,
      "timings": {
        "sql_duration_ms": 3918.8754
      },
      "duration": 3918.8754,
      "changes": 74088,
      "last_row_id": 4115335,
      "changed_db": true,
      "size_after": 782065664,
      "rows_read": 0,
      "rows_written": 74087,
      "num_tables": 2,
      "total_attempts": 1
    }
  }
]
⚠️  Warning: Unsupported macOS version detected (12.6.0). The Cloudflare Workers runtime may not work correctly on macOS versions below 13.5.0. Consider upgrading to macOS 13.5.0+ or using a DevContainer setup with a supported version of Linux (glibc 2.35+ required).

 ⛅️ wrangler 3.114.17 (update available 4.83.0)
-----------------------------------------------

[33m▲ [43;33m[[43;30mWARNING[43;33m][0m [1mThe version of Wrangler you are using is now out-of-date.[0m

  Please update to the latest version to prevent critical errors.
  Run `npm install --save-dev wrangler@4` to update to the latest version.
  After installation, run Wrangler with `npx wrangler`.


[33m▲ [43;33m[[43;30mWARNING[43;33m][0m [1m⚠️ This process may take some time, during which your D1 database will be unavailable to serve queries.[0m


🌀 Executing on remote database tmdb-seo (ed9a3474-da58-4d3f-b954-a7f55ae525d0):
🌀 To execute on your local development database, remove the --remote flag from your wrangler command.
Note: if the execution fails to complete, your DB will return to its original state and you can safely retry.
├ Checking if file needs uploading
│
├ 🌀 Uploading ed9a3474-da58-4d3f-b954-a7f55ae525d0.4f83065e95a50fb6.sql
│ 🌀 Uploading complete.
│
🌀 Starting import...
🌀 Processed 20259 queries.
🌀 Processed 40633 queries.
🌀 Processed 60976 queries.
🌀 Processed 74444 queries.
🚣 Executed 74444 queries in 4222.54ms (0 rows read, 74444 rows written)
   Database is currently at bookmark 00000004-00065736-00005052-4d07b97e5a8edd370a601ecaa7775911.
[
  {
    "results": [
      {
        "Total queries executed": 74444,
        "Rows read": 0,
        "Rows written": 74444,
        "Database size (MB)": "793.89"
      }
    ],
    "success": true,
    "finalBookmark": "00000004-00065736-00005052-4d07b97e5a8edd370a601ecaa7775911",
    "meta": {
      "served_by": "v3-prod",
      "served_by_region": "APAC",
      "served_by_colo": "SIN",
      "served_by_primary": true,
      "timings": {
        "sql_duration_ms": 4222.5396
      },
      "duration": 4222.5396,
      "changes": 74445,
      "last_row_id": 4189779,
      "changed_db": true,
      "size_after": 793890816,
      "rows_read": 0,
      "rows_written": 74444,
      "num_tables": 2,
      "total_attempts": 1
    }
  }
]
⚠️  Warning: Unsupported macOS version detected (12.6.0). The Cloudflare Workers runtime may not work correctly on macOS versions below 13.5.0. Consider upgrading to macOS 13.5.0+ or using a DevContainer setup with a supported version of Linux (glibc 2.35+ required).

 ⛅️ wrangler 3.114.17 (update available 4.83.0)
-----------------------------------------------

[33m▲ [43;33m[[43;30mWARNING[43;33m][0m [1mThe version of Wrangler you are using is now out-of-date.[0m

  Please update to the latest version to prevent critical errors.
  Run `npm install --save-dev wrangler@4` to update to the latest version.
  After installation, run Wrangler with `npx wrangler`.


[33m▲ [43;33m[[43;30mWARNING[43;33m][0m [1m⚠️ This process may take some time, during which your D1 database will be unavailable to serve queries.[0m


🌀 Executing on remote database tmdb-seo (ed9a3474-da58-4d3f-b954-a7f55ae525d0):
🌀 To execute on your local development database, remove the --remote flag from your wrangler command.
Note: if the execution fails to complete, your DB will return to its original state and you can safely retry.
├ Checking if file needs uploading
│
├ 🌀 Uploading ed9a3474-da58-4d3f-b954-a7f55ae525d0.96b778e1c3bdb254.sql
│ 🌀 Uploading complete.
│
🌀 Starting import...
🌀 Processed 20371 queries.
🌀 Processed 40676 queries.
🌀 Processed 60929 queries.
🌀 Processed 74327 queries.
🚣 Executed 74327 queries in 3741.66ms (0 rows read, 74327 rows written)
   Database is currently at bookmark 00000004-000673bc-00005052-7b064ef2b7bb3e13be1985f362292c9d.
[
  {
    "results": [
      {
        "Total queries executed": 74327,
        "Rows read": 0,
        "Rows written": 74327,
        "Database size (MB)": "805.70"
      }
    ],
    "success": true,
    "finalBookmark": "00000004-000673bc-00005052-7b064ef2b7bb3e13be1985f362292c9d",
    "meta": {
      "served_by": "v3-prod",
      "served_by_region": "APAC",
      "served_by_colo": "SIN",
      "served_by_primary": true,
      "timings": {
        "sql_duration_ms": 3741.6591
      },
      "duration": 3741.6591,
      "changes": 74328,
      "last_row_id": 4264106,
      "changed_db": true,
      "size_after": 805699584,
      "rows_read": 0,
      "rows_written": 74327,
      "num_tables": 2,
      "total_attempts": 1
    }
  }
]
⚠️  Warning: Unsupported macOS version detected (12.6.0). The Cloudflare Workers runtime may not work correctly on macOS versions below 13.5.0. Consider upgrading to macOS 13.5.0+ or using a DevContainer setup with a supported version of Linux (glibc 2.35+ required).

 ⛅️ wrangler 3.114.17 (update available 4.83.0)
-----------------------------------------------

[33m▲ [43;33m[[43;30mWARNING[43;33m][0m [1mThe version of Wrangler you are using is now out-of-date.[0m

  Please update to the latest version to prevent critical errors.
  Run `npm install --save-dev wrangler@4` to update to the latest version.
  After installation, run Wrangler with `npx wrangler`.


[33m▲ [43;33m[[43;30mWARNING[43;33m][0m [1m⚠️ This process may take some time, during which your D1 database will be unavailable to serve queries.[0m


🌀 Executing on remote database tmdb-seo (ed9a3474-da58-4d3f-b954-a7f55ae525d0):
🌀 To execute on your local development database, remove the --remote flag from your wrangler command.
Note: if the execution fails to complete, your DB will return to its original state and you can safely retry.
├ Checking if file needs uploading
│
├ 🌀 Uploading ed9a3474-da58-4d3f-b954-a7f55ae525d0.e3d1bac6f302c5ab.sql
│ 🌀 Uploading complete.
│
🌀 Starting import...
🌀 Processed 20220 queries.
🌀 Processed 40275 queries.
🌀 Processed 60599 queries.
🌀 Processed 74004 queries.
🚣 Executed 74004 queries in 3653.47ms (0 rows read, 74004 rows written)
   Database is currently at bookmark 00000004-00069042-00005052-7d68578805a0f63a52492e2063461b34.
[
  {
    "results": [
      {
        "Total queries executed": 74004,
        "Rows read": 0,
        "Rows written": 74004,
        "Database size (MB)": "817.54"
      }
    ],
    "success": true,
    "finalBookmark": "00000004-00069042-00005052-7d68578805a0f63a52492e2063461b34",
    "meta": {
      "served_by": "v3-prod",
      "served_by_region": "APAC",
      "served_by_colo": "SIN",
      "served_by_primary": true,
      "timings": {
        "sql_duration_ms": 3653.4735
      },
      "duration": 3653.4735,
      "changes": 74005,
      "last_row_id": 4338110,
      "changed_db": true,
      "size_after": 817541120,
      "rows_read": 0,
      "rows_written": 74004,
      "num_tables": 2,
      "total_attempts": 1
    }
  }
]
⚠️  Warning: Unsupported macOS version detected (12.6.0). The Cloudflare Workers runtime may not work correctly on macOS versions below 13.5.0. Consider upgrading to macOS 13.5.0+ or using a DevContainer setup with a supported version of Linux (glibc 2.35+ required).

 ⛅️ wrangler 3.114.17 (update available 4.83.0)
-----------------------------------------------

[33m▲ [43;33m[[43;30mWARNING[43;33m][0m [1mThe version of Wrangler you are using is now out-of-date.[0m

  Please update to the latest version to prevent critical errors.
  Run `npm install --save-dev wrangler@4` to update to the latest version.
  After installation, run Wrangler with `npx wrangler`.


[33m▲ [43;33m[[43;30mWARNING[43;33m][0m [1m⚠️ This process may take some time, during which your D1 database will be unavailable to serve queries.[0m


🌀 Executing on remote database tmdb-seo (ed9a3474-da58-4d3f-b954-a7f55ae525d0):
🌀 To execute on your local development database, remove the --remote flag from your wrangler command.
Note: if the execution fails to complete, your DB will return to its original state and you can safely retry.
├ Checking if file needs uploading
│
├ 🌀 Uploading ed9a3474-da58-4d3f-b954-a7f55ae525d0.71d9bb088c4485a3.sql
│ 🌀 Uploading complete.
│
🌀 Starting import...
🌀 Processed 20150 queries.
🌀 Processed 40415 queries.
🌀 Processed 60771 queries.
🌀 Processed 74228 queries.
🚣 Executed 74228 queries in 3369.49ms (0 rows read, 74228 rows written)
   Database is currently at bookmark 00000004-0006acc8-00005052-b3f134ac4a98787f07d349a692c34b9e.
[
  {
    "results": [
      {
        "Total queries executed": 74228,
        "Rows read": 0,
        "Rows written": 74228,
        "Database size (MB)": "829.37"
      }
    ],
    "success": true,
    "finalBookmark": "00000004-0006acc8-00005052-b3f134ac4a98787f07d349a692c34b9e",
    "meta": {
      "served_by": "v3-prod",
      "served_by_region": "APAC",
      "served_by_colo": "SIN",
      "served_by_primary": true,
      "timings": {
        "sql_duration_ms": 3369.4856
      },
      "duration": 3369.4856,
      "changes": 74229,
      "last_row_id": 4412338,
      "changed_db": true,
      "size_after": 829366272,
      "rows_read": 0,
      "rows_written": 74228,
      "num_tables": 2,
      "total_attempts": 1
    }
  }
]
⚠️  Warning: Unsupported macOS version detected (12.6.0). The Cloudflare Workers runtime may not work correctly on macOS versions below 13.5.0. Consider upgrading to macOS 13.5.0+ or using a DevContainer setup with a supported version of Linux (glibc 2.35+ required).

 ⛅️ wrangler 3.114.17 (update available 4.83.0)
-----------------------------------------------

[33m▲ [43;33m[[43;30mWARNING[43;33m][0m [1mThe version of Wrangler you are using is now out-of-date.[0m

  Please update to the latest version to prevent critical errors.
  Run `npm install --save-dev wrangler@4` to update to the latest version.
  After installation, run Wrangler with `npx wrangler`.


[33m▲ [43;33m[[43;30mWARNING[43;33m][0m [1m⚠️ This process may take some time, during which your D1 database will be unavailable to serve queries.[0m


🌀 Executing on remote database tmdb-seo (ed9a3474-da58-4d3f-b954-a7f55ae525d0):
🌀 To execute on your local development database, remove the --remote flag from your wrangler command.
Note: if the execution fails to complete, your DB will return to its original state and you can safely retry.
├ Checking if file needs uploading
│
├ 🌀 Uploading ed9a3474-da58-4d3f-b954-a7f55ae525d0.968cd56c2fd76035.sql
│ 🌀 Uploading complete.
│
🌀 Starting import...
🌀 Processed 20296 queries.
🌀 Processed 40557 queries.
🌀 Processed 60918 queries.
🌀 Processed 74375 queries.
🚣 Executed 74375 queries in 3342.36ms (0 rows read, 74375 rows written)
   Database is currently at bookmark 00000004-0006c94e-00005052-05e123dd03e1ee53ef51f49e58a6b26d.
[
  {
    "results": [
      {
        "Total queries executed": 74375,
        "Rows read": 0,
        "Rows written": 74375,
        "Database size (MB)": "841.19"
      }
    ],
    "success": true,
    "finalBookmark": "00000004-0006c94e-00005052-05e123dd03e1ee53ef51f49e58a6b26d",
    "meta": {
      "served_by": "v3-prod",
      "served_by_region": "APAC",
      "served_by_colo": "SIN",
      "served_by_primary": true,
      "timings": {
        "sql_duration_ms": 3342.3586
      },
      "duration": 3342.3586,
      "changes": 74376,
      "last_row_id": 4486713,
      "changed_db": true,
      "size_after": 841187328,
      "rows_read": 0,
      "rows_written": 74375,
      "num_tables": 2,
      "total_attempts": 1
    }
  }
]
⚠️  Warning: Unsupported macOS version detected (12.6.0). The Cloudflare Workers runtime may not work correctly on macOS versions below 13.5.0. Consider upgrading to macOS 13.5.0+ or using a DevContainer setup with a supported version of Linux (glibc 2.35+ required).

 ⛅️ wrangler 3.114.17 (update available 4.83.0)
-----------------------------------------------

[33m▲ [43;33m[[43;30mWARNING[43;33m][0m [1mThe version of Wrangler you are using is now out-of-date.[0m

  Please update to the latest version to prevent critical errors.
  Run `npm install --save-dev wrangler@4` to update to the latest version.
  After installation, run Wrangler with `npx wrangler`.


[33m▲ [43;33m[[43;30mWARNING[43;33m][0m [1m⚠️ This process may take some time, during which your D1 database will be unavailable to serve queries.[0m


🌀 Executing on remote database tmdb-seo (ed9a3474-da58-4d3f-b954-a7f55ae525d0):
🌀 To execute on your local development database, remove the --remote flag from your wrangler command.
Note: if the execution fails to complete, your DB will return to its original state and you can safely retry.
├ Checking if file needs uploading
│
├ 🌀 Uploading ed9a3474-da58-4d3f-b954-a7f55ae525d0.8879d26c37121f1c.sql
│ 🌀 Uploading complete.
│
🌀 Starting import...
🌀 Processed 20304 queries.
🌀 Processed 40520 queries.
🌀 Processed 60805 queries.
🌀 Processed 74239 queries.
🚣 Executed 74239 queries in 3583.59ms (0 rows read, 74239 rows written)
   Database is currently at bookmark 00000004-0006e08f-00005052-422115e8bc2352958777783d30307d3b.
[
  {
    "results": [
      {
        "Total queries executed": 74239,
        "Rows read": 0,
        "Rows written": 74239,
        "Database size (MB)": "853.01"
      }
    ],
    "success": true,
    "finalBookmark": "00000004-0006e08f-00005052-422115e8bc2352958777783d30307d3b",
    "meta": {
      "served_by": "v3-prod",
      "served_by_region": "APAC",
      "served_by_colo": "SIN",
      "served_by_primary": true,
      "timings": {
        "sql_duration_ms": 3583.5938
      },
      "duration": 3583.5938,
      "changes": 74240,
      "last_row_id": 4560952,
      "changed_db": true,
      "size_after": 853008384,
      "rows_read": 0,
      "rows_written": 74239,
      "num_tables": 2,
      "total_attempts": 1
    }
  }
]
⚠️  Warning: Unsupported macOS version detected (12.6.0). The Cloudflare Workers runtime may not work correctly on macOS versions below 13.5.0. Consider upgrading to macOS 13.5.0+ or using a DevContainer setup with a supported version of Linux (glibc 2.35+ required).

 ⛅️ wrangler 3.114.17 (update available 4.83.0)
-----------------------------------------------

[33m▲ [43;33m[[43;30mWARNING[43;33m][0m [1mThe version of Wrangler you are using is now out-of-date.[0m

  Please update to the latest version to prevent critical errors.
  Run `npm install --save-dev wrangler@4` to update to the latest version.
  After installation, run Wrangler with `npx wrangler`.


[33m▲ [43;33m[[43;30mWARNING[43;33m][0m [1m⚠️ This process may take some time, during which your D1 database will be unavailable to serve queries.[0m


🌀 Executing on remote database tmdb-seo (ed9a3474-da58-4d3f-b954-a7f55ae525d0):
🌀 To execute on your local development database, remove the --remote flag from your wrangler command.
Note: if the execution fails to complete, your DB will return to its original state and you can safely retry.
├ Checking if file needs uploading
│
├ 🌀 Uploading ed9a3474-da58-4d3f-b954-a7f55ae525d0.ab9c487cb42d839d.sql
│ 🌀 Uploading complete.
│
🌀 Starting import...
🌀 Processed 20268 queries.
🌀 Processed 40482 queries.
🌀 Processed 60574 queries.
🌀 Processed 74094 queries.
🚣 Executed 74094 queries in 4153.44ms (0 rows read, 74094 rows written)
   Database is currently at bookmark 00000004-0006fd15-00005052-9b9291aa98d14eccc30f982f73fab568.
[
  {
    "results": [
      {
        "Total queries executed": 74094,
        "Rows read": 0,
        "Rows written": 74094,
        "Database size (MB)": "864.85"
      }
    ],
    "success": true,
    "finalBookmark": "00000004-0006fd15-00005052-9b9291aa98d14eccc30f982f73fab568",
    "meta": {
      "served_by": "v3-prod",
      "served_by_region": "APAC",
      "served_by_colo": "SIN",
      "served_by_primary": true,
      "timings": {
        "sql_duration_ms": 4153.4447
      },
      "duration": 4153.4447,
      "changes": 74095,
      "last_row_id": 4635046,
      "changed_db": true,
      "size_after": 864849920,
      "rows_read": 0,
      "rows_written": 74094,
      "num_tables": 2,
      "total_attempts": 1
    }
  }
]
⚠️  Warning: Unsupported macOS version detected (12.6.0). The Cloudflare Workers runtime may not work correctly on macOS versions below 13.5.0. Consider upgrading to macOS 13.5.0+ or using a DevContainer setup with a supported version of Linux (glibc 2.35+ required).

 ⛅️ wrangler 3.114.17 (update available 4.83.0)
-----------------------------------------------

[33m▲ [43;33m[[43;30mWARNING[43;33m][0m [1mThe version of Wrangler you are using is now out-of-date.[0m

  Please update to the latest version to prevent critical errors.
  Run `npm install --save-dev wrangler@4` to update to the latest version.
  After installation, run Wrangler with `npx wrangler`.


[33m▲ [43;33m[[43;30mWARNING[43;33m][0m [1m⚠️ This process may take some time, during which your D1 database will be unavailable to serve queries.[0m


🌀 Executing on remote database tmdb-seo (ed9a3474-da58-4d3f-b954-a7f55ae525d0):
🌀 To execute on your local development database, remove the --remote flag from your wrangler command.
Note: if the execution fails to complete, your DB will return to its original state and you can safely retry.
├ Checking if file needs uploading
│
├ 🌀 Uploading ed9a3474-da58-4d3f-b954-a7f55ae525d0.f1ded126f5b1f94f.sql
│ 🌀 Uploading complete.
│
🌀 Starting import...
🌀 Processed 20398 queries.
🌀 Processed 40735 queries.
🌀 Processed 61054 queries.
🌀 Processed 74462 queries.
🚣 Executed 74462 queries in 6179.66ms (0 rows read, 74462 rows written)
   Database is currently at bookmark 00000004-0007199b-00005052-7681cf8b8e0c28c0cc456e98f94329f7.
[
  {
    "results": [
      {
        "Total queries executed": 74462,
        "Rows read": 0,
        "Rows written": 74462,
        "Database size (MB)": "876.67"
      }
    ],
    "success": true,
    "finalBookmark": "00000004-0007199b-00005052-7681cf8b8e0c28c0cc456e98f94329f7",
    "meta": {
      "served_by": "v3-prod",
      "served_by_region": "APAC",
      "served_by_colo": "SIN",
      "served_by_primary": true,
      "timings": {
        "sql_duration_ms": 6179.6555
      },
      "duration": 6179.6555,
      "changes": 74463,
      "last_row_id": 4709508,
      "changed_db": true,
      "size_after": 876670976,
      "rows_read": 0,
      "rows_written": 74462,
      "num_tables": 2,
      "total_attempts": 1
    }
  }
]
⚠️  Warning: Unsupported macOS version detected (12.6.0). The Cloudflare Workers runtime may not work correctly on macOS versions below 13.5.0. Consider upgrading to macOS 13.5.0+ or using a DevContainer setup with a supported version of Linux (glibc 2.35+ required).

 ⛅️ wrangler 3.114.17 (update available 4.83.0)
-----------------------------------------------

[33m▲ [43;33m[[43;30mWARNING[43;33m][0m [1mThe version of Wrangler you are using is now out-of-date.[0m

  Please update to the latest version to prevent critical errors.
  Run `npm install --save-dev wrangler@4` to update to the latest version.
  After installation, run Wrangler with `npx wrangler`.


[33m▲ [43;33m[[43;30mWARNING[43;33m][0m [1m⚠️ This process may take some time, during which your D1 database will be unavailable to serve queries.[0m


🌀 Executing on remote database tmdb-seo (ed9a3474-da58-4d3f-b954-a7f55ae525d0):
🌀 To execute on your local development database, remove the --remote flag from your wrangler command.
Note: if the execution fails to complete, your DB will return to its original state and you can safely retry.
├ Checking if file needs uploading
│
├ 🌀 Uploading ed9a3474-da58-4d3f-b954-a7f55ae525d0.17f790c36d7b00fa.sql
│ 🌀 Uploading complete.
│
🌀 Starting import...
🌀 Processed 20267 queries.
🌀 Processed 40486 queries.
🌀 Processed 60639 queries.
🌀 Processed 73913 queries.
🚣 Executed 73913 queries in 4403.25ms (0 rows read, 73913 rows written)
   Database is currently at bookmark 00000004-00073621-00005052-0d90fff94e42b2682444251a2d0829ff.
[
  {
    "results": [
      {
        "Total queries executed": 73913,
        "Rows read": 0,
        "Rows written": 73913,
        "Database size (MB)": "888.50"
      }
    ],
    "success": true,
    "finalBookmark": "00000004-00073621-00005052-0d90fff94e42b2682444251a2d0829ff",
    "meta": {
      "served_by": "v3-prod",
      "served_by_region": "APAC",
      "served_by_colo": "SIN",
      "served_by_primary": true,
      "timings": {
        "sql_duration_ms": 4403.2483
      },
      "duration": 4403.2483,
      "changes": 73914,
      "last_row_id": 4783421,
      "changed_db": true,
      "size_after": 888496128,
      "rows_read": 0,
      "rows_written": 73913,
      "num_tables": 2,
      "total_attempts": 1
    }
  }
]
⚠️  Warning: Unsupported macOS version detected (12.6.0). The Cloudflare Workers runtime may not work correctly on macOS versions below 13.5.0. Consider upgrading to macOS 13.5.0+ or using a DevContainer setup with a supported version of Linux (glibc 2.35+ required).

 ⛅️ wrangler 3.114.17 (update available 4.83.0)
-----------------------------------------------

[33m▲ [43;33m[[43;30mWARNING[43;33m][0m [1mThe version of Wrangler you are using is now out-of-date.[0m

  Please update to the latest version to prevent critical errors.
  Run `npm install --save-dev wrangler@4` to update to the latest version.
  After installation, run Wrangler with `npx wrangler`.


[33m▲ [43;33m[[43;30mWARNING[43;33m][0m [1m⚠️ This process may take some time, during which your D1 database will be unavailable to serve queries.[0m


🌀 Executing on remote database tmdb-seo (ed9a3474-da58-4d3f-b954-a7f55ae525d0):
🌀 To execute on your local development database, remove the --remote flag from your wrangler command.
Note: if the execution fails to complete, your DB will return to its original state and you can safely retry.
├ Checking if file needs uploading
│
├ 🌀 Uploading ed9a3474-da58-4d3f-b954-a7f55ae525d0.f79fb283832eab1c.sql
│ 🌀 Uploading complete.
│
🌀 Starting import...
🌀 Processed 20149 queries.
🌀 Processed 40318 queries.
🌀 Processed 60659 queries.
🌀 Processed 74166 queries.
🚣 Executed 74166 queries in 4066.80ms (0 rows read, 74166 rows written)
   Database is currently at bookmark 00000004-000752a7-00005052-23db090d0cf033308d5b48fe9406a63e.
[
  {
    "results": [
      {
        "Total queries executed": 74166,
        "Rows read": 0,
        "Rows written": 74166,
        "Database size (MB)": "900.34"
      }
    ],
    "success": true,
    "finalBookmark": "00000004-000752a7-00005052-23db090d0cf033308d5b48fe9406a63e",
    "meta": {
      "served_by": "v3-prod",
      "served_by_region": "APAC",
      "served_by_colo": "SIN",
      "served_by_primary": true,
      "timings": {
        "sql_duration_ms": 4066.8037
      },
      "duration": 4066.8037,
      "changes": 74167,
      "last_row_id": 4857587,
      "changed_db": true,
      "size_after": 900337664,
      "rows_read": 0,
      "rows_written": 74166,
      "num_tables": 2,
      "total_attempts": 1
    }
  }
]
⚠️  Warning: Unsupported macOS version detected (12.6.0). The Cloudflare Workers runtime may not work correctly on macOS versions below 13.5.0. Consider upgrading to macOS 13.5.0+ or using a DevContainer setup with a supported version of Linux (glibc 2.35+ required).

 ⛅️ wrangler 3.114.17 (update available 4.83.0)
-----------------------------------------------

[33m▲ [43;33m[[43;30mWARNING[43;33m][0m [1mThe version of Wrangler you are using is now out-of-date.[0m

  Please update to the latest version to prevent critical errors.
  Run `npm install --save-dev wrangler@4` to update to the latest version.
  After installation, run Wrangler with `npx wrangler`.


[33m▲ [43;33m[[43;30mWARNING[43;33m][0m [1m⚠️ This process may take some time, during which your D1 database will be unavailable to serve queries.[0m


🌀 Executing on remote database tmdb-seo (ed9a3474-da58-4d3f-b954-a7f55ae525d0):
🌀 To execute on your local development database, remove the --remote flag from your wrangler command.
Note: if the execution fails to complete, your DB will return to its original state and you can safely retry.
├ Checking if file needs uploading
│
├ 🌀 Uploading ed9a3474-da58-4d3f-b954-a7f55ae525d0.e7c2e83bfe97c747.sql
│ 🌀 Uploading complete.
│
🌀 Starting import...
🌀 Processed 20378 queries.
🌀 Processed 40779 queries.
🌀 Processed 61179 queries.
🌀 Processed 74609 queries.
🚣 Executed 74609 queries in 3531.19ms (0 rows read, 74609 rows written)
   Database is currently at bookmark 00000004-00076f2d-00005052-e4f6b3689a695574509d0666ec273183.
[
  {
    "results": [
      {
        "Total queries executed": 74609,
        "Rows read": 0,
        "Rows written": 74609,
        "Database size (MB)": "912.13"
      }
    ],
    "success": true,
    "finalBookmark": "00000004-00076f2d-00005052-e4f6b3689a695574509d0666ec273183",
    "meta": {
      "served_by": "v3-prod",
      "served_by_region": "APAC",
      "served_by_colo": "SIN",
      "served_by_primary": true,
      "timings": {
        "sql_duration_ms": 3531.1864
      },
      "duration": 3531.1864,
      "changes": 74610,
      "last_row_id": 4932196,
      "changed_db": true,
      "size_after": 912134144,
      "rows_read": 0,
      "rows_written": 74609,
      "num_tables": 2,
      "total_attempts": 1
    }
  }
]
⚠️  Warning: Unsupported macOS version detected (12.6.0). The Cloudflare Workers runtime may not work correctly on macOS versions below 13.5.0. Consider upgrading to macOS 13.5.0+ or using a DevContainer setup with a supported version of Linux (glibc 2.35+ required).

 ⛅️ wrangler 3.114.17 (update available 4.83.0)
-----------------------------------------------

[33m▲ [43;33m[[43;30mWARNING[43;33m][0m [1mThe version of Wrangler you are using is now out-of-date.[0m

  Please update to the latest version to prevent critical errors.
  Run `npm install --save-dev wrangler@4` to update to the latest version.
  After installation, run Wrangler with `npx wrangler`.


[33m▲ [43;33m[[43;30mWARNING[43;33m][0m [1m⚠️ This process may take some time, during which your D1 database will be unavailable to serve queries.[0m


🌀 Executing on remote database tmdb-seo (ed9a3474-da58-4d3f-b954-a7f55ae525d0):
🌀 To execute on your local development database, remove the --remote flag from your wrangler command.
Note: if the execution fails to complete, your DB will return to its original state and you can safely retry.
├ Checking if file needs uploading
│
├ 🌀 Uploading ed9a3474-da58-4d3f-b954-a7f55ae525d0.c254334264323579.sql
│ 🌀 Uploading complete.
│
🌀 Starting import...
🌀 Processed 20243 queries.
🌀 Processed 40431 queries.
🌀 Processed 60562 queries.
🌀 Processed 73942 queries.
🚣 Executed 73942 queries in 3738.00ms (0 rows read, 73942 rows written)
   Database is currently at bookmark 00000004-00078bb3-00005052-c70472c20fd33e7028b14fc29d357b1a.
[
  {
    "results": [
      {
        "Total queries executed": 73942,
        "Rows read": 0,
        "Rows written": 73942,
        "Database size (MB)": "923.97"
      }
    ],
    "success": true,
    "finalBookmark": "00000004-00078bb3-00005052-c70472c20fd33e7028b14fc29d357b1a",
    "meta": {
      "served_by": "v3-prod",
      "served_by_region": "APAC",
      "served_by_colo": "SIN",
      "served_by_primary": true,
      "timings": {
        "sql_duration_ms": 3738.0024
      },
      "duration": 3738.0024,
      "changes": 73943,
      "last_row_id": 5006138,
      "changed_db": true,
      "size_after": 923967488,
      "rows_read": 0,
      "rows_written": 73942,
      "num_tables": 2,
      "total_attempts": 1
    }
  }
]
⚠️  Warning: Unsupported macOS version detected (12.6.0). The Cloudflare Workers runtime may not work correctly on macOS versions below 13.5.0. Consider upgrading to macOS 13.5.0+ or using a DevContainer setup with a supported version of Linux (glibc 2.35+ required).

 ⛅️ wrangler 3.114.17 (update available 4.83.0)
-----------------------------------------------

[33m▲ [43;33m[[43;30mWARNING[43;33m][0m [1mThe version of Wrangler you are using is now out-of-date.[0m

  Please update to the latest version to prevent critical errors.
  Run `npm install --save-dev wrangler@4` to update to the latest version.
  After installation, run Wrangler with `npx wrangler`.


[33m▲ [43;33m[[43;30mWARNING[43;33m][0m [1m⚠️ This process may take some time, during which your D1 database will be unavailable to serve queries.[0m


🌀 Executing on remote database tmdb-seo (ed9a3474-da58-4d3f-b954-a7f55ae525d0):
🌀 To execute on your local development database, remove the --remote flag from your wrangler command.
Note: if the execution fails to complete, your DB will return to its original state and you can safely retry.
├ Checking if file needs uploading
│
├ 🌀 Uploading ed9a3474-da58-4d3f-b954-a7f55ae525d0.a68b36c1cdbff23e.sql
│ 🌀 Uploading complete.
│
🌀 Starting import...
🌀 Processed 20447 queries.
🌀 Processed 40656 queries.
🌀 Processed 60808 queries.
🌀 Processed 74209 queries.
🚣 Executed 74209 queries in 3930.23ms (0 rows read, 74209 rows written)
   Database is currently at bookmark 00000004-0007a839-00005052-c6b135bfb6875e9c848b56baa7d7363a.
[
  {
    "results": [
      {
        "Total queries executed": 74209,
        "Rows read": 0,
        "Rows written": 74209,
        "Database size (MB)": "935.80"
      }
    ],
    "success": true,
    "finalBookmark": "00000004-0007a839-00005052-c6b135bfb6875e9c848b56baa7d7363a",
    "meta": {
      "served_by": "v3-prod",
      "served_by_region": "APAC",
      "served_by_colo": "SIN",
      "served_by_primary": true,
      "timings": {
        "sql_duration_ms": 3930.2323
      },
      "duration": 3930.2323,
      "changes": 74210,
      "last_row_id": 5080347,
      "changed_db": true,
      "size_after": 935804928,
      "rows_read": 0,
      "rows_written": 74209,
      "num_tables": 2,
      "total_attempts": 1
    }
  }
]
⚠️  Warning: Unsupported macOS version detected (12.6.0). The Cloudflare Workers runtime may not work correctly on macOS versions below 13.5.0. Consider upgrading to macOS 13.5.0+ or using a DevContainer setup with a supported version of Linux (glibc 2.35+ required).

 ⛅️ wrangler 3.114.17 (update available 4.83.0)
-----------------------------------------------

[33m▲ [43;33m[[43;30mWARNING[43;33m][0m [1mThe version of Wrangler you are using is now out-of-date.[0m

  Please update to the latest version to prevent critical errors.
  Run `npm install --save-dev wrangler@4` to update to the latest version.
  After installation, run Wrangler with `npx wrangler`.


[33m▲ [43;33m[[43;30mWARNING[43;33m][0m [1m⚠️ This process may take some time, during which your D1 database will be unavailable to serve queries.[0m


🌀 Executing on remote database tmdb-seo (ed9a3474-da58-4d3f-b954-a7f55ae525d0):
🌀 To execute on your local development database, remove the --remote flag from your wrangler command.
Note: if the execution fails to complete, your DB will return to its original state and you can safely retry.
├ Checking if file needs uploading
│
├ 🌀 Uploading ed9a3474-da58-4d3f-b954-a7f55ae525d0.135ee7bd8193c933.sql
│ 🌀 Uploading complete.
│
🌀 Starting import...
🌀 Processed 20383 queries.
🌀 Processed 40761 queries.
🌀 Processed 61087 queries.
🌀 Processed 74560 queries.
🚣 Executed 74560 queries in 3642.04ms (0 rows read, 74560 rows written)
   Database is currently at bookmark 00000004-0007c4bf-00005052-626c58943347fd93be2616aabc57fa45.
[
  {
    "results": [
      {
        "Total queries executed": 74560,
        "Rows read": 0,
        "Rows written": 74560,
        "Database size (MB)": "947.61"
      }
    ],
    "success": true,
    "finalBookmark": "00000004-0007c4bf-00005052-626c58943347fd93be2616aabc57fa45",
    "meta": {
      "served_by": "v3-prod",
      "served_by_region": "APAC",
      "served_by_colo": "SIN",
      "served_by_primary": true,
      "timings": {
        "sql_duration_ms": 3642.0374
      },
      "duration": 3642.0374,
      "changes": 74561,
      "last_row_id": 5154907,
      "changed_db": true,
      "size_after": 947613696,
      "rows_read": 0,
      "rows_written": 74560,
      "num_tables": 2,
      "total_attempts": 1
    }
  }
]
⚠️  Warning: Unsupported macOS version detected (12.6.0). The Cloudflare Workers runtime may not work correctly on macOS versions below 13.5.0. Consider upgrading to macOS 13.5.0+ or using a DevContainer setup with a supported version of Linux (glibc 2.35+ required).

 ⛅️ wrangler 3.114.17 (update available 4.83.0)
-----------------------------------------------

[33m▲ [43;33m[[43;30mWARNING[43;33m][0m [1mThe version of Wrangler you are using is now out-of-date.[0m

  Please update to the latest version to prevent critical errors.
  Run `npm install --save-dev wrangler@4` to update to the latest version.
  After installation, run Wrangler with `npx wrangler`.


[33m▲ [43;33m[[43;30mWARNING[43;33m][0m [1m⚠️ This process may take some time, during which your D1 database will be unavailable to serve queries.[0m


🌀 Executing on remote database tmdb-seo (ed9a3474-da58-4d3f-b954-a7f55ae525d0):
🌀 To execute on your local development database, remove the --remote flag from your wrangler command.
Note: if the execution fails to complete, your DB will return to its original state and you can safely retry.
├ Checking if file needs uploading
│
├ 🌀 Uploading ed9a3474-da58-4d3f-b954-a7f55ae525d0.baad30e2f43333c4.sql
│ 🌀 Uploading complete.
│
🌀 Starting import...
🌀 Processed 20192 queries.
🌀 Processed 40564 queries.
🌀 Processed 60898 queries.
🌀 Processed 74274 queries.
🚣 Executed 74274 queries in 3689.53ms (0 rows read, 74274 rows written)
   Database is currently at bookmark 00000004-0007e145-00005052-1439284bc3010d9ecb23c316e4db9ae3.
[
  {
    "results": [
      {
        "Total queries executed": 74274,
        "Rows read": 0,
        "Rows written": 74274,
        "Database size (MB)": "959.43"
      }
    ],
    "success": true,
    "finalBookmark": "00000004-0007e145-00005052-1439284bc3010d9ecb23c316e4db9ae3",
    "meta": {
      "served_by": "v3-prod",
      "served_by_region": "APAC",
      "served_by_colo": "SIN",
      "served_by_primary": true,
      "timings": {
        "sql_duration_ms": 3689.5332
      },
      "duration": 3689.5332,
      "changes": 74275,
      "last_row_id": 5229181,
      "changed_db": true,
      "size_after": 959430656,
      "rows_read": 0,
      "rows_written": 74274,
      "num_tables": 2,
      "total_attempts": 1
    }
  }
]
⚠️  Warning: Unsupported macOS version detected (12.6.0). The Cloudflare Workers runtime may not work correctly on macOS versions below 13.5.0. Consider upgrading to macOS 13.5.0+ or using a DevContainer setup with a supported version of Linux (glibc 2.35+ required).

 ⛅️ wrangler 3.114.17 (update available 4.83.0)
-----------------------------------------------

[33m▲ [43;33m[[43;30mWARNING[43;33m][0m [1mThe version of Wrangler you are using is now out-of-date.[0m

  Please update to the latest version to prevent critical errors.
  Run `npm install --save-dev wrangler@4` to update to the latest version.
  After installation, run Wrangler with `npx wrangler`.


[33m▲ [43;33m[[43;30mWARNING[43;33m][0m [1m⚠️ This process may take some time, during which your D1 database will be unavailable to serve queries.[0m


🌀 Executing on remote database tmdb-seo (ed9a3474-da58-4d3f-b954-a7f55ae525d0):
🌀 To execute on your local development database, remove the --remote flag from your wrangler command.
Note: if the execution fails to complete, your DB will return to its original state and you can safely retry.
├ Checking if file needs uploading
│
├ 🌀 Uploading ed9a3474-da58-4d3f-b954-a7f55ae525d0.dda76964443f1ebc.sql
│ 🌀 Uploading complete.
│
🌀 Starting import...
🌀 Processed 20159 queries.
🌀 Processed 40187 queries.
🌀 Processed 60430 queries.
🌀 Processed 73856 queries.
🚣 Executed 73856 queries in 4263.82ms (0 rows read, 73856 rows written)
   Database is currently at bookmark 00000004-0007fdcb-00005052-1e79f578db06b121704b87e905c689c1.
[
  {
    "results": [
      {
        "Total queries executed": 73856,
        "Rows read": 0,
        "Rows written": 73856,
        "Database size (MB)": "971.28"
      }
    ],
    "success": true,
    "finalBookmark": "00000004-0007fdcb-00005052-1e79f578db06b121704b87e905c689c1",
    "meta": {
      "served_by": "v3-prod",
      "served_by_region": "APAC",
      "served_by_colo": "SIN",
      "served_by_primary": true,
      "timings": {
        "sql_duration_ms": 4263.8235
      },
      "duration": 4263.8235,
      "changes": 73857,
      "last_row_id": 5303037,
      "changed_db": true,
      "size_after": 971280384,
      "rows_read": 0,
      "rows_written": 73856,
      "num_tables": 2,
      "total_attempts": 1
    }
  }
]
⚠️  Warning: Unsupported macOS version detected (12.6.0). The Cloudflare Workers runtime may not work correctly on macOS versions below 13.5.0. Consider upgrading to macOS 13.5.0+ or using a DevContainer setup with a supported version of Linux (glibc 2.35+ required).

 ⛅️ wrangler 3.114.17 (update available 4.83.0)
-----------------------------------------------

[33m▲ [43;33m[[43;30mWARNING[43;33m][0m [1mThe version of Wrangler you are using is now out-of-date.[0m

  Please update to the latest version to prevent critical errors.
  Run `npm install --save-dev wrangler@4` to update to the latest version.
  After installation, run Wrangler with `npx wrangler`.


[33m▲ [43;33m[[43;30mWARNING[43;33m][0m [1m⚠️ This process may take some time, during which your D1 database will be unavailable to serve queries.[0m


🌀 Executing on remote database tmdb-seo (ed9a3474-da58-4d3f-b954-a7f55ae525d0):
🌀 To execute on your local development database, remove the --remote flag from your wrangler command.
Note: if the execution fails to complete, your DB will return to its original state and you can safely retry.
├ Checking if file needs uploading
│
├ 🌀 Uploading ed9a3474-da58-4d3f-b954-a7f55ae525d0.c20a0ed1fa02bbb6.sql
│ 🌀 Uploading complete.
│
🌀 Starting import...
🌀 Processed 20282 queries.
🌀 Processed 40640 queries.
🌀 Processed 61007 queries.
🌀 Processed 74529 queries.
🚣 Executed 74529 queries in 5220.06ms (0 rows read, 74529 rows written)
   Database is currently at bookmark 00000004-00081a51-00005052-f3436293335a461d8aa55ddc1626cfff.
[
  {
    "results": [
      {
        "Total queries executed": 74529,
        "Rows read": 0,
        "Rows written": 74529,
        "Database size (MB)": "983.09"
      }
    ],
    "success": true,
    "finalBookmark": "00000004-00081a51-00005052-f3436293335a461d8aa55ddc1626cfff",
    "meta": {
      "served_by": "v3-prod",
      "served_by_region": "APAC",
      "served_by_colo": "SIN",
      "served_by_primary": true,
      "timings": {
        "sql_duration_ms": 5220.057
      },
      "duration": 5220.057,
      "changes": 74530,
      "last_row_id": 5377566,
      "changed_db": true,
      "size_after": 983089152,
      "rows_read": 0,
      "rows_written": 74529,
      "num_tables": 2,
      "total_attempts": 1
    }
  }
]
⚠️  Warning: Unsupported macOS version detected (12.6.0). The Cloudflare Workers runtime may not work correctly on macOS versions below 13.5.0. Consider upgrading to macOS 13.5.0+ or using a DevContainer setup with a supported version of Linux (glibc 2.35+ required).

 ⛅️ wrangler 3.114.17 (update available 4.83.0)
-----------------------------------------------

[33m▲ [43;33m[[43;30mWARNING[43;33m][0m [1mThe version of Wrangler you are using is now out-of-date.[0m

  Please update to the latest version to prevent critical errors.
  Run `npm install --save-dev wrangler@4` to update to the latest version.
  After installation, run Wrangler with `npx wrangler`.


[33m▲ [43;33m[[43;30mWARNING[43;33m][0m [1m⚠️ This process may take some time, during which your D1 database will be unavailable to serve queries.[0m


🌀 Executing on remote database tmdb-seo (ed9a3474-da58-4d3f-b954-a7f55ae525d0):
🌀 To execute on your local development database, remove the --remote flag from your wrangler command.
Note: if the execution fails to complete, your DB will return to its original state and you can safely retry.
├ Checking if file needs uploading
│
├ 🌀 Uploading ed9a3474-da58-4d3f-b954-a7f55ae525d0.63c8607aab4e4e66.sql
│ 🌀 Uploading complete.
│
🌀 Starting import...
🌀 Processed 20358 queries.
🌀 Processed 40713 queries.
🌀 Processed 60971 queries.
🌀 Processed 74308 queries.
🚣 Executed 74308 queries in 3295.30ms (0 rows read, 74308 rows written)
   Database is currently at bookmark 00000004-000836d7-00005052-9fc22a30381eae0b9b6b4fe9371f6306.
[
  {
    "results": [
      {
        "Total queries executed": 74308,
        "Rows read": 0,
        "Rows written": 74308,
        "Database size (MB)": "994.90"
      }
    ],
    "success": true,
    "finalBookmark": "00000004-000836d7-00005052-9fc22a30381eae0b9b6b4fe9371f6306",
    "meta": {
      "served_by": "v3-prod",
      "served_by_region": "APAC",
      "served_by_colo": "SIN",
      "served_by_primary": true,
      "timings": {
        "sql_duration_ms": 3295.2977
      },
      "duration": 3295.2977,
      "changes": 74309,
      "last_row_id": 5451874,
      "changed_db": true,
      "size_after": 994902016,
      "rows_read": 0,
      "rows_written": 74308,
      "num_tables": 2,
      "total_attempts": 1
    }
  }
]
⚠️  Warning: Unsupported macOS version detected (12.6.0). The Cloudflare Workers runtime may not work correctly on macOS versions below 13.5.0. Consider upgrading to macOS 13.5.0+ or using a DevContainer setup with a supported version of Linux (glibc 2.35+ required).

 ⛅️ wrangler 3.114.17 (update available 4.83.0)
-----------------------------------------------

[33m▲ [43;33m[[43;30mWARNING[43;33m][0m [1mThe version of Wrangler you are using is now out-of-date.[0m

  Please update to the latest version to prevent critical errors.
  Run `npm install --save-dev wrangler@4` to update to the latest version.
  After installation, run Wrangler with `npx wrangler`.


[33m▲ [43;33m[[43;30mWARNING[43;33m][0m [1m⚠️ This process may take some time, during which your D1 database will be unavailable to serve queries.[0m


🌀 Executing on remote database tmdb-seo (ed9a3474-da58-4d3f-b954-a7f55ae525d0):
🌀 To execute on your local development database, remove the --remote flag from your wrangler command.
Note: if the execution fails to complete, your DB will return to its original state and you can safely retry.
├ Checking if file needs uploading
│
├ 🌀 Uploading ed9a3474-da58-4d3f-b954-a7f55ae525d0.855e27cf5a1d71e3.sql
│ 🌀 Uploading complete.
│
🌀 Starting import...
🌀 Processed 20281 queries.
🌀 Processed 40337 queries.
🌀 Processed 60481 queries.
🌀 Processed 73921 queries.
🚣 Executed 73921 queries in 4239.91ms (0 rows read, 73921 rows written)
   Database is currently at bookmark 00000004-0008535d-00005052-17eebe4fa2d0ecff693217d3e9eabab7.
[
  {
    "results": [
      {
        "Total queries executed": 73921,
        "Rows read": 0,
        "Rows written": 73921,
        "Database size (MB)": "1006.75"
      }
    ],
    "success": true,
    "finalBookmark": "00000004-0008535d-00005052-17eebe4fa2d0ecff693217d3e9eabab7",
    "meta": {
      "served_by": "v3-prod",
      "served_by_region": "APAC",
      "served_by_colo": "SIN",
      "served_by_primary": true,
      "timings": {
        "sql_duration_ms": 4239.914
      },
      "duration": 4239.914,
      "changes": 73922,
      "last_row_id": 5525795,
      "changed_db": true,
      "size_after": 1006751744,
      "rows_read": 0,
      "rows_written": 73921,
      "num_tables": 2,
      "total_attempts": 1
    }
  }
]
⚠️  Warning: Unsupported macOS version detected (12.6.0). The Cloudflare Workers runtime may not work correctly on macOS versions below 13.5.0. Consider upgrading to macOS 13.5.0+ or using a DevContainer setup with a supported version of Linux (glibc 2.35+ required).

 ⛅️ wrangler 3.114.17 (update available 4.83.0)
-----------------------------------------------

[33m▲ [43;33m[[43;30mWARNING[43;33m][0m [1mThe version of Wrangler you are using is now out-of-date.[0m

  Please update to the latest version to prevent critical errors.
  Run `npm install --save-dev wrangler@4` to update to the latest version.
  After installation, run Wrangler with `npx wrangler`.


[33m▲ [43;33m[[43;30mWARNING[43;33m][0m [1m⚠️ This process may take some time, during which your D1 database will be unavailable to serve queries.[0m


🌀 Executing on remote database tmdb-seo (ed9a3474-da58-4d3f-b954-a7f55ae525d0):
🌀 To execute on your local development database, remove the --remote flag from your wrangler command.
Note: if the execution fails to complete, your DB will return to its original state and you can safely retry.
├ Checking if file needs uploading
│
├ 🌀 Uploading ed9a3474-da58-4d3f-b954-a7f55ae525d0.7dd5f2be1fcd7485.sql
│ 🌀 Uploading complete.
│
🌀 Starting import...
🌀 Processed 20410 queries.
🌀 Processed 40629 queries.
🌀 Processed 61006 queries.
🌀 Processed 74504 queries.
🚣 Executed 74504 queries in 4208.86ms (0 rows read, 74504 rows written)
   Database is currently at bookmark 00000004-00086fe3-00005052-9faa40728d809393beb68074fe5cfd6f.
[
  {
    "results": [
      {
        "Total queries executed": 74504,
        "Rows read": 0,
        "Rows written": 74504,
        "Database size (MB)": "1018.58"
      }
    ],
    "success": true,
    "finalBookmark": "00000004-00086fe3-00005052-9faa40728d809393beb68074fe5cfd6f",
    "meta": {
      "served_by": "v3-prod",
      "served_by_region": "APAC",
      "served_by_colo": "SIN",
      "served_by_primary": true,
      "timings": {
        "sql_duration_ms": 4208.859
      },
      "duration": 4208.859,
      "changes": 74505,
      "last_row_id": 5600299,
      "changed_db": true,
      "size_after": 1018576896,
      "rows_read": 0,
      "rows_written": 74504,
      "num_tables": 2,
      "total_attempts": 1
    }
  }
]
⚠️  Warning: Unsupported macOS version detected (12.6.0). The Cloudflare Workers runtime may not work correctly on macOS versions below 13.5.0. Consider upgrading to macOS 13.5.0+ or using a DevContainer setup with a supported version of Linux (glibc 2.35+ required).

 ⛅️ wrangler 3.114.17 (update available 4.83.0)
-----------------------------------------------

[33m▲ [43;33m[[43;30mWARNING[43;33m][0m [1mThe version of Wrangler you are using is now out-of-date.[0m

  Please update to the latest version to prevent critical errors.
  Run `npm install --save-dev wrangler@4` to update to the latest version.
  After installation, run Wrangler with `npx wrangler`.


[33m▲ [43;33m[[43;30mWARNING[43;33m][0m [1m⚠️ This process may take some time, during which your D1 database will be unavailable to serve queries.[0m


🌀 Executing on remote database tmdb-seo (ed9a3474-da58-4d3f-b954-a7f55ae525d0):
🌀 To execute on your local development database, remove the --remote flag from your wrangler command.
Note: if the execution fails to complete, your DB will return to its original state and you can safely retry.
├ Checking if file needs uploading
│
├ 🌀 Uploading ed9a3474-da58-4d3f-b954-a7f55ae525d0.02d9e4e88131447d.sql
│ 🌀 Uploading complete.
│
🌀 Starting import...
🌀 Processed 20338 queries.
🌀 Processed 40674 queries.
🌀 Processed 60884 queries.
🌀 Processed 74270 queries.
🚣 Executed 74270 queries in 3844.45ms (0 rows read, 74270 rows written)
   Database is currently at bookmark 00000004-00088c69-00005052-747ff2e6bb166618f58fc8c83d366f20.
[
  {
    "results": [
      {
        "Total queries executed": 74270,
        "Rows read": 0,
        "Rows written": 74270,
        "Database size (MB)": "1030.39"
      }
    ],
    "success": true,
    "finalBookmark": "00000004-00088c69-00005052-747ff2e6bb166618f58fc8c83d366f20",
    "meta": {
      "served_by": "v3-prod",
      "served_by_region": "APAC",
      "served_by_colo": "SIN",
      "served_by_primary": true,
      "timings": {
        "sql_duration_ms": 3844.4549
      },
      "duration": 3844.4549,
      "changes": 74271,
      "last_row_id": 5674569,
      "changed_db": true,
      "size_after": 1030385664,
      "rows_read": 0,
      "rows_written": 74270,
      "num_tables": 2,
      "total_attempts": 1
    }
  }
]
⚠️  Warning: Unsupported macOS version detected (12.6.0). The Cloudflare Workers runtime may not work correctly on macOS versions below 13.5.0. Consider upgrading to macOS 13.5.0+ or using a DevContainer setup with a supported version of Linux (glibc 2.35+ required).

 ⛅️ wrangler 3.114.17 (update available 4.83.0)
-----------------------------------------------

[33m▲ [43;33m[[43;30mWARNING[43;33m][0m [1mThe version of Wrangler you are using is now out-of-date.[0m

  Please update to the latest version to prevent critical errors.
  Run `npm install --save-dev wrangler@4` to update to the latest version.
  After installation, run Wrangler with `npx wrangler`.


[33m▲ [43;33m[[43;30mWARNING[43;33m][0m [1m⚠️ This process may take some time, during which your D1 database will be unavailable to serve queries.[0m


🌀 Executing on remote database tmdb-seo (ed9a3474-da58-4d3f-b954-a7f55ae525d0):
🌀 To execute on your local development database, remove the --remote flag from your wrangler command.
Note: if the execution fails to complete, your DB will return to its original state and you can safely retry.
├ Checking if file needs uploading
│
├ 🌀 Uploading ed9a3474-da58-4d3f-b954-a7f55ae525d0.200f87960ac05da4.sql
│ 🌀 Uploading complete.
│
🌀 Starting import...
🌀 Processed 20182 queries.
🌀 Processed 40525 queries.
🌀 Processed 60795 queries.
🌀 Processed 74209 queries.
🚣 Executed 74209 queries in 4083.80ms (0 rows read, 74209 rows written)
   Database is currently at bookmark 00000004-0008a8ef-00005052-67eb939935725cc71bb2266a81db1219.
[
  {
    "results": [
      {
        "Total queries executed": 74209,
        "Rows read": 0,
        "Rows written": 74209,
        "Database size (MB)": "1042.21"
      }
    ],
    "success": true,
    "finalBookmark": "00000004-0008a8ef-00005052-67eb939935725cc71bb2266a81db1219",
    "meta": {
      "served_by": "v3-prod",
      "served_by_region": "APAC",
      "served_by_colo": "SIN",
      "served_by_primary": true,
      "timings": {
        "sql_duration_ms": 4083.7967
      },
      "duration": 4083.7967,
      "changes": 74210,
      "last_row_id": 5748778,
      "changed_db": true,
      "size_after": 1042206720,
      "rows_read": 0,
      "rows_written": 74209,
      "num_tables": 2,
      "total_attempts": 1
    }
  }
]
⚠️  Warning: Unsupported macOS version detected (12.6.0). The Cloudflare Workers runtime may not work correctly on macOS versions below 13.5.0. Consider upgrading to macOS 13.5.0+ or using a DevContainer setup with a supported version of Linux (glibc 2.35+ required).

 ⛅️ wrangler 3.114.17 (update available 4.83.0)
-----------------------------------------------

[33m▲ [43;33m[[43;30mWARNING[43;33m][0m [1mThe version of Wrangler you are using is now out-of-date.[0m

  Please update to the latest version to prevent critical errors.
  Run `npm install --save-dev wrangler@4` to update to the latest version.
  After installation, run Wrangler with `npx wrangler`.


[33m▲ [43;33m[[43;30mWARNING[43;33m][0m [1m⚠️ This process may take some time, during which your D1 database will be unavailable to serve queries.[0m


🌀 Executing on remote database tmdb-seo (ed9a3474-da58-4d3f-b954-a7f55ae525d0):
🌀 To execute on your local development database, remove the --remote flag from your wrangler command.
Note: if the execution fails to complete, your DB will return to its original state and you can safely retry.
├ Checking if file needs uploading
│
├ 🌀 Uploading ed9a3474-da58-4d3f-b954-a7f55ae525d0.a28594cf2e3cc842.sql
│ 🌀 Uploading complete.
│
🌀 Starting import...
🌀 Processed 20215 queries.
🌀 Processed 40365 queries.
🌀 Processed 60691 queries.
🌀 Processed 74152 queries.
🚣 Executed 74152 queries in 2715.92ms (0 rows read, 74152 rows written)
   Database is currently at bookmark 00000004-0008ba96-00005052-a65d84b47c99208c1d2eaf476b197505.
[
  {
    "results": [
      {
        "Total queries executed": 74152,
        "Rows read": 0,
        "Rows written": 74152,
        "Database size (MB)": "1054.04"
      }
    ],
    "success": true,
    "finalBookmark": "00000004-0008ba96-00005052-a65d84b47c99208c1d2eaf476b197505",
    "meta": {
      "served_by": "v3-prod",
      "served_by_region": "APAC",
      "served_by_colo": "SIN",
      "served_by_primary": true,
      "timings": {
        "sql_duration_ms": 2715.9184
      },
      "duration": 2715.9184,
      "changes": 74153,
      "last_row_id": 5822930,
      "changed_db": true,
      "size_after": 1054040064,
      "rows_read": 0,
      "rows_written": 74152,
      "num_tables": 2,
      "total_attempts": 1
    }
  }
]
⚠️  Warning: Unsupported macOS version detected (12.6.0). The Cloudflare Workers runtime may not work correctly on macOS versions below 13.5.0. Consider upgrading to macOS 13.5.0+ or using a DevContainer setup with a supported version of Linux (glibc 2.35+ required).

 ⛅️ wrangler 3.114.17 (update available 4.83.0)
-----------------------------------------------

[33m▲ [43;33m[[43;30mWARNING[43;33m][0m [1mThe version of Wrangler you are using is now out-of-date.[0m

  Please update to the latest version to prevent critical errors.
  Run `npm install --save-dev wrangler@4` to update to the latest version.
  After installation, run Wrangler with `npx wrangler`.


[33m▲ [43;33m[[43;30mWARNING[43;33m][0m [1m⚠️ This process may take some time, during which your D1 database will be unavailable to serve queries.[0m


🌀 Executing on remote database tmdb-seo (ed9a3474-da58-4d3f-b954-a7f55ae525d0):
🌀 To execute on your local development database, remove the --remote flag from your wrangler command.
Note: if the execution fails to complete, your DB will return to its original state and you can safely retry.
├ Checking if file needs uploading
│
├ 🌀 Uploading ed9a3474-da58-4d3f-b954-a7f55ae525d0.3f41e6296008cacc.sql
│ 🌀 Uploading complete.
│
🌀 Starting import...
🌀 Processed 20357 queries.
🌀 Processed 40683 queries.
🌀 Processed 61037 queries.
🌀 Processed 74513 queries.
🚣 Executed 74513 queries in 3814.63ms (0 rows read, 74513 rows written)
   Database is currently at bookmark 00000004-0008d71c-00005052-b48b896e276e1af260357ed8d3fe5f10.
[
  {
    "results": [
      {
        "Total queries executed": 74513,
        "Rows read": 0,
        "Rows written": 74513,
        "Database size (MB)": "1065.85"
      }
    ],
    "success": true,
    "finalBookmark": "00000004-0008d71c-00005052-b48b896e276e1af260357ed8d3fe5f10",
    "meta": {
      "served_by": "v3-prod",
      "served_by_region": "APAC",
      "served_by_colo": "SIN",
      "served_by_primary": true,
      "timings": {
        "sql_duration_ms": 3814.6262
      },
      "duration": 3814.6262,
      "changes": 74514,
      "last_row_id": 5897443,
      "changed_db": true,
      "size_after": 1065848832,
      "rows_read": 0,
      "rows_written": 74513,
      "num_tables": 2,
      "total_attempts": 1
    }
  }
]
⚠️  Warning: Unsupported macOS version detected (12.6.0). The Cloudflare Workers runtime may not work correctly on macOS versions below 13.5.0. Consider upgrading to macOS 13.5.0+ or using a DevContainer setup with a supported version of Linux (glibc 2.35+ required).

 ⛅️ wrangler 3.114.17 (update available 4.83.0)
-----------------------------------------------

[33m▲ [43;33m[[43;30mWARNING[43;33m][0m [1mThe version of Wrangler you are using is now out-of-date.[0m

  Please update to the latest version to prevent critical errors.
  Run `npm install --save-dev wrangler@4` to update to the latest version.
  After installation, run Wrangler with `npx wrangler`.


[33m▲ [43;33m[[43;30mWARNING[43;33m][0m [1m⚠️ This process may take some time, during which your D1 database will be unavailable to serve queries.[0m


🌀 Executing on remote database tmdb-seo (ed9a3474-da58-4d3f-b954-a7f55ae525d0):
🌀 To execute on your local development database, remove the --remote flag from your wrangler command.
Note: if the execution fails to complete, your DB will return to its original state and you can safely retry.
├ Checking if file needs uploading
│
├ 🌀 Uploading ed9a3474-da58-4d3f-b954-a7f55ae525d0.7feeee56daa86f98.sql
│ 🌀 Uploading complete.
│
🌀 Starting import...
🌀 Processed 20297 queries.
🌀 Processed 40448 queries.
🌀 Processed 60646 queries.
🌀 Processed 74108 queries.
🚣 Executed 74108 queries in 3494.84ms (0 rows read, 74108 rows written)
   Database is currently at bookmark 00000004-0008f3a2-00005052-1ddd248838fa2ef1607efa14f570db8b.
[
  {
    "results": [
      {
        "Total queries executed": 74108,
        "Rows read": 0,
        "Rows written": 74108,
        "Database size (MB)": "1077.68"
      }
    ],
    "success": true,
    "finalBookmark": "00000004-0008f3a2-00005052-1ddd248838fa2ef1607efa14f570db8b",
    "meta": {
      "served_by": "v3-prod",
      "served_by_region": "APAC",
      "served_by_colo": "SIN",
      "served_by_primary": true,
      "timings": {
        "sql_duration_ms": 3494.844
      },
      "duration": 3494.844,
      "changes": 74109,
      "last_row_id": 5971551,
      "changed_db": true,
      "size_after": 1077678080,
      "rows_read": 0,
      "rows_written": 74108,
      "num_tables": 2,
      "total_attempts": 1
    }
  }
]
⚠️  Warning: Unsupported macOS version detected (12.6.0). The Cloudflare Workers runtime may not work correctly on macOS versions below 13.5.0. Consider upgrading to macOS 13.5.0+ or using a DevContainer setup with a supported version of Linux (glibc 2.35+ required).

 ⛅️ wrangler 3.114.17 (update available 4.83.0)
-----------------------------------------------

[33m▲ [43;33m[[43;30mWARNING[43;33m][0m [1mThe version of Wrangler you are using is now out-of-date.[0m

  Please update to the latest version to prevent critical errors.
  Run `npm install --save-dev wrangler@4` to update to the latest version.
  After installation, run Wrangler with `npx wrangler`.


[33m▲ [43;33m[[43;30mWARNING[43;33m][0m [1m⚠️ This process may take some time, during which your D1 database will be unavailable to serve queries.[0m


🌀 Executing on remote database tmdb-seo (ed9a3474-da58-4d3f-b954-a7f55ae525d0):
🌀 To execute on your local development database, remove the --remote flag from your wrangler command.
Note: if the execution fails to complete, your DB will return to its original state and you can safely retry.
├ Checking if file needs uploading
│
├ 🌀 Uploading ed9a3474-da58-4d3f-b954-a7f55ae525d0.af1a96514da221a4.sql
│ 🌀 Uploading complete.
│
🌀 Starting import...
🌀 Processed 20254 queries.
🌀 Processed 40407 queries.
🌀 Processed 60732 queries.
🌀 Processed 74139 queries.
🚣 Executed 74139 queries in 6678.60ms (0 rows read, 74139 rows written)
   Database is currently at bookmark 00000004-00091028-00005052-f3aa32594ab7e98d06f2ca2e18e0d019.
[
  {
    "results": [
      {
        "Total queries executed": 74139,
        "Rows read": 0,
        "Rows written": 74139,
        "Database size (MB)": "1089.52"
      }
    ],
    "success": true,
    "finalBookmark": "00000004-00091028-00005052-f3aa32594ab7e98d06f2ca2e18e0d019",
    "meta": {
      "served_by": "v3-prod",
      "served_by_region": "APAC",
      "served_by_colo": "SIN",
      "served_by_primary": true,
      "timings": {
        "sql_duration_ms": 6678.6038
      },
      "duration": 6678.6038,
      "changes": 74140,
      "last_row_id": 6045690,
      "changed_db": true,
      "size_after": 1089519616,
      "rows_read": 0,
      "rows_written": 74139,
      "num_tables": 2,
      "total_attempts": 1
    }
  }
]
⚠️  Warning: Unsupported macOS version detected (12.6.0). The Cloudflare Workers runtime may not work correctly on macOS versions below 13.5.0. Consider upgrading to macOS 13.5.0+ or using a DevContainer setup with a supported version of Linux (glibc 2.35+ required).

 ⛅️ wrangler 3.114.17 (update available 4.83.0)
-----------------------------------------------

[33m▲ [43;33m[[43;30mWARNING[43;33m][0m [1mThe version of Wrangler you are using is now out-of-date.[0m

  Please update to the latest version to prevent critical errors.
  Run `npm install --save-dev wrangler@4` to update to the latest version.
  After installation, run Wrangler with `npx wrangler`.


[33m▲ [43;33m[[43;30mWARNING[43;33m][0m [1m⚠️ This process may take some time, during which your D1 database will be unavailable to serve queries.[0m


🌀 Executing on remote database tmdb-seo (ed9a3474-da58-4d3f-b954-a7f55ae525d0):
🌀 To execute on your local development database, remove the --remote flag from your wrangler command.
Note: if the execution fails to complete, your DB will return to its original state and you can safely retry.
├ Checking if file needs uploading
│
├ 🌀 Uploading ed9a3474-da58-4d3f-b954-a7f55ae525d0.00641cba582e55ab.sql
│ 🌀 Uploading complete.
│
🌀 Starting import...
🌀 Processed 20360 queries.
🌀 Processed 40698 queries.
🌀 Processed 60997 queries.
🌀 Processed 74339 queries.
🚣 Executed 74339 queries in 3664.74ms (0 rows read, 74339 rows written)
   Database is currently at bookmark 00000004-00092cae-00005052-1dd0eb597eb3d3c5b817a376204c5148.
[
  {
    "results": [
      {
        "Total queries executed": 74339,
        "Rows read": 0,
        "Rows written": 74339,
        "Database size (MB)": "1101.34"
      }
    ],
    "success": true,
    "finalBookmark": "00000004-00092cae-00005052-1dd0eb597eb3d3c5b817a376204c5148",
    "meta": {
      "served_by": "v3-prod",
      "served_by_region": "APAC",
      "served_by_colo": "SIN",
      "served_by_primary": true,
      "timings": {
        "sql_duration_ms": 3664.7374
      },
      "duration": 3664.7374,
      "changes": 74340,
      "last_row_id": 6120029,
      "changed_db": true,
      "size_after": 1101336576,
      "rows_read": 0,
      "rows_written": 74339,
      "num_tables": 2,
      "total_attempts": 1
    }
  }
]
⚠️  Warning: Unsupported macOS version detected (12.6.0). The Cloudflare Workers runtime may not work correctly on macOS versions below 13.5.0. Consider upgrading to macOS 13.5.0+ or using a DevContainer setup with a supported version of Linux (glibc 2.35+ required).

 ⛅️ wrangler 3.114.17 (update available 4.83.0)
-----------------------------------------------

[33m▲ [43;33m[[43;30mWARNING[43;33m][0m [1mThe version of Wrangler you are using is now out-of-date.[0m

  Please update to the latest version to prevent critical errors.
  Run `npm install --save-dev wrangler@4` to update to the latest version.
  After installation, run Wrangler with `npx wrangler`.


[33m▲ [43;33m[[43;30mWARNING[43;33m][0m [1m⚠️ This process may take some time, during which your D1 database will be unavailable to serve queries.[0m


🌀 Executing on remote database tmdb-seo (ed9a3474-da58-4d3f-b954-a7f55ae525d0):
🌀 To execute on your local development database, remove the --remote flag from your wrangler command.
Note: if the execution fails to complete, your DB will return to its original state and you can safely retry.
├ Checking if file needs uploading
│
├ 🌀 Uploading ed9a3474-da58-4d3f-b954-a7f55ae525d0.fdf774c0479b4486.sql
│ 🌀 Uploading complete.
│
🌀 Starting import...
🌀 Processed 20334 queries.
🌀 Processed 40624 queries.
🌀 Processed 60844 queries.
🌀 Processed 74234 queries.
🚣 Executed 74234 queries in 3658.83ms (0 rows read, 74234 rows written)
   Database is currently at bookmark 00000004-00094934-00005052-effc67be0121ea8483c826f0bb5b0518.
[
  {
    "results": [
      {
        "Total queries executed": 74234,
        "Rows read": 0,
        "Rows written": 74234,
        "Database size (MB)": "1113.16"
      }
    ],
    "success": true,
    "finalBookmark": "00000004-00094934-00005052-effc67be0121ea8483c826f0bb5b0518",
    "meta": {
      "served_by": "v3-prod",
      "served_by_region": "APAC",
      "served_by_colo": "SIN",
      "served_by_primary": true,
      "timings": {
        "sql_duration_ms": 3658.8289
      },
      "duration": 3658.8289,
      "changes": 74235,
      "last_row_id": 6194263,
      "changed_db": true,
      "size_after": 1113157632,
      "rows_read": 0,
      "rows_written": 74234,
      "num_tables": 2,
      "total_attempts": 1
    }
  }
]
⚠️  Warning: Unsupported macOS version detected (12.6.0). The Cloudflare Workers runtime may not work correctly on macOS versions below 13.5.0. Consider upgrading to macOS 13.5.0+ or using a DevContainer setup with a supported version of Linux (glibc 2.35+ required).

 ⛅️ wrangler 3.114.17 (update available 4.83.0)
-----------------------------------------------

[33m▲ [43;33m[[43;30mWARNING[43;33m][0m [1mThe version of Wrangler you are using is now out-of-date.[0m

  Please update to the latest version to prevent critical errors.
  Run `npm install --save-dev wrangler@4` to update to the latest version.
  After installation, run Wrangler with `npx wrangler`.


[33m▲ [43;33m[[43;30mWARNING[43;33m][0m [1m⚠️ This process may take some time, during which your D1 database will be unavailable to serve queries.[0m


🌀 Executing on remote database tmdb-seo (ed9a3474-da58-4d3f-b954-a7f55ae525d0):
🌀 To execute on your local development database, remove the --remote flag from your wrangler command.
Note: if the execution fails to complete, your DB will return to its original state and you can safely retry.
├ Checking if file needs uploading
│
├ 🌀 Uploading ed9a3474-da58-4d3f-b954-a7f55ae525d0.22b6add36155cc6b.sql
│ 🌀 Uploading complete.
│
🌀 Starting import...
🌀 Processed 20349 queries.
🌀 Processed 40626 queries.
🌀 Processed 60844 queries.
🌀 Processed 74233 queries.
🚣 Executed 74233 queries in 3897.49ms (0 rows read, 74233 rows written)
   Database is currently at bookmark 00000004-000965ba-00005052-47c129e96d1ba161a957ec897f4353d1.
[
  {
    "results": [
      {
        "Total queries executed": 74233,
        "Rows read": 0,
        "Rows written": 74233,
        "Database size (MB)": "1124.98"
      }
    ],
    "success": true,
    "finalBookmark": "00000004-000965ba-00005052-47c129e96d1ba161a957ec897f4353d1",
    "meta": {
      "served_by": "v3-prod",
      "served_by_region": "APAC",
      "served_by_colo": "SIN",
      "served_by_primary": true,
      "timings": {
        "sql_duration_ms": 3897.485
      },
      "duration": 3897.485,
      "changes": 74234,
      "last_row_id": 6268496,
      "changed_db": true,
      "size_after": 1124982784,
      "rows_read": 0,
      "rows_written": 74233,
      "num_tables": 2,
      "total_attempts": 1
    }
  }
]
⚠️  Warning: Unsupported macOS version detected (12.6.0). The Cloudflare Workers runtime may not work correctly on macOS versions below 13.5.0. Consider upgrading to macOS 13.5.0+ or using a DevContainer setup with a supported version of Linux (glibc 2.35+ required).

 ⛅️ wrangler 3.114.17 (update available 4.83.0)
-----------------------------------------------

[33m▲ [43;33m[[43;30mWARNING[43;33m][0m [1mThe version of Wrangler you are using is now out-of-date.[0m

  Please update to the latest version to prevent critical errors.
  Run `npm install --save-dev wrangler@4` to update to the latest version.
  After installation, run Wrangler with `npx wrangler`.


[33m▲ [43;33m[[43;30mWARNING[43;33m][0m [1m⚠️ This process may take some time, during which your D1 database will be unavailable to serve queries.[0m


🌀 Executing on remote database tmdb-seo (ed9a3474-da58-4d3f-b954-a7f55ae525d0):
🌀 To execute on your local development database, remove the --remote flag from your wrangler command.
Note: if the execution fails to complete, your DB will return to its original state and you can safely retry.
├ Checking if file needs uploading
│
├ 🌀 Uploading ed9a3474-da58-4d3f-b954-a7f55ae525d0.5754906739139737.sql
│ 🌀 Uploading complete.
│
🌀 Starting import...
🌀 Processed 20299 queries.
🌀 Processed 40685 queries.
🌀 Processed 60998 queries.
🌀 Processed 74413 queries.
🚣 Executed 74413 queries in 4001.72ms (0 rows read, 74413 rows written)
   Database is currently at bookmark 00000004-00098240-00005052-14f8c64294c92d24ef7c32deee7ad2b4.
[
  {
    "results": [
      {
        "Total queries executed": 74413,
        "Rows read": 0,
        "Rows written": 74413,
        "Database size (MB)": "1136.80"
      }
    ],
    "success": true,
    "finalBookmark": "00000004-00098240-00005052-14f8c64294c92d24ef7c32deee7ad2b4",
    "meta": {
      "served_by": "v3-prod",
      "served_by_region": "APAC",
      "served_by_colo": "SIN",
      "served_by_primary": true,
      "timings": {
        "sql_duration_ms": 4001.7242
      },
      "duration": 4001.7242,
      "changes": 74415,
      "last_row_id": 6342909,
      "changed_db": true,
      "size_after": 1136799744,
      "rows_read": 0,
      "rows_written": 74413,
      "num_tables": 2,
      "total_attempts": 1
    }
  }
]
⚠️  Warning: Unsupported macOS version detected (12.6.0). The Cloudflare Workers runtime may not work correctly on macOS versions below 13.5.0. Consider upgrading to macOS 13.5.0+ or using a DevContainer setup with a supported version of Linux (glibc 2.35+ required).

 ⛅️ wrangler 3.114.17 (update available 4.83.0)
-----------------------------------------------

[33m▲ [43;33m[[43;30mWARNING[43;33m][0m [1mThe version of Wrangler you are using is now out-of-date.[0m

  Please update to the latest version to prevent critical errors.
  Run `npm install --save-dev wrangler@4` to update to the latest version.
  After installation, run Wrangler with `npx wrangler`.


[33m▲ [43;33m[[43;30mWARNING[43;33m][0m [1m⚠️ This process may take some time, during which your D1 database will be unavailable to serve queries.[0m


🌀 Executing on remote database tmdb-seo (ed9a3474-da58-4d3f-b954-a7f55ae525d0):
🌀 To execute on your local development database, remove the --remote flag from your wrangler command.
Note: if the execution fails to complete, your DB will return to its original state and you can safely retry.
├ Checking if file needs uploading
│
├ 🌀 Uploading ed9a3474-da58-4d3f-b954-a7f55ae525d0.9594152f4ddccd01.sql
│ 🌀 Uploading complete.
│
🌀 Starting import...
🌀 Processed 20194 queries.
🌀 Processed 40500 queries.
🌀 Processed 60786 queries.
🌀 Processed 74137 queries.
🚣 Executed 74137 queries in 3592.99ms (0 rows read, 74137 rows written)
   Database is currently at bookmark 00000004-00099ec6-00005052-9e2733333505bfbe2c52b9fc4b0952fb.
[
  {
    "results": [
      {
        "Total queries executed": 74137,
        "Rows read": 0,
        "Rows written": 74137,
        "Database size (MB)": "1148.62"
      }
    ],
    "success": true,
    "finalBookmark": "00000004-00099ec6-00005052-9e2733333505bfbe2c52b9fc4b0952fb",
    "meta": {
      "served_by": "v3-prod",
      "served_by_region": "APAC",
      "served_by_colo": "SIN",
      "served_by_primary": true,
      "timings": {
        "sql_duration_ms": 3592.9867
      },
      "duration": 3592.9867,
      "changes": 74138,
      "last_row_id": 6417046,
      "changed_db": true,
      "size_after": 1148624896,
      "rows_read": 0,
      "rows_written": 74137,
      "num_tables": 2,
      "total_attempts": 1
    }
  }
]
⚠️  Warning: Unsupported macOS version detected (12.6.0). The Cloudflare Workers runtime may not work correctly on macOS versions below 13.5.0. Consider upgrading to macOS 13.5.0+ or using a DevContainer setup with a supported version of Linux (glibc 2.35+ required).

 ⛅️ wrangler 3.114.17 (update available 4.83.0)
-----------------------------------------------

[33m▲ [43;33m[[43;30mWARNING[43;33m][0m [1mThe version of Wrangler you are using is now out-of-date.[0m

  Please update to the latest version to prevent critical errors.
  Run `npm install --save-dev wrangler@4` to update to the latest version.
  After installation, run Wrangler with `npx wrangler`.


[33m▲ [43;33m[[43;30mWARNING[43;33m][0m [1m⚠️ This process may take some time, during which your D1 database will be unavailable to serve queries.[0m


🌀 Executing on remote database tmdb-seo (ed9a3474-da58-4d3f-b954-a7f55ae525d0):
🌀 To execute on your local development database, remove the --remote flag from your wrangler command.
Note: if the execution fails to complete, your DB will return to its original state and you can safely retry.
├ Checking if file needs uploading
│
├ 🌀 Uploading ed9a3474-da58-4d3f-b954-a7f55ae525d0.c3f593221fad8954.sql
│ 🌀 Uploading complete.
│
🌀 Starting import...
🌀 Processed 20169 queries.
🌀 Processed 40407 queries.
🌀 Processed 60690 queries.
🌀 Processed 74109 queries.
🚣 Executed 74109 queries in 3667.10ms (0 rows read, 74109 rows written)
   Database is currently at bookmark 00000004-0009bb4c-00005052-c199d9888c7e1f3fd45516e51929defa.
[
  {
    "results": [
      {
        "Total queries executed": 74109,
        "Rows read": 0,
        "Rows written": 74109,
        "Database size (MB)": "1160.45"
      }
    ],
    "success": true,
    "finalBookmark": "00000004-0009bb4c-00005052-c199d9888c7e1f3fd45516e51929defa",
    "meta": {
      "served_by": "v3-prod",
      "served_by_region": "APAC",
      "served_by_colo": "SIN",
      "served_by_primary": true,
      "timings": {
        "sql_duration_ms": 3667.0976
      },
      "duration": 3667.0976,
      "changes": 74110,
      "last_row_id": 6491155,
      "changed_db": true,
      "size_after": 1160454144,
      "rows_read": 0,
      "rows_written": 74109,
      "num_tables": 2,
      "total_attempts": 1
    }
  }
]
⚠️  Warning: Unsupported macOS version detected (12.6.0). The Cloudflare Workers runtime may not work correctly on macOS versions below 13.5.0. Consider upgrading to macOS 13.5.0+ or using a DevContainer setup with a supported version of Linux (glibc 2.35+ required).

 ⛅️ wrangler 3.114.17 (update available 4.83.0)
-----------------------------------------------

[33m▲ [43;33m[[43;30mWARNING[43;33m][0m [1mThe version of Wrangler you are using is now out-of-date.[0m

  Please update to the latest version to prevent critical errors.
  Run `npm install --save-dev wrangler@4` to update to the latest version.
  After installation, run Wrangler with `npx wrangler`.


[33m▲ [43;33m[[43;30mWARNING[43;33m][0m [1m⚠️ This process may take some time, during which your D1 database will be unavailable to serve queries.[0m


🌀 Executing on remote database tmdb-seo (ed9a3474-da58-4d3f-b954-a7f55ae525d0):
🌀 To execute on your local development database, remove the --remote flag from your wrangler command.
Note: if the execution fails to complete, your DB will return to its original state and you can safely retry.
├ Checking if file needs uploading
│
├ 🌀 Uploading ed9a3474-da58-4d3f-b954-a7f55ae525d0.76f75e501149995c.sql
│ 🌀 Uploading complete.
│
🌀 Starting import...
🌀 Processed 20325 queries.
🌀 Processed 40728 queries.
🌀 Processed 61041 queries.
🌀 Processed 74347 queries.
🚣 Executed 74347 queries in 3861.81ms (0 rows read, 74347 rows written)
   Database is currently at bookmark 00000004-0009d7d2-00005052-986213c412299916d2fc0ebf4b12fce3.
[
  {
    "results": [
      {
        "Total queries executed": 74347,
        "Rows read": 0,
        "Rows written": 74347,
        "Database size (MB)": "1172.27"
      }
    ],
    "success": true,
    "finalBookmark": "00000004-0009d7d2-00005052-986213c412299916d2fc0ebf4b12fce3",
    "meta": {
      "served_by": "v3-prod",
      "served_by_region": "APAC",
      "served_by_colo": "SIN",
      "served_by_primary": true,
      "timings": {
        "sql_duration_ms": 3861.8094
      },
      "duration": 3861.8094,
      "changes": 74348,
      "last_row_id": 6565502,
      "changed_db": true,
      "size_after": 1172267008,
      "rows_read": 0,
      "rows_written": 74347,
      "num_tables": 2,
      "total_attempts": 1
    }
  }
]
⚠️  Warning: Unsupported macOS version detected (12.6.0). The Cloudflare Workers runtime may not work correctly on macOS versions below 13.5.0. Consider upgrading to macOS 13.5.0+ or using a DevContainer setup with a supported version of Linux (glibc 2.35+ required).

 ⛅️ wrangler 3.114.17 (update available 4.83.0)
-----------------------------------------------

[33m▲ [43;33m[[43;30mWARNING[43;33m][0m [1mThe version of Wrangler you are using is now out-of-date.[0m

  Please update to the latest version to prevent critical errors.
  Run `npm install --save-dev wrangler@4` to update to the latest version.
  After installation, run Wrangler with `npx wrangler`.


[33m▲ [43;33m[[43;30mWARNING[43;33m][0m [1m⚠️ This process may take some time, during which your D1 database will be unavailable to serve queries.[0m


🌀 Executing on remote database tmdb-seo (ed9a3474-da58-4d3f-b954-a7f55ae525d0):
🌀 To execute on your local development database, remove the --remote flag from your wrangler command.
Note: if the execution fails to complete, your DB will return to its original state and you can safely retry.
├ Checking if file needs uploading
│
├ 🌀 Uploading ed9a3474-da58-4d3f-b954-a7f55ae525d0.aa99f94e7cf519fb.sql
│ 🌀 Uploading complete.
│
🌀 Starting import...
🌀 Processed 20281 queries.
🌀 Processed 40409 queries.
🌀 Processed 60765 queries.
🌀 Processed 74144 queries.
🚣 Executed 74144 queries in 3773.50ms (0 rows read, 74144 rows written)
   Database is currently at bookmark 00000004-0009f458-00005052-d99552f933cda3597d8461077b5a01c4.
[
  {
    "results": [
      {
        "Total queries executed": 74144,
        "Rows read": 0,
        "Rows written": 74144,
        "Database size (MB)": "1184.10"
      }
    ],
    "success": true,
    "finalBookmark": "00000004-0009f458-00005052-d99552f933cda3597d8461077b5a01c4",
    "meta": {
      "served_by": "v3-prod",
      "served_by_region": "APAC",
      "served_by_colo": "SIN",
      "served_by_primary": true,
      "timings": {
        "sql_duration_ms": 3773.501
      },
      "duration": 3773.501,
      "changes": 74145,
      "last_row_id": 6639646,
      "changed_db": true,
      "size_after": 1184100352,
      "rows_read": 0,
      "rows_written": 74144,
      "num_tables": 2,
      "total_attempts": 1
    }
  }
]
⚠️  Warning: Unsupported macOS version detected (12.6.0). The Cloudflare Workers runtime may not work correctly on macOS versions below 13.5.0. Consider upgrading to macOS 13.5.0+ or using a DevContainer setup with a supported version of Linux (glibc 2.35+ required).

 ⛅️ wrangler 3.114.17 (update available 4.83.0)
-----------------------------------------------

[33m▲ [43;33m[[43;30mWARNING[43;33m][0m [1mThe version of Wrangler you are using is now out-of-date.[0m

  Please update to the latest version to prevent critical errors.
  Run `npm install --save-dev wrangler@4` to update to the latest version.
  After installation, run Wrangler with `npx wrangler`.


[33m▲ [43;33m[[43;30mWARNING[43;33m][0m [1m⚠️ This process may take some time, during which your D1 database will be unavailable to serve queries.[0m


🌀 Executing on remote database tmdb-seo (ed9a3474-da58-4d3f-b954-a7f55ae525d0):
🌀 To execute on your local development database, remove the --remote flag from your wrangler command.
Note: if the execution fails to complete, your DB will return to its original state and you can safely retry.
├ Checking if file needs uploading
│
├ 🌀 Uploading ed9a3474-da58-4d3f-b954-a7f55ae525d0.2d68ad51b7180a79.sql
│ 🌀 Uploading complete.
│
🌀 Starting import...
🌀 Processed 20346 queries.
🌀 Processed 40682 queries.
🌀 Processed 60902 queries.
🌀 Processed 74385 queries.
🚣 Executed 74385 queries in 3664.06ms (0 rows read, 74385 rows written)
   Database is currently at bookmark 00000004-000a10de-00005052-c294d478762a747417e6e4965b010548.
[
  {
    "results": [
      {
        "Total queries executed": 74385,
        "Rows read": 0,
        "Rows written": 74385,
        "Database size (MB)": "1195.92"
      }
    ],
    "success": true,
    "finalBookmark": "00000004-000a10de-00005052-c294d478762a747417e6e4965b010548",
    "meta": {
      "served_by": "v3-prod",
      "served_by_region": "APAC",
      "served_by_colo": "SIN",
      "served_by_primary": true,
      "timings": {
        "sql_duration_ms": 3664.0637
      },
      "duration": 3664.0637,
      "changes": 74386,
      "last_row_id": 6714031,
      "changed_db": true,
      "size_after": 1195921408,
      "rows_read": 0,
      "rows_written": 74385,
      "num_tables": 2,
      "total_attempts": 1
    }
  }
]
⚠️  Warning: Unsupported macOS version detected (12.6.0). The Cloudflare Workers runtime may not work correctly on macOS versions below 13.5.0. Consider upgrading to macOS 13.5.0+ or using a DevContainer setup with a supported version of Linux (glibc 2.35+ required).

 ⛅️ wrangler 3.114.17 (update available 4.83.0)
-----------------------------------------------

[33m▲ [43;33m[[43;30mWARNING[43;33m][0m [1mThe version of Wrangler you are using is now out-of-date.[0m

  Please update to the latest version to prevent critical errors.
  Run `npm install --save-dev wrangler@4` to update to the latest version.
  After installation, run Wrangler with `npx wrangler`.


[33m▲ [43;33m[[43;30mWARNING[43;33m][0m [1m⚠️ This process may take some time, during which your D1 database will be unavailable to serve queries.[0m


🌀 Executing on remote database tmdb-seo (ed9a3474-da58-4d3f-b954-a7f55ae525d0):
🌀 To execute on your local development database, remove the --remote flag from your wrangler command.
Note: if the execution fails to complete, your DB will return to its original state and you can safely retry.
├ Checking if file needs uploading
│
├ 🌀 Uploading ed9a3474-da58-4d3f-b954-a7f55ae525d0.b9179d7f53449660.sql
│ 🌀 Uploading complete.
│
🌀 Starting import...
🌀 Processed 20329 queries.
🌀 Processed 40672 queries.
🌀 Processed 60969 queries.
🌀 Processed 74417 queries.
🚣 Executed 74417 queries in 3436.92ms (0 rows read, 74417 rows written)
   Database is currently at bookmark 00000004-000a2d64-00005052-7f89dca4077e7da6bf0ae67b87a7b03f.
[
  {
    "results": [
      {
        "Total queries executed": 74417,
        "Rows read": 0,
        "Rows written": 74417,
        "Database size (MB)": "1207.73"
      }
    ],
    "success": true,
    "finalBookmark": "00000004-000a2d64-00005052-7f89dca4077e7da6bf0ae67b87a7b03f",
    "meta": {
      "served_by": "v3-prod",
      "served_by_region": "APAC",
      "served_by_colo": "SIN",
      "served_by_primary": true,
      "timings": {
        "sql_duration_ms": 3436.9238
      },
      "duration": 3436.9238,
      "changes": 74418,
      "last_row_id": 6788448,
      "changed_db": true,
      "size_after": 1207730176,
      "rows_read": 0,
      "rows_written": 74417,
      "num_tables": 2,
      "total_attempts": 1
    }
  }
]
⚠️  Warning: Unsupported macOS version detected (12.6.0). The Cloudflare Workers runtime may not work correctly on macOS versions below 13.5.0. Consider upgrading to macOS 13.5.0+ or using a DevContainer setup with a supported version of Linux (glibc 2.35+ required).

 ⛅️ wrangler 3.114.17 (update available 4.83.0)
-----------------------------------------------

[33m▲ [43;33m[[43;30mWARNING[43;33m][0m [1mThe version of Wrangler you are using is now out-of-date.[0m

  Please update to the latest version to prevent critical errors.
  Run `npm install --save-dev wrangler@4` to update to the latest version.
  After installation, run Wrangler with `npx wrangler`.


[33m▲ [43;33m[[43;30mWARNING[43;33m][0m [1m⚠️ This process may take some time, during which your D1 database will be unavailable to serve queries.[0m


🌀 Executing on remote database tmdb-seo (ed9a3474-da58-4d3f-b954-a7f55ae525d0):
🌀 To execute on your local development database, remove the --remote flag from your wrangler command.
Note: if the execution fails to complete, your DB will return to its original state and you can safely retry.
├ Checking if file needs uploading
│
├ 🌀 Uploading ed9a3474-da58-4d3f-b954-a7f55ae525d0.69516241d10fa2c4.sql
│ 🌀 Uploading complete.
│
🌀 Starting import...
🌀 Processed 20125 queries.
🌀 Processed 40271 queries.
🌀 Processed 60400 queries.
🌀 Processed 73813 queries.
🚣 Executed 73813 queries in 3872.42ms (0 rows read, 73813 rows written)
   Database is currently at bookmark 00000004-000a49ea-00005052-5a7de57b929189978a0f4536cbf261bf.
[
  {
    "results": [
      {
        "Total queries executed": 73813,
        "Rows read": 0,
        "Rows written": 73813,
        "Database size (MB)": "1219.58"
      }
    ],
    "success": true,
    "finalBookmark": "00000004-000a49ea-00005052-5a7de57b929189978a0f4536cbf261bf",
    "meta": {
      "served_by": "v3-prod",
      "served_by_region": "APAC",
      "served_by_colo": "SIN",
      "served_by_primary": true,
      "timings": {
        "sql_duration_ms": 3872.4187
      },
      "duration": 3872.4187,
      "changes": 73814,
      "last_row_id": 6862261,
      "changed_db": true,
      "size_after": 1219575808,
      "rows_read": 0,
      "rows_written": 73813,
      "num_tables": 2,
      "total_attempts": 1
    }
  }
]
⚠️  Warning: Unsupported macOS version detected (12.6.0). The Cloudflare Workers runtime may not work correctly on macOS versions below 13.5.0. Consider upgrading to macOS 13.5.0+ or using a DevContainer setup with a supported version of Linux (glibc 2.35+ required).

 ⛅️ wrangler 3.114.17 (update available 4.83.0)
-----------------------------------------------

[33m▲ [43;33m[[43;30mWARNING[43;33m][0m [1mThe version of Wrangler you are using is now out-of-date.[0m

  Please update to the latest version to prevent critical errors.
  Run `npm install --save-dev wrangler@4` to update to the latest version.
  After installation, run Wrangler with `npx wrangler`.


[33m▲ [43;33m[[43;30mWARNING[43;33m][0m [1m⚠️ This process may take some time, during which your D1 database will be unavailable to serve queries.[0m


🌀 Executing on remote database tmdb-seo (ed9a3474-da58-4d3f-b954-a7f55ae525d0):
🌀 To execute on your local development database, remove the --remote flag from your wrangler command.
Note: if the execution fails to complete, your DB will return to its original state and you can safely retry.
├ Checking if file needs uploading
│
├ 🌀 Uploading ed9a3474-da58-4d3f-b954-a7f55ae525d0.c429dd8e47aefef8.sql
│ 🌀 Uploading complete.
│
🌀 Starting import...
🌀 Processed 20312 queries.
🌀 Processed 40559 queries.
🌀 Processed 60838 queries.
🌀 Processed 74359 queries.
🚣 Executed 74359 queries in 4104.06ms (0 rows read, 74359 rows written)
   Database is currently at bookmark 00000004-000a6670-00005052-b1e1663ee455d096318355876cc57e0d.
[
  {
    "results": [
      {
        "Total queries executed": 74359,
        "Rows read": 0,
        "Rows written": 74359,
        "Database size (MB)": "1231.39"
      }
    ],
    "success": true,
    "finalBookmark": "00000004-000a6670-00005052-b1e1663ee455d096318355876cc57e0d",
    "meta": {
      "served_by": "v3-prod",
      "served_by_region": "APAC",
      "served_by_colo": "SIN",
      "served_by_primary": true,
      "timings": {
        "sql_duration_ms": 4104.062
      },
      "duration": 4104.062,
      "changes": 74360,
      "last_row_id": 6936620,
      "changed_db": true,
      "size_after": 1231388672,
      "rows_read": 0,
      "rows_written": 74359,
      "num_tables": 2,
      "total_attempts": 1
    }
  }
]
⚠️  Warning: Unsupported macOS version detected (12.6.0). The Cloudflare Workers runtime may not work correctly on macOS versions below 13.5.0. Consider upgrading to macOS 13.5.0+ or using a DevContainer setup with a supported version of Linux (glibc 2.35+ required).

 ⛅️ wrangler 3.114.17 (update available 4.83.0)
-----------------------------------------------

[33m▲ [43;33m[[43;30mWARNING[43;33m][0m [1mThe version of Wrangler you are using is now out-of-date.[0m

  Please update to the latest version to prevent critical errors.
  Run `npm install --save-dev wrangler@4` to update to the latest version.
  After installation, run Wrangler with `npx wrangler`.


[33m▲ [43;33m[[43;30mWARNING[43;33m][0m [1m⚠️ This process may take some time, during which your D1 database will be unavailable to serve queries.[0m


🌀 Executing on remote database tmdb-seo (ed9a3474-da58-4d3f-b954-a7f55ae525d0):
🌀 To execute on your local development database, remove the --remote flag from your wrangler command.
Note: if the execution fails to complete, your DB will return to its original state and you can safely retry.
├ Checking if file needs uploading
│
├ 🌀 Uploading ed9a3474-da58-4d3f-b954-a7f55ae525d0.a222249eb27d60f7.sql
│ 🌀 Uploading complete.
│
🌀 Starting import...
🌀 Processed 20359 queries.
🌀 Processed 40736 queries.
🌀 Processed 61036 queries.
🌀 Processed 74402 queries.
🚣 Executed 74402 queries in 3341.97ms (0 rows read, 74402 rows written)
   Database is currently at bookmark 00000004-000a82f6-00005052-24350b2a556c7c5cef4bf4ffe624f2a3.
[
  {
    "results": [
      {
        "Total queries executed": 74402,
        "Rows read": 0,
        "Rows written": 74402,
        "Database size (MB)": "1243.20"
      }
    ],
    "success": true,
    "finalBookmark": "00000004-000a82f6-00005052-24350b2a556c7c5cef4bf4ffe624f2a3",
    "meta": {
      "served_by": "v3-prod",
      "served_by_region": "APAC",
      "served_by_colo": "SIN",
      "served_by_primary": true,
      "timings": {
        "sql_duration_ms": 3341.9674
      },
      "duration": 3341.9674,
      "changes": 74403,
      "last_row_id": 7011022,
      "changed_db": true,
      "size_after": 1243201536,
      "rows_read": 0,
      "rows_written": 74402,
      "num_tables": 2,
      "total_attempts": 1
    }
  }
]
⚠️  Warning: Unsupported macOS version detected (12.6.0). The Cloudflare Workers runtime may not work correctly on macOS versions below 13.5.0. Consider upgrading to macOS 13.5.0+ or using a DevContainer setup with a supported version of Linux (glibc 2.35+ required).

 ⛅️ wrangler 3.114.17 (update available 4.83.0)
-----------------------------------------------

[33m▲ [43;33m[[43;30mWARNING[43;33m][0m [1mThe version of Wrangler you are using is now out-of-date.[0m

  Please update to the latest version to prevent critical errors.
  Run `npm install --save-dev wrangler@4` to update to the latest version.
  After installation, run Wrangler with `npx wrangler`.


[33m▲ [43;33m[[43;30mWARNING[43;33m][0m [1m⚠️ This process may take some time, during which your D1 database will be unavailable to serve queries.[0m


🌀 Executing on remote database tmdb-seo (ed9a3474-da58-4d3f-b954-a7f55ae525d0):
🌀 To execute on your local development database, remove the --remote flag from your wrangler command.
Note: if the execution fails to complete, your DB will return to its original state and you can safely retry.
├ Checking if file needs uploading
│
├ 🌀 Uploading ed9a3474-da58-4d3f-b954-a7f55ae525d0.297994a26583117a.sql
│ 🌀 Uploading complete.
│
🌀 Starting import...
🌀 Processed 20121 queries.
🌀 Processed 40315 queries.
🌀 Processed 60467 queries.
🌀 Processed 73934 queries.
🚣 Executed 73934 queries in 7433.14ms (0 rows read, 73934 rows written)
   Database is currently at bookmark 00000004-000a9f7a-00005052-e13ca6d5cfbd007045caa7e9515796c6.
[
  {
    "results": [
      {
        "Total queries executed": 73934,
        "Rows read": 0,
        "Rows written": 73934,
        "Database size (MB)": "1255.04"
      }
    ],
    "success": true,
    "finalBookmark": "00000004-000a9f7a-00005052-e13ca6d5cfbd007045caa7e9515796c6",
    "meta": {
      "served_by": "v3-prod",
      "served_by_region": "APAC",
      "served_by_colo": "SIN",
      "served_by_primary": true,
      "timings": {
        "sql_duration_ms": 7433.1395
      },
      "duration": 7433.1395,
      "changes": 73935,
      "last_row_id": 7084956,
      "changed_db": true,
      "size_after": 1255043072,
      "rows_read": 0,
      "rows_written": 73934,
      "num_tables": 2,
      "total_attempts": 1
    }
  }
]
⚠️  Warning: Unsupported macOS version detected (12.6.0). The Cloudflare Workers runtime may not work correctly on macOS versions below 13.5.0. Consider upgrading to macOS 13.5.0+ or using a DevContainer setup with a supported version of Linux (glibc 2.35+ required).

 ⛅️ wrangler 3.114.17 (update available 4.83.0)
-----------------------------------------------

[33m▲ [43;33m[[43;30mWARNING[43;33m][0m [1mThe version of Wrangler you are using is now out-of-date.[0m

  Please update to the latest version to prevent critical errors.
  Run `npm install --save-dev wrangler@4` to update to the latest version.
  After installation, run Wrangler with `npx wrangler`.


[33m▲ [43;33m[[43;30mWARNING[43;33m][0m [1m⚠️ This process may take some time, during which your D1 database will be unavailable to serve queries.[0m


🌀 Executing on remote database tmdb-seo (ed9a3474-da58-4d3f-b954-a7f55ae525d0):
🌀 To execute on your local development database, remove the --remote flag from your wrangler command.
Note: if the execution fails to complete, your DB will return to its original state and you can safely retry.
├ Checking if file needs uploading
│
├ 🌀 Uploading ed9a3474-da58-4d3f-b954-a7f55ae525d0.bf91c811167b93c2.sql
│ 🌀 Uploading complete.
│
🌀 Starting import...
🌀 Processed 20286 queries.
🌀 Processed 40600 queries.
🌀 Processed 61021 queries.
🌀 Processed 74521 queries.
🚣 Executed 74521 queries in 3856.52ms (0 rows read, 74521 rows written)
   Database is currently at bookmark 00000004-000abc00-00005052-c91c94011343bb34b0fdf38b7a626c38.
[
  {
    "results": [
      {
        "Total queries executed": 74521,
        "Rows read": 0,
        "Rows written": 74521,
        "Database size (MB)": "1266.86"
      }
    ],
    "success": true,
    "finalBookmark": "00000004-000abc00-00005052-c91c94011343bb34b0fdf38b7a626c38",
    "meta": {
      "served_by": "v3-prod",
      "served_by_region": "APAC",
      "served_by_colo": "SIN",
      "served_by_primary": true,
      "timings": {
        "sql_duration_ms": 3856.5191
      },
      "duration": 3856.5191,
      "changes": 74522,
      "last_row_id": 7159477,
      "changed_db": true,
      "size_after": 1266860032,
      "rows_read": 0,
      "rows_written": 74521,
      "num_tables": 2,
      "total_attempts": 1
    }
  }
]
⚠️  Warning: Unsupported macOS version detected (12.6.0). The Cloudflare Workers runtime may not work correctly on macOS versions below 13.5.0. Consider upgrading to macOS 13.5.0+ or using a DevContainer setup with a supported version of Linux (glibc 2.35+ required).

 ⛅️ wrangler 3.114.17 (update available 4.83.0)
-----------------------------------------------

[33m▲ [43;33m[[43;30mWARNING[43;33m][0m [1mThe version of Wrangler you are using is now out-of-date.[0m

  Please update to the latest version to prevent critical errors.
  Run `npm install --save-dev wrangler@4` to update to the latest version.
  After installation, run Wrangler with `npx wrangler`.


[33m▲ [43;33m[[43;30mWARNING[43;33m][0m [1m⚠️ This process may take some time, during which your D1 database will be unavailable to serve queries.[0m


🌀 Executing on remote database tmdb-seo (ed9a3474-da58-4d3f-b954-a7f55ae525d0):
🌀 To execute on your local development database, remove the --remote flag from your wrangler command.
Note: if the execution fails to complete, your DB will return to its original state and you can safely retry.
├ Checking if file needs uploading
│
├ 🌀 Uploading ed9a3474-da58-4d3f-b954-a7f55ae525d0.44f3a60a173746aa.sql
│ 🌀 Uploading complete.
│
🌀 Starting import...
🌀 Processed 20394 queries.
🌀 Processed 40715 queries.
🌀 Processed 60879 queries.
🌀 Processed 74240 queries.
🚣 Executed 74240 queries in 3711.63ms (0 rows read, 74240 rows written)
   Database is currently at bookmark 00000004-000ad886-00005052-c373d6d8f5a47d42b2241add0a875eba.
[
  {
    "results": [
      {
        "Total queries executed": 74240,
        "Rows read": 0,
        "Rows written": 74240,
        "Database size (MB)": "1278.67"
      }
    ],
    "success": true,
    "finalBookmark": "00000004-000ad886-00005052-c373d6d8f5a47d42b2241add0a875eba",
    "meta": {
      "served_by": "v3-prod",
      "served_by_region": "APAC",
      "served_by_colo": "SIN",
      "served_by_primary": true,
      "timings": {
        "sql_duration_ms": 3711.6338
      },
      "duration": 3711.6338,
      "changes": 74241,
      "last_row_id": 7233717,
      "changed_db": true,
      "size_after": 1278668800,
      "rows_read": 0,
      "rows_written": 74240,
      "num_tables": 2,
      "total_attempts": 1
    }
  }
]
⚠️  Warning: Unsupported macOS version detected (12.6.0). The Cloudflare Workers runtime may not work correctly on macOS versions below 13.5.0. Consider upgrading to macOS 13.5.0+ or using a DevContainer setup with a supported version of Linux (glibc 2.35+ required).

 ⛅️ wrangler 3.114.17 (update available 4.83.0)
-----------------------------------------------

[33m▲ [43;33m[[43;30mWARNING[43;33m][0m [1mThe version of Wrangler you are using is now out-of-date.[0m

  Please update to the latest version to prevent critical errors.
  Run `npm install --save-dev wrangler@4` to update to the latest version.
  After installation, run Wrangler with `npx wrangler`.


[33m▲ [43;33m[[43;30mWARNING[43;33m][0m [1m⚠️ This process may take some time, during which your D1 database will be unavailable to serve queries.[0m


🌀 Executing on remote database tmdb-seo (ed9a3474-da58-4d3f-b954-a7f55ae525d0):
🌀 To execute on your local development database, remove the --remote flag from your wrangler command.
Note: if the execution fails to complete, your DB will return to its original state and you can safely retry.
├ Checking if file needs uploading
│
├ 🌀 Uploading ed9a3474-da58-4d3f-b954-a7f55ae525d0.cbdac99cfa118ede.sql
│ 🌀 Uploading complete.
│
🌀 Starting import...
🌀 Processed 20184 queries.
🌀 Processed 40486 queries.
🌀 Processed 60836 queries.
🌀 Processed 74267 queries.
🚣 Executed 74267 queries in 3159.30ms (0 rows read, 74267 rows written)
   Database is currently at bookmark 00000004-000af087-00005052-c14ecab295795ac80d41e9fe868ac989.
[
  {
    "results": [
      {
        "Total queries executed": 74267,
        "Rows read": 0,
        "Rows written": 74267,
        "Database size (MB)": "1290.51"
      }
    ],
    "success": true,
    "finalBookmark": "00000004-000af087-00005052-c14ecab295795ac80d41e9fe868ac989",
    "meta": {
      "served_by": "v3-prod",
      "served_by_region": "APAC",
      "served_by_colo": "SIN",
      "served_by_primary": true,
      "timings": {
        "sql_duration_ms": 3159.2983
      },
      "duration": 3159.2983,
      "changes": 74268,
      "last_row_id": 7307984,
      "changed_db": true,
      "size_after": 1290510336,
      "rows_read": 0,
      "rows_written": 74267,
      "num_tables": 2,
      "total_attempts": 1
    }
  }
]
⚠️  Warning: Unsupported macOS version detected (12.6.0). The Cloudflare Workers runtime may not work correctly on macOS versions below 13.5.0. Consider upgrading to macOS 13.5.0+ or using a DevContainer setup with a supported version of Linux (glibc 2.35+ required).

 ⛅️ wrangler 3.114.17 (update available 4.83.0)
-----------------------------------------------

[33m▲ [43;33m[[43;30mWARNING[43;33m][0m [1mThe version of Wrangler you are using is now out-of-date.[0m

  Please update to the latest version to prevent critical errors.
  Run `npm install --save-dev wrangler@4` to update to the latest version.
  After installation, run Wrangler with `npx wrangler`.


[33m▲ [43;33m[[43;30mWARNING[43;33m][0m [1m⚠️ This process may take some time, during which your D1 database will be unavailable to serve queries.[0m


🌀 Executing on remote database tmdb-seo (ed9a3474-da58-4d3f-b954-a7f55ae525d0):
🌀 To execute on your local development database, remove the --remote flag from your wrangler command.
Note: if the execution fails to complete, your DB will return to its original state and you can safely retry.
├ Checking if file needs uploading
│
├ 🌀 Uploading ed9a3474-da58-4d3f-b954-a7f55ae525d0.21767ba81f916d9d.sql
│ 🌀 Uploading complete.
│
🌀 Starting import...
🌀 Processed 20273 queries.
🌀 Processed 40567 queries.
🌀 Processed 60924 queries.
🌀 Processed 74368 queries.
🚣 Executed 74368 queries in 3788.99ms (0 rows read, 74368 rows written)
   Database is currently at bookmark 00000004-000b0d0d-00005052-8f6c0b72d1887572e3e609fe98871191.
[
  {
    "results": [
      {
        "Total queries executed": 74368,
        "Rows read": 0,
        "Rows written": 74368,
        "Database size (MB)": "1302.32"
      }
    ],
    "success": true,
    "finalBookmark": "00000004-000b0d0d-00005052-8f6c0b72d1887572e3e609fe98871191",
    "meta": {
      "served_by": "v3-prod",
      "served_by_region": "APAC",
      "served_by_colo": "SIN",
      "served_by_primary": true,
      "timings": {
        "sql_duration_ms": 3788.991
      },
      "duration": 3788.991,
      "changes": 74369,
      "last_row_id": 7382352,
      "changed_db": true,
      "size_after": 1302319104,
      "rows_read": 0,
      "rows_written": 74368,
      "num_tables": 2,
      "total_attempts": 1
    }
  }
]
⚠️  Warning: Unsupported macOS version detected (12.6.0). The Cloudflare Workers runtime may not work correctly on macOS versions below 13.5.0. Consider upgrading to macOS 13.5.0+ or using a DevContainer setup with a supported version of Linux (glibc 2.35+ required).

 ⛅️ wrangler 3.114.17 (update available 4.83.0)
-----------------------------------------------

[33m▲ [43;33m[[43;30mWARNING[43;33m][0m [1mThe version of Wrangler you are using is now out-of-date.[0m

  Please update to the latest version to prevent critical errors.
  Run `npm install --save-dev wrangler@4` to update to the latest version.
  After installation, run Wrangler with `npx wrangler`.


[33m▲ [43;33m[[43;30mWARNING[43;33m][0m [1m⚠️ This process may take some time, during which your D1 database will be unavailable to serve queries.[0m


🌀 Executing on remote database tmdb-seo (ed9a3474-da58-4d3f-b954-a7f55ae525d0):
🌀 To execute on your local development database, remove the --remote flag from your wrangler command.
Note: if the execution fails to complete, your DB will return to its original state and you can safely retry.
├ Checking if file needs uploading
│
├ 🌀 Uploading ed9a3474-da58-4d3f-b954-a7f55ae525d0.800d7655d9f731cc.sql
│ 🌀 Uploading complete.
│
🌀 Starting import...
🌀 Processed 20120 queries.
🌀 Processed 40188 queries.
🌀 Processed 60439 queries.
🌀 Processed 73841 queries.
🚣 Executed 73841 queries in 3814.88ms (0 rows read, 73841 rows written)
   Database is currently at bookmark 00000004-000b2993-00005052-0c184d5a6cb6ef645c862f10aa4393f0.
[
  {
    "results": [
      {
        "Total queries executed": 73841,
        "Rows read": 0,
        "Rows written": 73841,
        "Database size (MB)": "1314.16"
      }
    ],
    "success": true,
    "finalBookmark": "00000004-000b2993-00005052-0c184d5a6cb6ef645c862f10aa4393f0",
    "meta": {
      "served_by": "v3-prod",
      "served_by_region": "APAC",
      "served_by_colo": "SIN",
      "served_by_primary": true,
      "timings": {
        "sql_duration_ms": 3814.8764
      },
      "duration": 3814.8764,
      "changes": 73842,
      "last_row_id": 7456193,
      "changed_db": true,
      "size_after": 1314156544,
      "rows_read": 0,
      "rows_written": 73841,
      "num_tables": 2,
      "total_attempts": 1
    }
  }
]
⚠️  Warning: Unsupported macOS version detected (12.6.0). The Cloudflare Workers runtime may not work correctly on macOS versions below 13.5.0. Consider upgrading to macOS 13.5.0+ or using a DevContainer setup with a supported version of Linux (glibc 2.35+ required).

 ⛅️ wrangler 3.114.17 (update available 4.83.0)
-----------------------------------------------

[33m▲ [43;33m[[43;30mWARNING[43;33m][0m [1mThe version of Wrangler you are using is now out-of-date.[0m

  Please update to the latest version to prevent critical errors.
  Run `npm install --save-dev wrangler@4` to update to the latest version.
  After installation, run Wrangler with `npx wrangler`.


[33m▲ [43;33m[[43;30mWARNING[43;33m][0m [1m⚠️ This process may take some time, during which your D1 database will be unavailable to serve queries.[0m


🌀 Executing on remote database tmdb-seo (ed9a3474-da58-4d3f-b954-a7f55ae525d0):
🌀 To execute on your local development database, remove the --remote flag from your wrangler command.
Note: if the execution fails to complete, your DB will return to its original state and you can safely retry.
├ Checking if file needs uploading
│
├ 🌀 Uploading ed9a3474-da58-4d3f-b954-a7f55ae525d0.69714bbf4d528b77.sql
│ 🌀 Uploading complete.
│
🌀 Starting import...
🌀 Processed 20291 queries.
🌀 Processed 40630 queries.
🌀 Processed 61010 queries.
🌀 Processed 74525 queries.
🚣 Executed 74525 queries in 3501.53ms (0 rows read, 74525 rows written)
   Database is currently at bookmark 00000004-000b4619-00005052-914b6334a3307a001048d5abbfce6747.
[
  {
    "results": [
      {
        "Total queries executed": 74525,
        "Rows read": 0,
        "Rows written": 74525,
        "Database size (MB)": "1325.97"
      }
    ],
    "success": true,
    "finalBookmark": "00000004-000b4619-00005052-914b6334a3307a001048d5abbfce6747",
    "meta": {
      "served_by": "v3-prod",
      "served_by_region": "APAC",
      "served_by_colo": "SIN",
      "served_by_primary": true,
      "timings": {
        "sql_duration_ms": 3501.5303
      },
      "duration": 3501.5303,
      "changes": 74526,
      "last_row_id": 7530718,
      "changed_db": true,
      "size_after": 1325965312,
      "rows_read": 0,
      "rows_written": 74525,
      "num_tables": 2,
      "total_attempts": 1
    }
  }
]
⚠️  Warning: Unsupported macOS version detected (12.6.0). The Cloudflare Workers runtime may not work correctly on macOS versions below 13.5.0. Consider upgrading to macOS 13.5.0+ or using a DevContainer setup with a supported version of Linux (glibc 2.35+ required).

 ⛅️ wrangler 3.114.17 (update available 4.83.0)
-----------------------------------------------

[33m▲ [43;33m[[43;30mWARNING[43;33m][0m [1mThe version of Wrangler you are using is now out-of-date.[0m

  Please update to the latest version to prevent critical errors.
  Run `npm install --save-dev wrangler@4` to update to the latest version.
  After installation, run Wrangler with `npx wrangler`.


[33m▲ [43;33m[[43;30mWARNING[43;33m][0m [1m⚠️ This process may take some time, during which your D1 database will be unavailable to serve queries.[0m


🌀 Executing on remote database tmdb-seo (ed9a3474-da58-4d3f-b954-a7f55ae525d0):
🌀 To execute on your local development database, remove the --remote flag from your wrangler command.
Note: if the execution fails to complete, your DB will return to its original state and you can safely retry.
├ Checking if file needs uploading
│
├ 🌀 Uploading ed9a3474-da58-4d3f-b954-a7f55ae525d0.0aed0e73c043070f.sql
│ 🌀 Uploading complete.
│
🌀 Starting import...
🌀 Processed 20370 queries.
🌀 Processed 40663 queries.
🌀 Processed 60908 queries.
🌀 Processed 74215 queries.
🚣 Executed 74215 queries in 3647.35ms (0 rows read, 74215 rows written)
   Database is currently at bookmark 00000004-000b629f-00005052-482e5871f57871435b63e837579ebbd4.
[
  {
    "results": [
      {
        "Total queries executed": 74215,
        "Rows read": 0,
        "Rows written": 74215,
        "Database size (MB)": "1337.79"
      }
    ],
    "success": true,
    "finalBookmark": "00000004-000b629f-00005052-482e5871f57871435b63e837579ebbd4",
    "meta": {
      "served_by": "v3-prod",
      "served_by_region": "APAC",
      "served_by_colo": "SIN",
      "served_by_primary": true,
      "timings": {
        "sql_duration_ms": 3647.3534
      },
      "duration": 3647.3534,
      "changes": 74216,
      "last_row_id": 7604933,
      "changed_db": true,
      "size_after": 1337786368,
      "rows_read": 0,
      "rows_written": 74215,
      "num_tables": 2,
      "total_attempts": 1
    }
  }
]
⚠️  Warning: Unsupported macOS version detected (12.6.0). The Cloudflare Workers runtime may not work correctly on macOS versions below 13.5.0. Consider upgrading to macOS 13.5.0+ or using a DevContainer setup with a supported version of Linux (glibc 2.35+ required).

 ⛅️ wrangler 3.114.17 (update available 4.83.0)
-----------------------------------------------

[33m▲ [43;33m[[43;30mWARNING[43;33m][0m [1mThe version of Wrangler you are using is now out-of-date.[0m

  Please update to the latest version to prevent critical errors.
  Run `npm install --save-dev wrangler@4` to update to the latest version.
  After installation, run Wrangler with `npx wrangler`.


[33m▲ [43;33m[[43;30mWARNING[43;33m][0m [1m⚠️ This process may take some time, during which your D1 database will be unavailable to serve queries.[0m


🌀 Executing on remote database tmdb-seo (ed9a3474-da58-4d3f-b954-a7f55ae525d0):
🌀 To execute on your local development database, remove the --remote flag from your wrangler command.
Note: if the execution fails to complete, your DB will return to its original state and you can safely retry.
├ Checking if file needs uploading
│
├ 🌀 Uploading ed9a3474-da58-4d3f-b954-a7f55ae525d0.1d09267979454f67.sql
│ 🌀 Uploading complete.
│
🌀 Starting import...
🌀 Processed 20349 queries.
🌀 Processed 40593 queries.
🌀 Processed 60817 queries.
🌀 Processed 74200 queries.
🚣 Executed 74200 queries in 3764.65ms (0 rows read, 74200 rows written)
   Database is currently at bookmark 00000004-000b7f25-00005052-75a76c4afd357c2ca532a2198aea19da.
[
  {
    "results": [
      {
        "Total queries executed": 74200,
        "Rows read": 0,
        "Rows written": 74200,
        "Database size (MB)": "1349.62"
      }
    ],
    "success": true,
    "finalBookmark": "00000004-000b7f25-00005052-75a76c4afd357c2ca532a2198aea19da",
    "meta": {
      "served_by": "v3-prod",
      "served_by_region": "APAC",
      "served_by_colo": "SIN",
      "served_by_primary": true,
      "timings": {
        "sql_duration_ms": 3764.6476
      },
      "duration": 3764.6476,
      "changes": 74201,
      "last_row_id": 7679133,
      "changed_db": true,
      "size_after": 1349619712,
      "rows_read": 0,
      "rows_written": 74200,
      "num_tables": 2,
      "total_attempts": 1
    }
  }
]
⚠️  Warning: Unsupported macOS version detected (12.6.0). The Cloudflare Workers runtime may not work correctly on macOS versions below 13.5.0. Consider upgrading to macOS 13.5.0+ or using a DevContainer setup with a supported version of Linux (glibc 2.35+ required).

 ⛅️ wrangler 3.114.17 (update available 4.83.0)
-----------------------------------------------

[33m▲ [43;33m[[43;30mWARNING[43;33m][0m [1mThe version of Wrangler you are using is now out-of-date.[0m

  Please update to the latest version to prevent critical errors.
  Run `npm install --save-dev wrangler@4` to update to the latest version.
  After installation, run Wrangler with `npx wrangler`.


[33m▲ [43;33m[[43;30mWARNING[43;33m][0m [1m⚠️ This process may take some time, during which your D1 database will be unavailable to serve queries.[0m


🌀 Executing on remote database tmdb-seo (ed9a3474-da58-4d3f-b954-a7f55ae525d0):
🌀 To execute on your local development database, remove the --remote flag from your wrangler command.
Note: if the execution fails to complete, your DB will return to its original state and you can safely retry.
├ Checking if file needs uploading
│
├ 🌀 Uploading ed9a3474-da58-4d3f-b954-a7f55ae525d0.17025ac10ca58f7a.sql
│ 🌀 Uploading complete.
│
🌀 Starting import...
🌀 Processed 20282 queries.
🌀 Processed 40540 queries.
🌀 Processed 60868 queries.
🌀 Processed 74264 queries.
🚣 Executed 74264 queries in 3897.03ms (0 rows read, 74264 rows written)
   Database is currently at bookmark 00000004-000b9bab-00005052-f77f5d2b60fe4d655abdbb549fe41fe6.
[
  {
    "results": [
      {
        "Total queries executed": 74264,
        "Rows read": 0,
        "Rows written": 74264,
        "Database size (MB)": "1361.45"
      }
    ],
    "success": true,
    "finalBookmark": "00000004-000b9bab-00005052-f77f5d2b60fe4d655abdbb549fe41fe6",
    "meta": {
      "served_by": "v3-prod",
      "served_by_region": "APAC",
      "served_by_colo": "SIN",
      "served_by_primary": true,
      "timings": {
        "sql_duration_ms": 3897.0337
      },
      "duration": 3897.0337,
      "changes": 74265,
      "last_row_id": 7753397,
      "changed_db": true,
      "size_after": 1361448960,
      "rows_read": 0,
      "rows_written": 74264,
      "num_tables": 2,
      "total_attempts": 1
    }
  }
]
⚠️  Warning: Unsupported macOS version detected (12.6.0). The Cloudflare Workers runtime may not work correctly on macOS versions below 13.5.0. Consider upgrading to macOS 13.5.0+ or using a DevContainer setup with a supported version of Linux (glibc 2.35+ required).

 ⛅️ wrangler 3.114.17 (update available 4.83.0)
-----------------------------------------------

[33m▲ [43;33m[[43;30mWARNING[43;33m][0m [1mThe version of Wrangler you are using is now out-of-date.[0m

  Please update to the latest version to prevent critical errors.
  Run `npm install --save-dev wrangler@4` to update to the latest version.
  After installation, run Wrangler with `npx wrangler`.


[33m▲ [43;33m[[43;30mWARNING[43;33m][0m [1m⚠️ This process may take some time, during which your D1 database will be unavailable to serve queries.[0m


🌀 Executing on remote database tmdb-seo (ed9a3474-da58-4d3f-b954-a7f55ae525d0):
🌀 To execute on your local development database, remove the --remote flag from your wrangler command.
Note: if the execution fails to complete, your DB will return to its original state and you can safely retry.
├ Checking if file needs uploading
│
├ 🌀 Uploading ed9a3474-da58-4d3f-b954-a7f55ae525d0.997c97ca07773a5c.sql
│ 🌀 Uploading complete.
│
🌀 Starting import...
🌀 Processed 20342 queries.
🌀 Processed 40600 queries.
🌀 Processed 60849 queries.
🌀 Processed 74304 queries.
🚣 Executed 74304 queries in 3712.47ms (0 rows read, 74304 rows written)
   Database is currently at bookmark 00000004-000bb831-00005052-72e660bcd2d1e1f05552d620817d621a.
[
  {
    "results": [
      {
        "Total queries executed": 74304,
        "Rows read": 0,
        "Rows written": 74304,
        "Database size (MB)": "1373.27"
      }
    ],
    "success": true,
    "finalBookmark": "00000004-000bb831-00005052-72e660bcd2d1e1f05552d620817d621a",
    "meta": {
      "served_by": "v3-prod",
      "served_by_region": "APAC",
      "served_by_colo": "SIN",
      "served_by_primary": true,
      "timings": {
        "sql_duration_ms": 3712.4677
      },
      "duration": 3712.4677,
      "changes": 74305,
      "last_row_id": 7827701,
      "changed_db": true,
      "size_after": 1373265920,
      "rows_read": 0,
      "rows_written": 74304,
      "num_tables": 2,
      "total_attempts": 1
    }
  }
]
⚠️  Warning: Unsupported macOS version detected (12.6.0). The Cloudflare Workers runtime may not work correctly on macOS versions below 13.5.0. Consider upgrading to macOS 13.5.0+ or using a DevContainer setup with a supported version of Linux (glibc 2.35+ required).

 ⛅️ wrangler 3.114.17 (update available 4.83.0)
-----------------------------------------------

[33m▲ [43;33m[[43;30mWARNING[43;33m][0m [1mThe version of Wrangler you are using is now out-of-date.[0m

  Please update to the latest version to prevent critical errors.
  Run `npm install --save-dev wrangler@4` to update to the latest version.
  After installation, run Wrangler with `npx wrangler`.


[33m▲ [43;33m[[43;30mWARNING[43;33m][0m [1m⚠️ This process may take some time, during which your D1 database will be unavailable to serve queries.[0m


🌀 Executing on remote database tmdb-seo (ed9a3474-da58-4d3f-b954-a7f55ae525d0):
🌀 To execute on your local development database, remove the --remote flag from your wrangler command.
Note: if the execution fails to complete, your DB will return to its original state and you can safely retry.
├ Checking if file needs uploading
│
├ 🌀 Uploading ed9a3474-da58-4d3f-b954-a7f55ae525d0.454a4bc829417b84.sql
│ 🌀 Uploading complete.
│
🌀 Starting import...
🌀 Processed 20321 queries.
🌀 Processed 40557 queries.
🌀 Processed 60637 queries.
🌀 Processed 73967 queries.
🚣 Executed 73967 queries in 4215.16ms (0 rows read, 73967 rows written)
   Database is currently at bookmark 00000004-000bd4b7-00005052-47dc27779b0a9baf6c0f418ea9571e3c.
[
  {
    "results": [
      {
        "Total queries executed": 73967,
        "Rows read": 0,
        "Rows written": 73967,
        "Database size (MB)": "1385.10"
      }
    ],
    "success": true,
    "finalBookmark": "00000004-000bd4b7-00005052-47dc27779b0a9baf6c0f418ea9571e3c",
    "meta": {
      "served_by": "v3-prod",
      "served_by_region": "APAC",
      "served_by_colo": "SIN",
      "served_by_primary": true,
      "timings": {
        "sql_duration_ms": 4215.1579
      },
      "duration": 4215.1579,
      "changes": 73968,
      "last_row_id": 7901668,
      "changed_db": true,
      "size_after": 1385103360,
      "rows_read": 0,
      "rows_written": 73967,
      "num_tables": 2,
      "total_attempts": 1
    }
  }
]
⚠️  Warning: Unsupported macOS version detected (12.6.0). The Cloudflare Workers runtime may not work correctly on macOS versions below 13.5.0. Consider upgrading to macOS 13.5.0+ or using a DevContainer setup with a supported version of Linux (glibc 2.35+ required).

 ⛅️ wrangler 3.114.17 (update available 4.83.0)
-----------------------------------------------

[33m▲ [43;33m[[43;30mWARNING[43;33m][0m [1mThe version of Wrangler you are using is now out-of-date.[0m

  Please update to the latest version to prevent critical errors.
  Run `npm install --save-dev wrangler@4` to update to the latest version.
  After installation, run Wrangler with `npx wrangler`.


[33m▲ [43;33m[[43;30mWARNING[43;33m][0m [1m⚠️ This process may take some time, during which your D1 database will be unavailable to serve queries.[0m


🌀 Executing on remote database tmdb-seo (ed9a3474-da58-4d3f-b954-a7f55ae525d0):
🌀 To execute on your local development database, remove the --remote flag from your wrangler command.
Note: if the execution fails to complete, your DB will return to its original state and you can safely retry.
├ Checking if file needs uploading
│
├ 🌀 Uploading ed9a3474-da58-4d3f-b954-a7f55ae525d0.ea7f3b20965230db.sql
│ 🌀 Uploading complete.
│
🌀 Starting import...
🌀 Processed 20174 queries.
🌀 Processed 40367 queries.
🌀 Processed 60741 queries.
🌀 Processed 74220 queries.
🚣 Executed 74220 queries in 4055.80ms (0 rows read, 74220 rows written)
   Database is currently at bookmark 00000004-000bf13d-00005052-9e55642f31c3e2bc184659b2e482273a.
[
  {
    "results": [
      {
        "Total queries executed": 74220,
        "Rows read": 0,
        "Rows written": 74220,
        "Database size (MB)": "1396.94"
      }
    ],
    "success": true,
    "finalBookmark": "00000004-000bf13d-00005052-9e55642f31c3e2bc184659b2e482273a",
    "meta": {
      "served_by": "v3-prod",
      "served_by_region": "APAC",
      "served_by_colo": "SIN",
      "served_by_primary": true,
      "timings": {
        "sql_duration_ms": 4055.8
      },
      "duration": 4055.8,
      "changes": 74221,
      "last_row_id": 7975888,
      "changed_db": true,
      "size_after": 1396936704,
      "rows_read": 0,
      "rows_written": 74220,
      "num_tables": 2,
      "total_attempts": 1
    }
  }
]
⚠️  Warning: Unsupported macOS version detected (12.6.0). The Cloudflare Workers runtime may not work correctly on macOS versions below 13.5.0. Consider upgrading to macOS 13.5.0+ or using a DevContainer setup with a supported version of Linux (glibc 2.35+ required).

 ⛅️ wrangler 3.114.17 (update available 4.83.0)
-----------------------------------------------

[33m▲ [43;33m[[43;30mWARNING[43;33m][0m [1mThe version of Wrangler you are using is now out-of-date.[0m

  Please update to the latest version to prevent critical errors.
  Run `npm install --save-dev wrangler@4` to update to the latest version.
  After installation, run Wrangler with `npx wrangler`.


[33m▲ [43;33m[[43;30mWARNING[43;33m][0m [1m⚠️ This process may take some time, during which your D1 database will be unavailable to serve queries.[0m


🌀 Executing on remote database tmdb-seo (ed9a3474-da58-4d3f-b954-a7f55ae525d0):
🌀 To execute on your local development database, remove the --remote flag from your wrangler command.
Note: if the execution fails to complete, your DB will return to its original state and you can safely retry.
├ Checking if file needs uploading
│
├ 🌀 Uploading ed9a3474-da58-4d3f-b954-a7f55ae525d0.02cecc7ce3c6701b.sql
│ 🌀 Uploading complete.
│
🌀 Starting import...
🌀 Processed 20391 queries.
🌀 Processed 40786 queries.
🌀 Processed 61100 queries.
🌀 Processed 74557 queries.
🚣 Executed 74557 queries in 3695.63ms (0 rows read, 74557 rows written)
   Database is currently at bookmark 00000004-000c0dc3-00005052-12d6d51ad35dd7ead5defaac20efbd18.
[
  {
    "results": [
      {
        "Total queries executed": 74557,
        "Rows read": 0,
        "Rows written": 74557,
        "Database size (MB)": "1408.74"
      }
    ],
    "success": true,
    "finalBookmark": "00000004-000c0dc3-00005052-12d6d51ad35dd7ead5defaac20efbd18",
    "meta": {
      "served_by": "v3-prod",
      "served_by_region": "APAC",
      "served_by_colo": "SIN",
      "served_by_primary": true,
      "timings": {
        "sql_duration_ms": 3695.6269
      },
      "duration": 3695.6269,
      "changes": 74558,
      "last_row_id": 8050445,
      "changed_db": true,
      "size_after": 1408737280,
      "rows_read": 0,
      "rows_written": 74557,
      "num_tables": 2,
      "total_attempts": 1
    }
  }
]
⚠️  Warning: Unsupported macOS version detected (12.6.0). The Cloudflare Workers runtime may not work correctly on macOS versions below 13.5.0. Consider upgrading to macOS 13.5.0+ or using a DevContainer setup with a supported version of Linux (glibc 2.35+ required).

 ⛅️ wrangler 3.114.17 (update available 4.83.0)
-----------------------------------------------

[33m▲ [43;33m[[43;30mWARNING[43;33m][0m [1mThe version of Wrangler you are using is now out-of-date.[0m

  Please update to the latest version to prevent critical errors.
  Run `npm install --save-dev wrangler@4` to update to the latest version.
  After installation, run Wrangler with `npx wrangler`.


[33m▲ [43;33m[[43;30mWARNING[43;33m][0m [1m⚠️ This process may take some time, during which your D1 database will be unavailable to serve queries.[0m


🌀 Executing on remote database tmdb-seo (ed9a3474-da58-4d3f-b954-a7f55ae525d0):
🌀 To execute on your local development database, remove the --remote flag from your wrangler command.
Note: if the execution fails to complete, your DB will return to its original state and you can safely retry.
├ Checking if file needs uploading
│
├ 🌀 Uploading ed9a3474-da58-4d3f-b954-a7f55ae525d0.17b2fcde9a4e89e0.sql
│ 🌀 Uploading complete.
│
🌀 Starting import...
🌀 Processed 20221 queries.
🌀 Processed 40417 queries.
🌀 Processed 60671 queries.
🌀 Processed 74006 queries.
🚣 Executed 74006 queries in 3370.37ms (0 rows read, 74006 rows written)
   Database is currently at bookmark 00000004-000c2a49-00005052-d195ea1bd96b5988ebba8e86773fe5dc.
[
  {
    "results": [
      {
        "Total queries executed": 74006,
        "Rows read": 0,
        "Rows written": 74006,
        "Database size (MB)": "1420.56"
      }
    ],
    "success": true,
    "finalBookmark": "00000004-000c2a49-00005052-d195ea1bd96b5988ebba8e86773fe5dc",
    "meta": {
      "served_by": "v3-prod",
      "served_by_region": "APAC",
      "served_by_colo": "SIN",
      "served_by_primary": true,
      "timings": {
        "sql_duration_ms": 3370.3662
      },
      "duration": 3370.3662,
      "changes": 74007,
      "last_row_id": 8124451,
      "changed_db": true,
      "size_after": 1420562432,
      "rows_read": 0,
      "rows_written": 74006,
      "num_tables": 2,
      "total_attempts": 1
    }
  }
]
⚠️  Warning: Unsupported macOS version detected (12.6.0). The Cloudflare Workers runtime may not work correctly on macOS versions below 13.5.0. Consider upgrading to macOS 13.5.0+ or using a DevContainer setup with a supported version of Linux (glibc 2.35+ required).

 ⛅️ wrangler 3.114.17 (update available 4.83.0)
-----------------------------------------------

[33m▲ [43;33m[[43;30mWARNING[43;33m][0m [1mThe version of Wrangler you are using is now out-of-date.[0m

  Please update to the latest version to prevent critical errors.
  Run `npm install --save-dev wrangler@4` to update to the latest version.
  After installation, run Wrangler with `npx wrangler`.


[33m▲ [43;33m[[43;30mWARNING[43;33m][0m [1m⚠️ This process may take some time, during which your D1 database will be unavailable to serve queries.[0m


🌀 Executing on remote database tmdb-seo (ed9a3474-da58-4d3f-b954-a7f55ae525d0):
🌀 To execute on your local development database, remove the --remote flag from your wrangler command.
Note: if the execution fails to complete, your DB will return to its original state and you can safely retry.
├ Checking if file needs uploading
│
├ 🌀 Uploading ed9a3474-da58-4d3f-b954-a7f55ae525d0.982688110a405c26.sql
│ 🌀 Uploading complete.
│
🌀 Starting import...
🌀 Processed 20176 queries.
🌀 Processed 40478 queries.
🌀 Processed 60820 queries.
🌀 Processed 74271 queries.
🚣 Executed 74271 queries in 4447.21ms (0 rows read, 74271 rows written)
   Database is currently at bookmark 00000004-000c46cf-00005052-de0f50c393b0d47f97c53e6f3af05016.
[
  {
    "results": [
      {
        "Total queries executed": 74271,
        "Rows read": 0,
        "Rows written": 74271,
        "Database size (MB)": "1432.41"
      }
    ],
    "success": true,
    "finalBookmark": "00000004-000c46cf-00005052-de0f50c393b0d47f97c53e6f3af05016",
    "meta": {
      "served_by": "v3-prod",
      "served_by_region": "APAC",
      "served_by_colo": "SIN",
      "served_by_primary": true,
      "timings": {
        "sql_duration_ms": 4447.2062
      },
      "duration": 4447.2062,
      "changes": 74272,
      "last_row_id": 8198722,
      "changed_db": true,
      "size_after": 1432408064,
      "rows_read": 0,
      "rows_written": 74271,
      "num_tables": 2,
      "total_attempts": 1
    }
  }
]
⚠️  Warning: Unsupported macOS version detected (12.6.0). The Cloudflare Workers runtime may not work correctly on macOS versions below 13.5.0. Consider upgrading to macOS 13.5.0+ or using a DevContainer setup with a supported version of Linux (glibc 2.35+ required).

 ⛅️ wrangler 3.114.17 (update available 4.83.0)
-----------------------------------------------

[33m▲ [43;33m[[43;30mWARNING[43;33m][0m [1mThe version of Wrangler you are using is now out-of-date.[0m

  Please update to the latest version to prevent critical errors.
  Run `npm install --save-dev wrangler@4` to update to the latest version.
  After installation, run Wrangler with `npx wrangler`.


[33m▲ [43;33m[[43;30mWARNING[43;33m][0m [1m⚠️ This process may take some time, during which your D1 database will be unavailable to serve queries.[0m


🌀 Executing on remote database tmdb-seo (ed9a3474-da58-4d3f-b954-a7f55ae525d0):
🌀 To execute on your local development database, remove the --remote flag from your wrangler command.
Note: if the execution fails to complete, your DB will return to its original state and you can safely retry.
├ Checking if file needs uploading
│
├ 🌀 Uploading ed9a3474-da58-4d3f-b954-a7f55ae525d0.488a7742edb9aa9c.sql
│ 🌀 Uploading complete.
│
🌀 Starting import...
🌀 Processed 20236 queries.
🌀 Processed 40630 queries.
🌀 Processed 60876 queries.
🌀 Processed 74271 queries.
🚣 Executed 74271 queries in 4563.90ms (0 rows read, 74271 rows written)
   Database is currently at bookmark 00000004-000c6355-00005052-6c65310f1b320a95bbbaeefb0ad2f426.
[
  {
    "results": [
      {
        "Total queries executed": 74271,
        "Rows read": 0,
        "Rows written": 74271,
        "Database size (MB)": "1444.23"
      }
    ],
    "success": true,
    "finalBookmark": "00000004-000c6355-00005052-6c65310f1b320a95bbbaeefb0ad2f426",
    "meta": {
      "served_by": "v3-prod",
      "served_by_region": "APAC",
      "served_by_colo": "SIN",
      "served_by_primary": true,
      "timings": {
        "sql_duration_ms": 4563.8987
      },
      "duration": 4563.8987,
      "changes": 74272,
      "last_row_id": 8272993,
      "changed_db": true,
      "size_after": 1444225024,
      "rows_read": 0,
      "rows_written": 74271,
      "num_tables": 2,
      "total_attempts": 1
    }
  }
]
⚠️  Warning: Unsupported macOS version detected (12.6.0). The Cloudflare Workers runtime may not work correctly on macOS versions below 13.5.0. Consider upgrading to macOS 13.5.0+ or using a DevContainer setup with a supported version of Linux (glibc 2.35+ required).

 ⛅️ wrangler 3.114.17 (update available 4.83.0)
-----------------------------------------------

[33m▲ [43;33m[[43;30mWARNING[43;33m][0m [1mThe version of Wrangler you are using is now out-of-date.[0m

  Please update to the latest version to prevent critical errors.
  Run `npm install --save-dev wrangler@4` to update to the latest version.
  After installation, run Wrangler with `npx wrangler`.


[33m▲ [43;33m[[43;30mWARNING[43;33m][0m [1m⚠️ This process may take some time, during which your D1 database will be unavailable to serve queries.[0m


🌀 Executing on remote database tmdb-seo (ed9a3474-da58-4d3f-b954-a7f55ae525d0):
🌀 To execute on your local development database, remove the --remote flag from your wrangler command.
Note: if the execution fails to complete, your DB will return to its original state and you can safely retry.
├ Checking if file needs uploading
│
├ 🌀 Uploading ed9a3474-da58-4d3f-b954-a7f55ae525d0.2591fcd17b991008.sql
│ 🌀 Uploading complete.
│
🌀 Starting import...
🌀 Processed 20326 queries.
🌀 Processed 40663 queries.
🌀 Processed 60931 queries.
🌀 Processed 74362 queries.
🚣 Executed 74362 queries in 3995.07ms (0 rows read, 74362 rows written)
   Database is currently at bookmark 00000004-000c7fdb-00005052-ac3a71d9a6c9f6532991b2c0165dd2b7.
[
  {
    "results": [
      {
        "Total queries executed": 74362,
        "Rows read": 0,
        "Rows written": 74362,
        "Database size (MB)": "1456.05"
      }
    ],
    "success": true,
    "finalBookmark": "00000004-000c7fdb-00005052-ac3a71d9a6c9f6532991b2c0165dd2b7",
    "meta": {
      "served_by": "v3-prod",
      "served_by_region": "APAC",
      "served_by_colo": "SIN",
      "served_by_primary": true,
      "timings": {
        "sql_duration_ms": 3995.0728
      },
      "duration": 3995.0728,
      "changes": 74363,
      "last_row_id": 8347355,
      "changed_db": true,
      "size_after": 1456046080,
      "rows_read": 0,
      "rows_written": 74362,
      "num_tables": 2,
      "total_attempts": 1
    }
  }
]
⚠️  Warning: Unsupported macOS version detected (12.6.0). The Cloudflare Workers runtime may not work correctly on macOS versions below 13.5.0. Consider upgrading to macOS 13.5.0+ or using a DevContainer setup with a supported version of Linux (glibc 2.35+ required).

 ⛅️ wrangler 3.114.17 (update available 4.83.0)
-----------------------------------------------

[33m▲ [43;33m[[43;30mWARNING[43;33m][0m [1mThe version of Wrangler you are using is now out-of-date.[0m

  Please update to the latest version to prevent critical errors.
  Run `npm install --save-dev wrangler@4` to update to the latest version.
  After installation, run Wrangler with `npx wrangler`.


[33m▲ [43;33m[[43;30mWARNING[43;33m][0m [1m⚠️ This process may take some time, during which your D1 database will be unavailable to serve queries.[0m


🌀 Executing on remote database tmdb-seo (ed9a3474-da58-4d3f-b954-a7f55ae525d0):
🌀 To execute on your local development database, remove the --remote flag from your wrangler command.
Note: if the execution fails to complete, your DB will return to its original state and you can safely retry.
├ Checking if file needs uploading
│
├ 🌀 Uploading ed9a3474-da58-4d3f-b954-a7f55ae525d0.c79d1ab12f6d3534.sql
│ 🌀 Uploading complete.
│
🌀 Starting import...
🌀 Processed 20158 queries.
🌀 Processed 40381 queries.
🌀 Processed 60652 queries.
🌀 Processed 74073 queries.
🚣 Executed 74073 queries in 6391.39ms (0 rows read, 74073 rows written)
   Database is currently at bookmark 00000004-000c9c5f-00005052-ef0d59ff17469dd263853f49508e37e9.
[
  {
    "results": [
      {
        "Total queries executed": 74073,
        "Rows read": 0,
        "Rows written": 74073,
        "Database size (MB)": "1467.88"
      }
    ],
    "success": true,
    "finalBookmark": "00000004-000c9c5f-00005052-ef0d59ff17469dd263853f49508e37e9",
    "meta": {
      "served_by": "v3-prod",
      "served_by_region": "APAC",
      "served_by_colo": "SIN",
      "served_by_primary": true,
      "timings": {
        "sql_duration_ms": 6391.3917
      },
      "duration": 6391.3917,
      "changes": 74074,
      "last_row_id": 8421428,
      "changed_db": true,
      "size_after": 1467883520,
      "rows_read": 0,
      "rows_written": 74073,
      "num_tables": 2,
      "total_attempts": 1
    }
  }
]
⚠️  Warning: Unsupported macOS version detected (12.6.0). The Cloudflare Workers runtime may not work correctly on macOS versions below 13.5.0. Consider upgrading to macOS 13.5.0+ or using a DevContainer setup with a supported version of Linux (glibc 2.35+ required).

 ⛅️ wrangler 3.114.17 (update available 4.83.0)
-----------------------------------------------

[33m▲ [43;33m[[43;30mWARNING[43;33m][0m [1mThe version of Wrangler you are using is now out-of-date.[0m

  Please update to the latest version to prevent critical errors.
  Run `npm install --save-dev wrangler@4` to update to the latest version.
  After installation, run Wrangler with `npx wrangler`.


[33m▲ [43;33m[[43;30mWARNING[43;33m][0m [1m⚠️ This process may take some time, during which your D1 database will be unavailable to serve queries.[0m


🌀 Executing on remote database tmdb-seo (ed9a3474-da58-4d3f-b954-a7f55ae525d0):
🌀 To execute on your local development database, remove the --remote flag from your wrangler command.
Note: if the execution fails to complete, your DB will return to its original state and you can safely retry.
├ Checking if file needs uploading
│
├ 🌀 Uploading ed9a3474-da58-4d3f-b954-a7f55ae525d0.8c076800f7b218f9.sql
│ 🌀 Uploading complete.
│
🌀 Starting import...
🌀 Processed 20344 queries.
🌀 Processed 40664 queries.
🌀 Processed 61037 queries.
🌀 Processed 74499 queries.
🚣 Executed 74499 queries in 3813.49ms (0 rows read, 74499 rows written)
   Database is currently at bookmark 00000004-000cb8e5-00005052-572e03c437444fa7499879038e548df7.
[
  {
    "results": [
      {
        "Total queries executed": 74499,
        "Rows read": 0,
        "Rows written": 74499,
        "Database size (MB)": "1479.69"
      }
    ],
    "success": true,
    "finalBookmark": "00000004-000cb8e5-00005052-572e03c437444fa7499879038e548df7",
    "meta": {
      "served_by": "v3-prod",
      "served_by_region": "APAC",
      "served_by_colo": "SIN",
      "served_by_primary": true,
      "timings": {
        "sql_duration_ms": 3813.4897
      },
      "duration": 3813.4897,
      "changes": 74500,
      "last_row_id": 8495927,
      "changed_db": true,
      "size_after": 1479692288,
      "rows_read": 0,
      "rows_written": 74499,
      "num_tables": 2,
      "total_attempts": 1
    }
  }
]
⚠️  Warning: Unsupported macOS version detected (12.6.0). The Cloudflare Workers runtime may not work correctly on macOS versions below 13.5.0. Consider upgrading to macOS 13.5.0+ or using a DevContainer setup with a supported version of Linux (glibc 2.35+ required).

 ⛅️ wrangler 3.114.17 (update available 4.83.0)
-----------------------------------------------

[33m▲ [43;33m[[43;30mWARNING[43;33m][0m [1mThe version of Wrangler you are using is now out-of-date.[0m

  Please update to the latest version to prevent critical errors.
  Run `npm install --save-dev wrangler@4` to update to the latest version.
  After installation, run Wrangler with `npx wrangler`.


[33m▲ [43;33m[[43;30mWARNING[43;33m][0m [1m⚠️ This process may take some time, during which your D1 database will be unavailable to serve queries.[0m


🌀 Executing on remote database tmdb-seo (ed9a3474-da58-4d3f-b954-a7f55ae525d0):
🌀 To execute on your local development database, remove the --remote flag from your wrangler command.
Note: if the execution fails to complete, your DB will return to its original state and you can safely retry.
├ Checking if file needs uploading
│
├ 🌀 Uploading ed9a3474-da58-4d3f-b954-a7f55ae525d0.0e290ff7d889f42f.sql
│ 🌀 Uploading complete.
│
🌀 Starting import...
🌀 Processed 20217 queries.
🌀 Processed 40504 queries.
🌀 Processed 60704 queries.
🌀 Processed 74074 queries.
🚣 Executed 74074 queries in 4401.70ms (0 rows read, 74074 rows written)
   Database is currently at bookmark 00000004-000cd56b-00005052-5a0a5ec33a6cb26df5d4bc8c1201b0ea.
[
  {
    "results": [
      {
        "Total queries executed": 74074,
        "Rows read": 0,
        "Rows written": 74074,
        "Database size (MB)": "1491.52"
      }
    ],
    "success": true,
    "finalBookmark": "00000004-000cd56b-00005052-5a0a5ec33a6cb26df5d4bc8c1201b0ea",
    "meta": {
      "served_by": "v3-prod",
      "served_by_region": "APAC",
      "served_by_colo": "SIN",
      "served_by_primary": true,
      "timings": {
        "sql_duration_ms": 4401.6951
      },
      "duration": 4401.6951,
      "changes": 74075,
      "last_row_id": 8570001,
      "changed_db": true,
      "size_after": 1491521536,
      "rows_read": 0,
      "rows_written": 74074,
      "num_tables": 2,
      "total_attempts": 1
    }
  }
]
⚠️  Warning: Unsupported macOS version detected (12.6.0). The Cloudflare Workers runtime may not work correctly on macOS versions below 13.5.0. Consider upgrading to macOS 13.5.0+ or using a DevContainer setup with a supported version of Linux (glibc 2.35+ required).

 ⛅️ wrangler 3.114.17 (update available 4.83.0)
-----------------------------------------------

[33m▲ [43;33m[[43;30mWARNING[43;33m][0m [1mThe version of Wrangler you are using is now out-of-date.[0m

  Please update to the latest version to prevent critical errors.
  Run `npm install --save-dev wrangler@4` to update to the latest version.
  After installation, run Wrangler with `npx wrangler`.


[33m▲ [43;33m[[43;30mWARNING[43;33m][0m [1m⚠️ This process may take some time, during which your D1 database will be unavailable to serve queries.[0m


🌀 Executing on remote database tmdb-seo (ed9a3474-da58-4d3f-b954-a7f55ae525d0):
🌀 To execute on your local development database, remove the --remote flag from your wrangler command.
Note: if the execution fails to complete, your DB will return to its original state and you can safely retry.
├ Checking if file needs uploading
│
├ 🌀 Uploading ed9a3474-da58-4d3f-b954-a7f55ae525d0.209d9caf7c49737e.sql
│ 🌀 Uploading complete.
│
🌀 Starting import...
🌀 Processed 20368 queries.
🌀 Processed 40645 queries.
🌀 Processed 60820 queries.
🌀 Processed 74296 queries.
🚣 Executed 74296 queries in 3711.97ms (0 rows read, 74296 rows written)
   Database is currently at bookmark 00000004-000cf1f1-00005052-258b989623008e58df5796b0c0c3ac12.
[
  {
    "results": [
      {
        "Total queries executed": 74296,
        "Rows read": 0,
        "Rows written": 74296,
        "Database size (MB)": "1503.35"
      }
    ],
    "success": true,
    "finalBookmark": "00000004-000cf1f1-00005052-258b989623008e58df5796b0c0c3ac12",
    "meta": {
      "served_by": "v3-prod",
      "served_by_region": "APAC",
      "served_by_colo": "SIN",
      "served_by_primary": true,
      "timings": {
        "sql_duration_ms": 3711.9662
      },
      "duration": 3711.9662,
      "changes": 74297,
      "last_row_id": 8644297,
      "changed_db": true,
      "size_after": 1503346688,
      "rows_read": 0,
      "rows_written": 74296,
      "num_tables": 2,
      "total_attempts": 1
    }
  }
]
⚠️  Warning: Unsupported macOS version detected (12.6.0). The Cloudflare Workers runtime may not work correctly on macOS versions below 13.5.0. Consider upgrading to macOS 13.5.0+ or using a DevContainer setup with a supported version of Linux (glibc 2.35+ required).

 ⛅️ wrangler 3.114.17 (update available 4.83.0)
-----------------------------------------------

[33m▲ [43;33m[[43;30mWARNING[43;33m][0m [1mThe version of Wrangler you are using is now out-of-date.[0m

  Please update to the latest version to prevent critical errors.
  Run `npm install --save-dev wrangler@4` to update to the latest version.
  After installation, run Wrangler with `npx wrangler`.


[33m▲ [43;33m[[43;30mWARNING[43;33m][0m [1m⚠️ This process may take some time, during which your D1 database will be unavailable to serve queries.[0m


🌀 Executing on remote database tmdb-seo (ed9a3474-da58-4d3f-b954-a7f55ae525d0):
🌀 To execute on your local development database, remove the --remote flag from your wrangler command.
Note: if the execution fails to complete, your DB will return to its original state and you can safely retry.
├ Checking if file needs uploading
│
├ 🌀 Uploading ed9a3474-da58-4d3f-b954-a7f55ae525d0.72817d9fbbc6c30c.sql
│ 🌀 Uploading complete.
│
🌀 Starting import...
🌀 Processed 20259 queries.
🌀 Processed 40628 queries.
🌀 Processed 60991 queries.
🌀 Processed 74422 queries.
🚣 Executed 74422 queries in 3806.44ms (0 rows read, 74422 rows written)
   Database is currently at bookmark 00000004-000d0e77-00005052-f06197d160fd66a511a43b5551245054.
[
  {
    "results": [
      {
        "Total queries executed": 74422,
        "Rows read": 0,
        "Rows written": 74422,
        "Database size (MB)": "1515.16"
      }
    ],
    "success": true,
    "finalBookmark": "00000004-000d0e77-00005052-f06197d160fd66a511a43b5551245054",
    "meta": {
      "served_by": "v3-prod",
      "served_by_region": "APAC",
      "served_by_colo": "SIN",
      "served_by_primary": true,
      "timings": {
        "sql_duration_ms": 3806.4378
      },
      "duration": 3806.4378,
      "changes": 74423,
      "last_row_id": 8718719,
      "changed_db": true,
      "size_after": 1515159552,
      "rows_read": 0,
      "rows_written": 74422,
      "num_tables": 2,
      "total_attempts": 1
    }
  }
]
⚠️  Warning: Unsupported macOS version detected (12.6.0). The Cloudflare Workers runtime may not work correctly on macOS versions below 13.5.0. Consider upgrading to macOS 13.5.0+ or using a DevContainer setup with a supported version of Linux (glibc 2.35+ required).

 ⛅️ wrangler 3.114.17 (update available 4.83.0)
-----------------------------------------------

[33m▲ [43;33m[[43;30mWARNING[43;33m][0m [1mThe version of Wrangler you are using is now out-of-date.[0m

  Please update to the latest version to prevent critical errors.
  Run `npm install --save-dev wrangler@4` to update to the latest version.
  After installation, run Wrangler with `npx wrangler`.


[33m▲ [43;33m[[43;30mWARNING[43;33m][0m [1m⚠️ This process may take some time, during which your D1 database will be unavailable to serve queries.[0m


🌀 Executing on remote database tmdb-seo (ed9a3474-da58-4d3f-b954-a7f55ae525d0):
🌀 To execute on your local development database, remove the --remote flag from your wrangler command.
Note: if the execution fails to complete, your DB will return to its original state and you can safely retry.
├ Checking if file needs uploading
│
├ 🌀 Uploading ed9a3474-da58-4d3f-b954-a7f55ae525d0.f524b9d9611d503c.sql
│ 🌀 Uploading complete.
│
🌀 Starting import...
🌀 Processed 20172 queries.
🌀 Processed 40378 queries.
🌀 Processed 60677 queries.
🌀 Processed 74111 queries.
🚣 Executed 74111 queries in 3389.72ms (0 rows read, 74111 rows written)
   Database is currently at bookmark 00000004-000d2afd-00005052-c90d63233cf56df29cfd0ac2fd2a64c3.
[
  {
    "results": [
      {
        "Total queries executed": 74111,
        "Rows read": 0,
        "Rows written": 74111,
        "Database size (MB)": "1526.99"
      }
    ],
    "success": true,
    "finalBookmark": "00000004-000d2afd-00005052-c90d63233cf56df29cfd0ac2fd2a64c3",
    "meta": {
      "served_by": "v3-prod",
      "served_by_region": "APAC",
      "served_by_colo": "SIN",
      "served_by_primary": true,
      "timings": {
        "sql_duration_ms": 3389.7222
      },
      "duration": 3389.7222,
      "changes": 74112,
      "last_row_id": 8792830,
      "changed_db": true,
      "size_after": 1526988800,
      "rows_read": 0,
      "rows_written": 74111,
      "num_tables": 2,
      "total_attempts": 1
    }
  }
]
⚠️  Warning: Unsupported macOS version detected (12.6.0). The Cloudflare Workers runtime may not work correctly on macOS versions below 13.5.0. Consider upgrading to macOS 13.5.0+ or using a DevContainer setup with a supported version of Linux (glibc 2.35+ required).

 ⛅️ wrangler 3.114.17 (update available 4.83.0)
-----------------------------------------------

[33m▲ [43;33m[[43;30mWARNING[43;33m][0m [1mThe version of Wrangler you are using is now out-of-date.[0m

  Please update to the latest version to prevent critical errors.
  Run `npm install --save-dev wrangler@4` to update to the latest version.
  After installation, run Wrangler with `npx wrangler`.


[33m▲ [43;33m[[43;30mWARNING[43;33m][0m [1m⚠️ This process may take some time, during which your D1 database will be unavailable to serve queries.[0m


🌀 Executing on remote database tmdb-seo (ed9a3474-da58-4d3f-b954-a7f55ae525d0):
🌀 To execute on your local development database, remove the --remote flag from your wrangler command.
Note: if the execution fails to complete, your DB will return to its original state and you can safely retry.
├ Checking if file needs uploading
│
├ 🌀 Uploading ed9a3474-da58-4d3f-b954-a7f55ae525d0.ab56a2377c712660.sql
│ 🌀 Uploading complete.
│
🌀 Starting import...
🌀 Processed 20296 queries.
🌀 Processed 40480 queries.
🌀 Processed 60788 queries.
🌀 Processed 74219 queries.
🚣 Executed 74219 queries in 3362.99ms (0 rows read, 74219 rows written)
   Database is currently at bookmark 00000004-000d4783-00005052-d2c0f8449d3e6eae94fc1eb3cb1ecb7c.
[
  {
    "results": [
      {
        "Total queries executed": 74219,
        "Rows read": 0,
        "Rows written": 74219,
        "Database size (MB)": "1538.82"
      }
    ],
    "success": true,
    "finalBookmark": "00000004-000d4783-00005052-d2c0f8449d3e6eae94fc1eb3cb1ecb7c",
    "meta": {
      "served_by": "v3-prod",
      "served_by_region": "APAC",
      "served_by_colo": "SIN",
      "served_by_primary": true,
      "timings": {
        "sql_duration_ms": 3362.9938
      },
      "duration": 3362.9938,
      "changes": 74220,
      "last_row_id": 8867049,
      "changed_db": true,
      "size_after": 1538818048,
      "rows_read": 0,
      "rows_written": 74219,
      "num_tables": 2,
      "total_attempts": 1
    }
  }
]
⚠️  Warning: Unsupported macOS version detected (12.6.0). The Cloudflare Workers runtime may not work correctly on macOS versions below 13.5.0. Consider upgrading to macOS 13.5.0+ or using a DevContainer setup with a supported version of Linux (glibc 2.35+ required).

 ⛅️ wrangler 3.114.17 (update available 4.83.0)
-----------------------------------------------

[33m▲ [43;33m[[43;30mWARNING[43;33m][0m [1mThe version of Wrangler you are using is now out-of-date.[0m

  Please update to the latest version to prevent critical errors.
  Run `npm install --save-dev wrangler@4` to update to the latest version.
  After installation, run Wrangler with `npx wrangler`.


[33m▲ [43;33m[[43;30mWARNING[43;33m][0m [1m⚠️ This process may take some time, during which your D1 database will be unavailable to serve queries.[0m


🌀 Executing on remote database tmdb-seo (ed9a3474-da58-4d3f-b954-a7f55ae525d0):
🌀 To execute on your local development database, remove the --remote flag from your wrangler command.
Note: if the execution fails to complete, your DB will return to its original state and you can safely retry.
├ Checking if file needs uploading
│
├ 🌀 Uploading ed9a3474-da58-4d3f-b954-a7f55ae525d0.e69f9fb09eaf6fd5.sql
│ 🌀 Uploading complete.
│
🌀 Starting import...
🌀 Processed 20299 queries.
🌀 Processed 40672 queries.
🌀 Processed 61013 queries.
🌀 Processed 74420 queries.
🚣 Executed 74420 queries in 3687.11ms (0 rows read, 74420 rows written)
   Database is currently at bookmark 00000004-000d6409-00005052-997619ffb4ab327d412c6c5bb3841875.
[
  {
    "results": [
      {
        "Total queries executed": 74420,
        "Rows read": 0,
        "Rows written": 74420,
        "Database size (MB)": "1550.63"
      }
    ],
    "success": true,
    "finalBookmark": "00000004-000d6409-00005052-997619ffb4ab327d412c6c5bb3841875",
    "meta": {
      "served_by": "v3-prod",
      "served_by_region": "APAC",
      "served_by_colo": "SIN",
      "served_by_primary": true,
      "timings": {
        "sql_duration_ms": 3687.113
      },
      "duration": 3687.113,
      "changes": 74421,
      "last_row_id": 8941469,
      "changed_db": true,
      "size_after": 1550630912,
      "rows_read": 0,
      "rows_written": 74420,
      "num_tables": 2,
      "total_attempts": 1
    }
  }
]
⚠️  Warning: Unsupported macOS version detected (12.6.0). The Cloudflare Workers runtime may not work correctly on macOS versions below 13.5.0. Consider upgrading to macOS 13.5.0+ or using a DevContainer setup with a supported version of Linux (glibc 2.35+ required).

 ⛅️ wrangler 3.114.17 (update available 4.83.0)
-----------------------------------------------

[33m▲ [43;33m[[43;30mWARNING[43;33m][0m [1mThe version of Wrangler you are using is now out-of-date.[0m

  Please update to the latest version to prevent critical errors.
  Run `npm install --save-dev wrangler@4` to update to the latest version.
  After installation, run Wrangler with `npx wrangler`.


[33m▲ [43;33m[[43;30mWARNING[43;33m][0m [1m⚠️ This process may take some time, during which your D1 database will be unavailable to serve queries.[0m


🌀 Executing on remote database tmdb-seo (ed9a3474-da58-4d3f-b954-a7f55ae525d0):
🌀 To execute on your local development database, remove the --remote flag from your wrangler command.
Note: if the execution fails to complete, your DB will return to its original state and you can safely retry.
├ Checking if file needs uploading
│
├ 🌀 Uploading ed9a3474-da58-4d3f-b954-a7f55ae525d0.15d630eee9c7bc65.sql
│ 🌀 Uploading complete.
│
🌀 Starting import...
🌀 Processed 20168 queries.
🌀 Processed 40317 queries.
🌀 Processed 60640 queries.
🌀 Processed 74053 queries.
🚣 Executed 74053 queries in 3346.55ms (0 rows read, 74053 rows written)
   Database is currently at bookmark 00000004-000d808f-00005052-0287053f716969da38d609bace3d6c8a.
[
  {
    "results": [
      {
        "Total queries executed": 74053,
        "Rows read": 0,
        "Rows written": 74053,
        "Database size (MB)": "1562.47"
      }
    ],
    "success": true,
    "finalBookmark": "00000004-000d808f-00005052-0287053f716969da38d609bace3d6c8a",
    "meta": {
      "served_by": "v3-prod",
      "served_by_region": "APAC",
      "served_by_colo": "SIN",
      "served_by_primary": true,
      "timings": {
        "sql_duration_ms": 3346.5457
      },
      "duration": 3346.5457,
      "changes": 74054,
      "last_row_id": 9015522,
      "changed_db": true,
      "size_after": 1562468352,
      "rows_read": 0,
      "rows_written": 74053,
      "num_tables": 2,
      "total_attempts": 1
    }
  }
]
⚠️  Warning: Unsupported macOS version detected (12.6.0). The Cloudflare Workers runtime may not work correctly on macOS versions below 13.5.0. Consider upgrading to macOS 13.5.0+ or using a DevContainer setup with a supported version of Linux (glibc 2.35+ required).

 ⛅️ wrangler 3.114.17 (update available 4.83.0)
-----------------------------------------------

[33m▲ [43;33m[[43;30mWARNING[43;33m][0m [1mThe version of Wrangler you are using is now out-of-date.[0m

  Please update to the latest version to prevent critical errors.
  Run `npm install --save-dev wrangler@4` to update to the latest version.
  After installation, run Wrangler with `npx wrangler`.


[33m▲ [43;33m[[43;30mWARNING[43;33m][0m [1m⚠️ This process may take some time, during which your D1 database will be unavailable to serve queries.[0m


🌀 Executing on remote database tmdb-seo (ed9a3474-da58-4d3f-b954-a7f55ae525d0):
🌀 To execute on your local development database, remove the --remote flag from your wrangler command.
Note: if the execution fails to complete, your DB will return to its original state and you can safely retry.
├ Checking if file needs uploading
│
├ 🌀 Uploading ed9a3474-da58-4d3f-b954-a7f55ae525d0.79545f6a6d54058c.sql
│ 🌀 Uploading complete.
│
🌀 Starting import...
🌀 Processed 20376 queries.
🌀 Processed 40581 queries.
🌀 Processed 60882 queries.
🌀 Processed 74321 queries.
🚣 Executed 74321 queries in 3917.88ms (0 rows read, 74321 rows written)
   Database is currently at bookmark 00000004-000d9d15-00005052-eb868b6185f37f99de35160e008995ef.
[
  {
    "results": [
      {
        "Total queries executed": 74321,
        "Rows read": 0,
        "Rows written": 74321,
        "Database size (MB)": "1574.29"
      }
    ],
    "success": true,
    "finalBookmark": "00000004-000d9d15-00005052-eb868b6185f37f99de35160e008995ef",
    "meta": {
      "served_by": "v3-prod",
      "served_by_region": "APAC",
      "served_by_colo": "SIN",
      "served_by_primary": true,
      "timings": {
        "sql_duration_ms": 3917.8849
      },
      "duration": 3917.8849,
      "changes": 74322,
      "last_row_id": 9089843,
      "changed_db": true,
      "size_after": 1574289408,
      "rows_read": 0,
      "rows_written": 74321,
      "num_tables": 2,
      "total_attempts": 1
    }
  }
]
⚠️  Warning: Unsupported macOS version detected (12.6.0). The Cloudflare Workers runtime may not work correctly on macOS versions below 13.5.0. Consider upgrading to macOS 13.5.0+ or using a DevContainer setup with a supported version of Linux (glibc 2.35+ required).

 ⛅️ wrangler 3.114.17 (update available 4.83.0)
-----------------------------------------------

[33m▲ [43;33m[[43;30mWARNING[43;33m][0m [1mThe version of Wrangler you are using is now out-of-date.[0m

  Please update to the latest version to prevent critical errors.
  Run `npm install --save-dev wrangler@4` to update to the latest version.
  After installation, run Wrangler with `npx wrangler`.


[33m▲ [43;33m[[43;30mWARNING[43;33m][0m [1m⚠️ This process may take some time, during which your D1 database will be unavailable to serve queries.[0m


🌀 Executing on remote database tmdb-seo (ed9a3474-da58-4d3f-b954-a7f55ae525d0):
🌀 To execute on your local development database, remove the --remote flag from your wrangler command.
Note: if the execution fails to complete, your DB will return to its original state and you can safely retry.
├ Checking if file needs uploading
│
├ 🌀 Uploading ed9a3474-da58-4d3f-b954-a7f55ae525d0.9fa3e342d4d10aa1.sql
│ 🌀 Uploading complete.
│
🌀 Starting import...
🌀 Processed 20291 queries.
🌀 Processed 40627 queries.
🌀 Processed 60907 queries.
🌀 Processed 74324 queries.
🚣 Executed 74324 queries in 4111.59ms (0 rows read, 74324 rows written)
   Database is currently at bookmark 00000004-000db76f-00005052-99f414b0a8323fbf6e2914639db138e4.
[
  {
    "results": [
      {
        "Total queries executed": 74324,
        "Rows read": 0,
        "Rows written": 74324,
        "Database size (MB)": "1586.11"
      }
    ],
    "success": true,
    "finalBookmark": "00000004-000db76f-00005052-99f414b0a8323fbf6e2914639db138e4",
    "meta": {
      "served_by": "v3-prod",
      "served_by_region": "APAC",
      "served_by_colo": "SIN",
      "served_by_primary": true,
      "timings": {
        "sql_duration_ms": 4111.5892
      },
      "duration": 4111.5892,
      "changes": 74325,
      "last_row_id": 9164167,
      "changed_db": true,
      "size_after": 1586106368,
      "rows_read": 0,
      "rows_written": 74324,
      "num_tables": 2,
      "total_attempts": 1
    }
  }
]
⚠️  Warning: Unsupported macOS version detected (12.6.0). The Cloudflare Workers runtime may not work correctly on macOS versions below 13.5.0. Consider upgrading to macOS 13.5.0+ or using a DevContainer setup with a supported version of Linux (glibc 2.35+ required).

 ⛅️ wrangler 3.114.17 (update available 4.83.0)
-----------------------------------------------

[33m▲ [43;33m[[43;30mWARNING[43;33m][0m [1mThe version of Wrangler you are using is now out-of-date.[0m

  Please update to the latest version to prevent critical errors.
  Run `npm install --save-dev wrangler@4` to update to the latest version.
  After installation, run Wrangler with `npx wrangler`.


[33m▲ [43;33m[[43;30mWARNING[43;33m][0m [1m⚠️ This process may take some time, during which your D1 database will be unavailable to serve queries.[0m


🌀 Executing on remote database tmdb-seo (ed9a3474-da58-4d3f-b954-a7f55ae525d0):
🌀 To execute on your local development database, remove the --remote flag from your wrangler command.
Note: if the execution fails to complete, your DB will return to its original state and you can safely retry.
├ Checking if file needs uploading
│
├ 🌀 Uploading ed9a3474-da58-4d3f-b954-a7f55ae525d0.052f818287a0fd95.sql
│ 🌀 Uploading complete.
│
🌀 Starting import...
🌀 Processed 20049 queries.
🌀 Processed 40359 queries.
🌀 Processed 60619 queries.
🌀 Processed 74075 queries.
🚣 Executed 74075 queries in 3367.14ms (0 rows read, 74075 rows written)
   Database is currently at bookmark 00000004-000dd3f5-00005052-ba69782188020cbe3d0068d7cc47150a.
[
  {
    "results": [
      {
        "Total queries executed": 74075,
        "Rows read": 0,
        "Rows written": 74075,
        "Database size (MB)": "1597.94"
      }
    ],
    "success": true,
    "finalBookmark": "00000004-000dd3f5-00005052-ba69782188020cbe3d0068d7cc47150a",
    "meta": {
      "served_by": "v3-prod",
      "served_by_region": "APAC",
      "served_by_colo": "SIN",
      "served_by_primary": true,
      "timings": {
        "sql_duration_ms": 3367.1445
      },
      "duration": 3367.1445,
      "changes": 74076,
      "last_row_id": 9238242,
      "changed_db": true,
      "size_after": 1597935616,
      "rows_read": 0,
      "rows_written": 74075,
      "num_tables": 2,
      "total_attempts": 1
    }
  }
]
⚠️  Warning: Unsupported macOS version detected (12.6.0). The Cloudflare Workers runtime may not work correctly on macOS versions below 13.5.0. Consider upgrading to macOS 13.5.0+ or using a DevContainer setup with a supported version of Linux (glibc 2.35+ required).

 ⛅️ wrangler 3.114.17 (update available 4.83.0)
-----------------------------------------------

[33m▲ [43;33m[[43;30mWARNING[43;33m][0m [1mThe version of Wrangler you are using is now out-of-date.[0m

  Please update to the latest version to prevent critical errors.
  Run `npm install --save-dev wrangler@4` to update to the latest version.
  After installation, run Wrangler with `npx wrangler`.


[33m▲ [43;33m[[43;30mWARNING[43;33m][0m [1m⚠️ This process may take some time, during which your D1 database will be unavailable to serve queries.[0m


🌀 Executing on remote database tmdb-seo (ed9a3474-da58-4d3f-b954-a7f55ae525d0):
🌀 To execute on your local development database, remove the --remote flag from your wrangler command.
Note: if the execution fails to complete, your DB will return to its original state and you can safely retry.
├ Checking if file needs uploading
│
├ 🌀 Uploading ed9a3474-da58-4d3f-b954-a7f55ae525d0.cbaa15ea7681d3f5.sql
│ 🌀 Uploading complete.
│
🌀 Starting import...
🌀 Processed 20341 queries.
🌀 Processed 40676 queries.
🌀 Processed 60995 queries.
🌀 Processed 74446 queries.
🚣 Executed 74446 queries in 3156.56ms (0 rows read, 74446 rows written)
   Database is currently at bookmark 00000004-000df07b-00005052-96eab5aac815239d7cbba023272c3f95.
[
  {
    "results": [
      {
        "Total queries executed": 74446,
        "Rows read": 0,
        "Rows written": 74446,
        "Database size (MB)": "1609.75"
      }
    ],
    "success": true,
    "finalBookmark": "00000004-000df07b-00005052-96eab5aac815239d7cbba023272c3f95",
    "meta": {
      "served_by": "v3-prod",
      "served_by_region": "APAC",
      "served_by_colo": "SIN",
      "served_by_primary": true,
      "timings": {
        "sql_duration_ms": 3156.5633
      },
      "duration": 3156.5633,
      "changes": 74447,
      "last_row_id": 9312688,
      "changed_db": true,
      "size_after": 1609752576,
      "rows_read": 0,
      "rows_written": 74446,
      "num_tables": 2,
      "total_attempts": 1
    }
  }
]
⚠️  Warning: Unsupported macOS version detected (12.6.0). The Cloudflare Workers runtime may not work correctly on macOS versions below 13.5.0. Consider upgrading to macOS 13.5.0+ or using a DevContainer setup with a supported version of Linux (glibc 2.35+ required).

 ⛅️ wrangler 3.114.17 (update available 4.83.0)
-----------------------------------------------

[33m▲ [43;33m[[43;30mWARNING[43;33m][0m [1mThe version of Wrangler you are using is now out-of-date.[0m

  Please update to the latest version to prevent critical errors.
  Run `npm install --save-dev wrangler@4` to update to the latest version.
  After installation, run Wrangler with `npx wrangler`.


[33m▲ [43;33m[[43;30mWARNING[43;33m][0m [1m⚠️ This process may take some time, during which your D1 database will be unavailable to serve queries.[0m


🌀 Executing on remote database tmdb-seo (ed9a3474-da58-4d3f-b954-a7f55ae525d0):
🌀 To execute on your local development database, remove the --remote flag from your wrangler command.
Note: if the execution fails to complete, your DB will return to its original state and you can safely retry.
├ Checking if file needs uploading
│
├ 🌀 Uploading ed9a3474-da58-4d3f-b954-a7f55ae525d0.6cfde249ba1b6f01.sql
│ 🌀 Uploading complete.
│
🌀 Starting import...
🌀 Processed 20316 queries.
🌀 Processed 40514 queries.
🌀 Processed 60723 queries.
🌀 Processed 74093 queries.
🚣 Executed 74093 queries in 5704.42ms (0 rows read, 74093 rows written)
   Database is currently at bookmark 00000004-000e0cff-00005052-6db604e7dec111f189ba03ed8f6c9054.
[
  {
    "results": [
      {
        "Total queries executed": 74093,
        "Rows read": 0,
        "Rows written": 74093,
        "Database size (MB)": "1621.57"
      }
    ],
    "success": true,
    "finalBookmark": "00000004-000e0cff-00005052-6db604e7dec111f189ba03ed8f6c9054",
    "meta": {
      "served_by": "v3-prod",
      "served_by_region": "APAC",
      "served_by_colo": "SIN",
      "served_by_primary": true,
      "timings": {
        "sql_duration_ms": 5704.4164
      },
      "duration": 5704.4164,
      "changes": 74094,
      "last_row_id": 9386781,
      "changed_db": true,
      "size_after": 1621573632,
      "rows_read": 0,
      "rows_written": 74093,
      "num_tables": 2,
      "total_attempts": 1
    }
  }
]
⚠️  Warning: Unsupported macOS version detected (12.6.0). The Cloudflare Workers runtime may not work correctly on macOS versions below 13.5.0. Consider upgrading to macOS 13.5.0+ or using a DevContainer setup with a supported version of Linux (glibc 2.35+ required).

 ⛅️ wrangler 3.114.17 (update available 4.83.0)
-----------------------------------------------

[33m▲ [43;33m[[43;30mWARNING[43;33m][0m [1mThe version of Wrangler you are using is now out-of-date.[0m

  Please update to the latest version to prevent critical errors.
  Run `npm install --save-dev wrangler@4` to update to the latest version.
  After installation, run Wrangler with `npx wrangler`.


[33m▲ [43;33m[[43;30mWARNING[43;33m][0m [1m⚠️ This process may take some time, during which your D1 database will be unavailable to serve queries.[0m


🌀 Executing on remote database tmdb-seo (ed9a3474-da58-4d3f-b954-a7f55ae525d0):
🌀 To execute on your local development database, remove the --remote flag from your wrangler command.
Note: if the execution fails to complete, your DB will return to its original state and you can safely retry.
├ Checking if file needs uploading
│
├ 🌀 Uploading ed9a3474-da58-4d3f-b954-a7f55ae525d0.76d1f6d97579c41f.sql
│ 🌀 Uploading complete.
│
🌀 Starting import...
🌀 Processed 20325 queries.
🌀 Processed 40694 queries.
🌀 Processed 60982 queries.
🌀 Processed 74383 queries.
🚣 Executed 74383 queries in 4049.04ms (0 rows read, 74383 rows written)
   Database is currently at bookmark 00000004-000e2985-00005052-f1b023448643da71d0e706c46c8aad2e.
[
  {
    "results": [
      {
        "Total queries executed": 74383,
        "Rows read": 0,
        "Rows written": 74383,
        "Database size (MB)": "1633.39"
      }
    ],
    "success": true,
    "finalBookmark": "00000004-000e2985-00005052-f1b023448643da71d0e706c46c8aad2e",
    "meta": {
      "served_by": "v3-prod",
      "served_by_region": "APAC",
      "served_by_colo": "SIN",
      "served_by_primary": true,
      "timings": {
        "sql_duration_ms": 4049.0399
      },
      "duration": 4049.0399,
      "changes": 74384,
      "last_row_id": 9461164,
      "changed_db": true,
      "size_after": 1633394688,
      "rows_read": 0,
      "rows_written": 74383,
      "num_tables": 2,
      "total_attempts": 1
    }
  }
]
⚠️  Warning: Unsupported macOS version detected (12.6.0). The Cloudflare Workers runtime may not work correctly on macOS versions below 13.5.0. Consider upgrading to macOS 13.5.0+ or using a DevContainer setup with a supported version of Linux (glibc 2.35+ required).

 ⛅️ wrangler 3.114.17 (update available 4.83.0)
-----------------------------------------------

[33m▲ [43;33m[[43;30mWARNING[43;33m][0m [1mThe version of Wrangler you are using is now out-of-date.[0m

  Please update to the latest version to prevent critical errors.
  Run `npm install --save-dev wrangler@4` to update to the latest version.
  After installation, run Wrangler with `npx wrangler`.


[33m▲ [43;33m[[43;30mWARNING[43;33m][0m [1m⚠️ This process may take some time, during which your D1 database will be unavailable to serve queries.[0m


🌀 Executing on remote database tmdb-seo (ed9a3474-da58-4d3f-b954-a7f55ae525d0):
🌀 To execute on your local development database, remove the --remote flag from your wrangler command.
Note: if the execution fails to complete, your DB will return to its original state and you can safely retry.
├ Checking if file needs uploading
│
├ 🌀 Uploading ed9a3474-da58-4d3f-b954-a7f55ae525d0.1ff96868ae9afa3b.sql
│ 🌀 Uploading complete.
│
🌀 Starting import...
🌀 Processed 20200 queries.
🌀 Processed 40506 queries.
🌀 Processed 60818 queries.
🌀 Processed 74212 queries.
🚣 Executed 74212 queries in 3807.52ms (0 rows read, 74212 rows written)
   Database is currently at bookmark 00000004-000e460b-00005052-4bdb5b51b5f8462af562aa63922d33ed.
[
  {
    "results": [
      {
        "Total queries executed": 74212,
        "Rows read": 0,
        "Rows written": 74212,
        "Database size (MB)": "1645.22"
      }
    ],
    "success": true,
    "finalBookmark": "00000004-000e460b-00005052-4bdb5b51b5f8462af562aa63922d33ed",
    "meta": {
      "served_by": "v3-prod",
      "served_by_region": "APAC",
      "served_by_colo": "SIN",
      "served_by_primary": true,
      "timings": {
        "sql_duration_ms": 3807.5244
      },
      "duration": 3807.5244,
      "changes": 74213,
      "last_row_id": 9535376,
      "changed_db": true,
      "size_after": 1645219840,
      "rows_read": 0,
      "rows_written": 74212,
      "num_tables": 2,
      "total_attempts": 1
    }
  }
]
⚠️  Warning: Unsupported macOS version detected (12.6.0). The Cloudflare Workers runtime may not work correctly on macOS versions below 13.5.0. Consider upgrading to macOS 13.5.0+ or using a DevContainer setup with a supported version of Linux (glibc 2.35+ required).

 ⛅️ wrangler 3.114.17 (update available 4.83.0)
-----------------------------------------------

[33m▲ [43;33m[[43;30mWARNING[43;33m][0m [1mThe version of Wrangler you are using is now out-of-date.[0m

  Please update to the latest version to prevent critical errors.
  Run `npm install --save-dev wrangler@4` to update to the latest version.
  After installation, run Wrangler with `npx wrangler`.


[33m▲ [43;33m[[43;30mWARNING[43;33m][0m [1m⚠️ This process may take some time, during which your D1 database will be unavailable to serve queries.[0m


🌀 Executing on remote database tmdb-seo (ed9a3474-da58-4d3f-b954-a7f55ae525d0):
🌀 To execute on your local development database, remove the --remote flag from your wrangler command.
Note: if the execution fails to complete, your DB will return to its original state and you can safely retry.
├ Checking if file needs uploading
│
├ 🌀 Uploading ed9a3474-da58-4d3f-b954-a7f55ae525d0.9c1cafc8b419f914.sql
│ 🌀 Uploading complete.
│
🌀 Starting import...
🌀 Processed 20150 queries.
🌀 Processed 40262 queries.
🌀 Processed 60488 queries.
🌀 Processed 73961 queries.
🚣 Executed 73961 queries in 3296.08ms (0 rows read, 73961 rows written)
   Database is currently at bookmark 00000004-000e6291-00005052-e12d768183674d0a263bfa5b9fd972b8.
[
  {
    "results": [
      {
        "Total queries executed": 73961,
        "Rows read": 0,
        "Rows written": 73961,
        "Database size (MB)": "1657.06"
      }
    ],
    "success": true,
    "finalBookmark": "00000004-000e6291-00005052-e12d768183674d0a263bfa5b9fd972b8",
    "meta": {
      "served_by": "v3-prod",
      "served_by_region": "APAC",
      "served_by_colo": "SIN",
      "served_by_primary": true,
      "timings": {
        "sql_duration_ms": 3296.0806
      },
      "duration": 3296.0806,
      "changes": 73962,
      "last_row_id": 9609337,
      "changed_db": true,
      "size_after": 1657057280,
      "rows_read": 0,
      "rows_written": 73961,
      "num_tables": 2,
      "total_attempts": 1
    }
  }
]
⚠️  Warning: Unsupported macOS version detected (12.6.0). The Cloudflare Workers runtime may not work correctly on macOS versions below 13.5.0. Consider upgrading to macOS 13.5.0+ or using a DevContainer setup with a supported version of Linux (glibc 2.35+ required).

 ⛅️ wrangler 3.114.17 (update available 4.83.0)
-----------------------------------------------

[33m▲ [43;33m[[43;30mWARNING[43;33m][0m [1mThe version of Wrangler you are using is now out-of-date.[0m

  Please update to the latest version to prevent critical errors.
  Run `npm install --save-dev wrangler@4` to update to the latest version.
  After installation, run Wrangler with `npx wrangler`.


[33m▲ [43;33m[[43;30mWARNING[43;33m][0m [1m⚠️ This process may take some time, during which your D1 database will be unavailable to serve queries.[0m


🌀 Executing on remote database tmdb-seo (ed9a3474-da58-4d3f-b954-a7f55ae525d0):
🌀 To execute on your local development database, remove the --remote flag from your wrangler command.
Note: if the execution fails to complete, your DB will return to its original state and you can safely retry.
├ Checking if file needs uploading
│
├ 🌀 Uploading ed9a3474-da58-4d3f-b954-a7f55ae525d0.0029984f71272f5c.sql
│ 🌀 Uploading complete.
│
🌀 Starting import...
🌀 Processed 20283 queries.
🌀 Processed 40587 queries.
🌀 Processed 60898 queries.
🌀 Processed 74358 queries.
🚣 Executed 74358 queries in 4350.50ms (0 rows read, 74358 rows written)
   Database is currently at bookmark 00000004-000e7f17-00005052-a26867250ec7e8d1451b6e70ee96dbc9.
[
  {
    "results": [
      {
        "Total queries executed": 74358,
        "Rows read": 0,
        "Rows written": 74358,
        "Database size (MB)": "1668.87"
      }
    ],
    "success": true,
    "finalBookmark": "00000004-000e7f17-00005052-a26867250ec7e8d1451b6e70ee96dbc9",
    "meta": {
      "served_by": "v3-prod",
      "served_by_region": "APAC",
      "served_by_colo": "SIN",
      "served_by_primary": true,
      "timings": {
        "sql_duration_ms": 4350.4975
      },
      "duration": 4350.4975,
      "changes": 74359,
      "last_row_id": 9683695,
      "changed_db": true,
      "size_after": 1668870144,
      "rows_read": 0,
      "rows_written": 74358,
      "num_tables": 2,
      "total_attempts": 1
    }
  }
]
⚠️  Warning: Unsupported macOS version detected (12.6.0). The Cloudflare Workers runtime may not work correctly on macOS versions below 13.5.0. Consider upgrading to macOS 13.5.0+ or using a DevContainer setup with a supported version of Linux (glibc 2.35+ required).

 ⛅️ wrangler 3.114.17 (update available 4.83.0)
-----------------------------------------------

[33m▲ [43;33m[[43;30mWARNING[43;33m][0m [1mThe version of Wrangler you are using is now out-of-date.[0m

  Please update to the latest version to prevent critical errors.
  Run `npm install --save-dev wrangler@4` to update to the latest version.
  After installation, run Wrangler with `npx wrangler`.


[33m▲ [43;33m[[43;30mWARNING[43;33m][0m [1m⚠️ This process may take some time, during which your D1 database will be unavailable to serve queries.[0m


🌀 Executing on remote database tmdb-seo (ed9a3474-da58-4d3f-b954-a7f55ae525d0):
🌀 To execute on your local development database, remove the --remote flag from your wrangler command.
Note: if the execution fails to complete, your DB will return to its original state and you can safely retry.
├ Checking if file needs uploading
│
├ 🌀 Uploading ed9a3474-da58-4d3f-b954-a7f55ae525d0.ec1785fdc1425220.sql
│ 🌀 Uploading complete.
│
🌀 Starting import...
🌀 Processed 20314 queries.
🌀 Processed 40556 queries.
🌀 Processed 60819 queries.
🌀 Processed 74245 queries.
🚣 Executed 74245 queries in 3179.00ms (0 rows read, 74245 rows written)
   Database is currently at bookmark 00000004-000e9b9d-00005052-f29facb32eb8ffdc9f6f2e19e98a00ba.
[
  {
    "results": [
      {
        "Total queries executed": 74245,
        "Rows read": 0,
        "Rows written": 74245,
        "Database size (MB)": "1680.69"
      }
    ],
    "success": true,
    "finalBookmark": "00000004-000e9b9d-00005052-f29facb32eb8ffdc9f6f2e19e98a00ba",
    "meta": {
      "served_by": "v3-prod",
      "served_by_region": "APAC",
      "served_by_colo": "SIN",
      "served_by_primary": true,
      "timings": {
        "sql_duration_ms": 3179.0011
      },
      "duration": 3179.0011,
      "changes": 74246,
      "last_row_id": 9757940,
      "changed_db": true,
      "size_after": 1680687104,
      "rows_read": 0,
      "rows_written": 74245,
      "num_tables": 2,
      "total_attempts": 1
    }
  }
]
⚠️  Warning: Unsupported macOS version detected (12.6.0). The Cloudflare Workers runtime may not work correctly on macOS versions below 13.5.0. Consider upgrading to macOS 13.5.0+ or using a DevContainer setup with a supported version of Linux (glibc 2.35+ required).

 ⛅️ wrangler 3.114.17 (update available 4.83.0)
-----------------------------------------------

[33m▲ [43;33m[[43;30mWARNING[43;33m][0m [1mThe version of Wrangler you are using is now out-of-date.[0m

  Please update to the latest version to prevent critical errors.
  Run `npm install --save-dev wrangler@4` to update to the latest version.
  After installation, run Wrangler with `npx wrangler`.


[33m▲ [43;33m[[43;30mWARNING[43;33m][0m [1m⚠️ This process may take some time, during which your D1 database will be unavailable to serve queries.[0m


🌀 Executing on remote database tmdb-seo (ed9a3474-da58-4d3f-b954-a7f55ae525d0):
🌀 To execute on your local development database, remove the --remote flag from your wrangler command.
Note: if the execution fails to complete, your DB will return to its original state and you can safely retry.
├ Checking if file needs uploading
│
├ 🌀 Uploading ed9a3474-da58-4d3f-b954-a7f55ae525d0.0507f7f4419f71b6.sql
│ 🌀 Uploading complete.
│
🌀 Starting import...
🌀 Processed 20234 queries.
🌀 Processed 40610 queries.
🌀 Processed 60917 queries.
🌀 Processed 74276 queries.
🚣 Executed 74276 queries in 3900.14ms (0 rows read, 74276 rows written)
   Database is currently at bookmark 00000004-000eb823-00005052-66eb9a4e971cb5f31d8cb88bf35807bd.
[
  {
    "results": [
      {
        "Total queries executed": 74276,
        "Rows read": 0,
        "Rows written": 74276,
        "Database size (MB)": "1692.51"
      }
    ],
    "success": true,
    "finalBookmark": "00000004-000eb823-00005052-66eb9a4e971cb5f31d8cb88bf35807bd",
    "meta": {
      "served_by": "v3-prod",
      "served_by_region": "APAC",
      "served_by_colo": "SIN",
      "served_by_primary": true,
      "timings": {
        "sql_duration_ms": 3900.144
      },
      "duration": 3900.144,
      "changes": 74277,
      "last_row_id": 9832216,
      "changed_db": true,
      "size_after": 1692512256,
      "rows_read": 0,
      "rows_written": 74276,
      "num_tables": 2,
      "total_attempts": 1
    }
  }
]
⚠️  Warning: Unsupported macOS version detected (12.6.0). The Cloudflare Workers runtime may not work correctly on macOS versions below 13.5.0. Consider upgrading to macOS 13.5.0+ or using a DevContainer setup with a supported version of Linux (glibc 2.35+ required).

 ⛅️ wrangler 3.114.17 (update available 4.83.0)
-----------------------------------------------

[33m▲ [43;33m[[43;30mWARNING[43;33m][0m [1mThe version of Wrangler you are using is now out-of-date.[0m

  Please update to the latest version to prevent critical errors.
  Run `npm install --save-dev wrangler@4` to update to the latest version.
  After installation, run Wrangler with `npx wrangler`.


[33m▲ [43;33m[[43;30mWARNING[43;33m][0m [1m⚠️ This process may take some time, during which your D1 database will be unavailable to serve queries.[0m


🌀 Executing on remote database tmdb-seo (ed9a3474-da58-4d3f-b954-a7f55ae525d0):
🌀 To execute on your local development database, remove the --remote flag from your wrangler command.
Note: if the execution fails to complete, your DB will return to its original state and you can safely retry.
├ Checking if file needs uploading
│
├ 🌀 Uploading ed9a3474-da58-4d3f-b954-a7f55ae525d0.d07f206734f7ccb9.sql
│ 🌀 Uploading complete.
│
🌀 Starting import...
🌀 Processed 20328 queries.
🌀 Processed 40612 queries.
🌀 Processed 60828 queries.
🌀 Processed 74233 queries.
🚣 Executed 74233 queries in 3640.75ms (0 rows read, 74233 rows written)
   Database is currently at bookmark 00000004-000ed4a9-00005052-b464909162a8d8656cb29a210aa03ad8.
[
  {
    "results": [
      {
        "Total queries executed": 74233,
        "Rows read": 0,
        "Rows written": 74233,
        "Database size (MB)": "1704.33"
      }
    ],
    "success": true,
    "finalBookmark": "00000004-000ed4a9-00005052-b464909162a8d8656cb29a210aa03ad8",
    "meta": {
      "served_by": "v3-prod",
      "served_by_region": "APAC",
      "served_by_colo": "SIN",
      "served_by_primary": true,
      "timings": {
        "sql_duration_ms": 3640.7527
      },
      "duration": 3640.7527,
      "changes": 74234,
      "last_row_id": 9906449,
      "changed_db": true,
      "size_after": 1704329216,
      "rows_read": 0,
      "rows_written": 74233,
      "num_tables": 2,
      "total_attempts": 1
    }
  }
]
⚠️  Warning: Unsupported macOS version detected (12.6.0). The Cloudflare Workers runtime may not work correctly on macOS versions below 13.5.0. Consider upgrading to macOS 13.5.0+ or using a DevContainer setup with a supported version of Linux (glibc 2.35+ required).

 ⛅️ wrangler 3.114.17 (update available 4.83.0)
-----------------------------------------------

[33m▲ [43;33m[[43;30mWARNING[43;33m][0m [1mThe version of Wrangler you are using is now out-of-date.[0m

  Please update to the latest version to prevent critical errors.
  Run `npm install --save-dev wrangler@4` to update to the latest version.
  After installation, run Wrangler with `npx wrangler`.


[33m▲ [43;33m[[43;30mWARNING[43;33m][0m [1m⚠️ This process may take some time, during which your D1 database will be unavailable to serve queries.[0m


🌀 Executing on remote database tmdb-seo (ed9a3474-da58-4d3f-b954-a7f55ae525d0):
🌀 To execute on your local development database, remove the --remote flag from your wrangler command.
Note: if the execution fails to complete, your DB will return to its original state and you can safely retry.
├ Checking if file needs uploading
│
├ 🌀 Uploading ed9a3474-da58-4d3f-b954-a7f55ae525d0.c90b5892cb494414.sql
│ 🌀 Uploading complete.
│
🌀 Starting import...
🌀 Processed 20170 queries.
🌀 Processed 40510 queries.
🌀 Processed 60730 queries.
🌀 Processed 74157 queries.
🚣 Executed 74157 queries in 4447.77ms (0 rows read, 74157 rows written)
   Database is currently at bookmark 00000004-000ef12f-00005052-1089a484f1a9aa95a51e4f924384b9d2.
[
  {
    "results": [
      {
        "Total queries executed": 74157,
        "Rows read": 0,
        "Rows written": 74157,
        "Database size (MB)": "1716.16"
      }
    ],
    "success": true,
    "finalBookmark": "00000004-000ef12f-00005052-1089a484f1a9aa95a51e4f924384b9d2",
    "meta": {
      "served_by": "v3-prod",
      "served_by_region": "APAC",
      "served_by_colo": "SIN",
      "served_by_primary": true,
      "timings": {
        "sql_duration_ms": 4447.7713
      },
      "duration": 4447.7713,
      "changes": 74158,
      "last_row_id": 9980606,
      "changed_db": true,
      "size_after": 1716158464,
      "rows_read": 0,
      "rows_written": 74157,
      "num_tables": 2,
      "total_attempts": 1
    }
  }
]
⚠️  Warning: Unsupported macOS version detected (12.6.0). The Cloudflare Workers runtime may not work correctly on macOS versions below 13.5.0. Consider upgrading to macOS 13.5.0+ or using a DevContainer setup with a supported version of Linux (glibc 2.35+ required).

 ⛅️ wrangler 3.114.17 (update available 4.83.0)
-----------------------------------------------

[33m▲ [43;33m[[43;30mWARNING[43;33m][0m [1mThe version of Wrangler you are using is now out-of-date.[0m

  Please update to the latest version to prevent critical errors.
  Run `npm install --save-dev wrangler@4` to update to the latest version.
  After installation, run Wrangler with `npx wrangler`.


[33m▲ [43;33m[[43;30mWARNING[43;33m][0m [1m⚠️ This process may take some time, during which your D1 database will be unavailable to serve queries.[0m


🌀 Executing on remote database tmdb-seo (ed9a3474-da58-4d3f-b954-a7f55ae525d0):
🌀 To execute on your local development database, remove the --remote flag from your wrangler command.
Note: if the execution fails to complete, your DB will return to its original state and you can safely retry.
├ Checking if file needs uploading
│
├ 🌀 Uploading ed9a3474-da58-4d3f-b954-a7f55ae525d0.b073c9397a048b07.sql
│ 🌀 Uploading complete.
│
🌀 Starting import...
🌀 Processed 20304 queries.
🌀 Processed 40560 queries.
🌀 Processed 60898 queries.
🌀 Processed 74385 queries.
🚣 Executed 74385 queries in 3743.23ms (0 rows read, 74385 rows written)
   Database is currently at bookmark 00000004-000f0db5-00005052-54bfc6c5006f3a4ef4fc7cb834cbe72c.
[
  {
    "results": [
      {
        "Total queries executed": 74385,
        "Rows read": 0,
        "Rows written": 74385,
        "Database size (MB)": "1727.97"
      }
    ],
    "success": true,
    "finalBookmark": "00000004-000f0db5-00005052-54bfc6c5006f3a4ef4fc7cb834cbe72c",
    "meta": {
      "served_by": "v3-prod",
      "served_by_region": "APAC",
      "served_by_colo": "SIN",
      "served_by_primary": true,
      "timings": {
        "sql_duration_ms": 3743.2282
      },
      "duration": 3743.2282,
      "changes": 74386,
      "last_row_id": 10054991,
      "changed_db": true,
      "size_after": 1727971328,
      "rows_read": 0,
      "rows_written": 74385,
      "num_tables": 2,
      "total_attempts": 1
    }
  }
]
⚠️  Warning: Unsupported macOS version detected (12.6.0). The Cloudflare Workers runtime may not work correctly on macOS versions below 13.5.0. Consider upgrading to macOS 13.5.0+ or using a DevContainer setup with a supported version of Linux (glibc 2.35+ required).

 ⛅️ wrangler 3.114.17 (update available 4.83.0)
-----------------------------------------------

[33m▲ [43;33m[[43;30mWARNING[43;33m][0m [1mThe version of Wrangler you are using is now out-of-date.[0m

  Please update to the latest version to prevent critical errors.
  Run `npm install --save-dev wrangler@4` to update to the latest version.
  After installation, run Wrangler with `npx wrangler`.


[33m▲ [43;33m[[43;30mWARNING[43;33m][0m [1m⚠️ This process may take some time, during which your D1 database will be unavailable to serve queries.[0m


🌀 Executing on remote database tmdb-seo (ed9a3474-da58-4d3f-b954-a7f55ae525d0):
🌀 To execute on your local development database, remove the --remote flag from your wrangler command.
Note: if the execution fails to complete, your DB will return to its original state and you can safely retry.
├ Checking if file needs uploading
│
├ 🌀 Uploading ed9a3474-da58-4d3f-b954-a7f55ae525d0.cb1f971e13123bd8.sql
│ 🌀 Uploading complete.
│
🌀 Starting import...
🌀 Processed 20213 queries.
🌀 Processed 40402 queries.
🌀 Processed 60530 queries.
🌀 Processed 73860 queries.
🚣 Executed 73860 queries in 3181.59ms (0 rows read, 73860 rows written)
   Database is currently at bookmark 00000004-000f2a3b-00005052-f263998012abd91ade385a93f09a387c.
[
  {
    "results": [
      {
        "Total queries executed": 73860,
        "Rows read": 0,
        "Rows written": 73860,
        "Database size (MB)": "1739.80"
      }
    ],
    "success": true,
    "finalBookmark": "00000004-000f2a3b-00005052-f263998012abd91ade385a93f09a387c",
    "meta": {
      "served_by": "v3-prod",
      "served_by_region": "APAC",
      "served_by_colo": "SIN",
      "served_by_primary": true,
      "timings": {
        "sql_duration_ms": 3181.5878
      },
      "duration": 3181.5878,
      "changes": 73861,
      "last_row_id": 10128851,
      "changed_db": true,
      "size_after": 1739804672,
      "rows_read": 0,
      "rows_written": 73860,
      "num_tables": 2,
      "total_attempts": 1
    }
  }
]
⚠️  Warning: Unsupported macOS version detected (12.6.0). The Cloudflare Workers runtime may not work correctly on macOS versions below 13.5.0. Consider upgrading to macOS 13.5.0+ or using a DevContainer setup with a supported version of Linux (glibc 2.35+ required).

 ⛅️ wrangler 3.114.17 (update available 4.83.0)
-----------------------------------------------

[33m▲ [43;33m[[43;30mWARNING[43;33m][0m [1mThe version of Wrangler you are using is now out-of-date.[0m

  Please update to the latest version to prevent critical errors.
  Run `npm install --save-dev wrangler@4` to update to the latest version.
  After installation, run Wrangler with `npx wrangler`.


[33m▲ [43;33m[[43;30mWARNING[43;33m][0m [1m⚠️ This process may take some time, during which your D1 database will be unavailable to serve queries.[0m


🌀 Executing on remote database tmdb-seo (ed9a3474-da58-4d3f-b954-a7f55ae525d0):
🌀 To execute on your local development database, remove the --remote flag from your wrangler command.
Note: if the execution fails to complete, your DB will return to its original state and you can safely retry.
├ Checking if file needs uploading
│
├ 🌀 Uploading ed9a3474-da58-4d3f-b954-a7f55ae525d0.c384f6e51dacabba.sql
│ 🌀 Uploading complete.
│
🌀 Starting import...
🌀 Processed 20236 queries.
🌀 Processed 40520 queries.
🌀 Processed 60877 queries.
🌀 Processed 74360 queries.
🚣 Executed 74360 queries in 4207.88ms (0 rows read, 74360 rows written)
   Database is currently at bookmark 00000004-000f46c1-00005052-4c191ab81d0a85803cceabfb9f46dd91.
[
  {
    "results": [
      {
        "Total queries executed": 74360,
        "Rows read": 0,
        "Rows written": 74360,
        "Database size (MB)": "1751.63"
      }
    ],
    "success": true,
    "finalBookmark": "00000004-000f46c1-00005052-4c191ab81d0a85803cceabfb9f46dd91",
    "meta": {
      "served_by": "v3-prod",
      "served_by_region": "APAC",
      "served_by_colo": "SIN",
      "served_by_primary": true,
      "timings": {
        "sql_duration_ms": 4207.8801
      },
      "duration": 4207.8801,
      "changes": 74361,
      "last_row_id": 10203211,
      "changed_db": true,
      "size_after": 1751625728,
      "rows_read": 0,
      "rows_written": 74360,
      "num_tables": 2,
      "total_attempts": 1
    }
  }
]
⚠️  Warning: Unsupported macOS version detected (12.6.0). The Cloudflare Workers runtime may not work correctly on macOS versions below 13.5.0. Consider upgrading to macOS 13.5.0+ or using a DevContainer setup with a supported version of Linux (glibc 2.35+ required).

 ⛅️ wrangler 3.114.17 (update available 4.83.0)
-----------------------------------------------

[33m▲ [43;33m[[43;30mWARNING[43;33m][0m [1mThe version of Wrangler you are using is now out-of-date.[0m

  Please update to the latest version to prevent critical errors.
  Run `npm install --save-dev wrangler@4` to update to the latest version.
  After installation, run Wrangler with `npx wrangler`.


[33m▲ [43;33m[[43;30mWARNING[43;33m][0m [1m⚠️ This process may take some time, during which your D1 database will be unavailable to serve queries.[0m


🌀 Executing on remote database tmdb-seo (ed9a3474-da58-4d3f-b954-a7f55ae525d0):
🌀 To execute on your local development database, remove the --remote flag from your wrangler command.
Note: if the execution fails to complete, your DB will return to its original state and you can safely retry.
├ Checking if file needs uploading
│
├ 🌀 Uploading ed9a3474-da58-4d3f-b954-a7f55ae525d0.d8304e16c8ad2b35.sql
│ 🌀 Uploading complete.
│
🌀 Starting import...
🌀 Processed 20383 queries.
🌀 Processed 40696 queries.
🌀 Processed 60960 queries.
🌀 Processed 74274 queries.
🚣 Executed 74274 queries in 3834.43ms (0 rows read, 74274 rows written)
   Database is currently at bookmark 00000004-000f6347-00005052-64e85b86015a8b252074c6ff6da100b5.
[
  {
    "results": [
      {
        "Total queries executed": 74274,
        "Rows read": 0,
        "Rows written": 74274,
        "Database size (MB)": "1763.45"
      }
    ],
    "success": true,
    "finalBookmark": "00000004-000f6347-00005052-64e85b86015a8b252074c6ff6da100b5",
    "meta": {
      "served_by": "v3-prod",
      "served_by_region": "APAC",
      "served_by_colo": "SIN",
      "served_by_primary": true,
      "timings": {
        "sql_duration_ms": 3834.435
      },
      "duration": 3834.435,
      "changes": 74275,
      "last_row_id": 10277485,
      "changed_db": true,
      "size_after": 1763446784,
      "rows_read": 0,
      "rows_written": 74274,
      "num_tables": 2,
      "total_attempts": 1
    }
  }
]
⚠️  Warning: Unsupported macOS version detected (12.6.0). The Cloudflare Workers runtime may not work correctly on macOS versions below 13.5.0. Consider upgrading to macOS 13.5.0+ or using a DevContainer setup with a supported version of Linux (glibc 2.35+ required).

 ⛅️ wrangler 3.114.17 (update available 4.83.0)
-----------------------------------------------

[33m▲ [43;33m[[43;30mWARNING[43;33m][0m [1mThe version of Wrangler you are using is now out-of-date.[0m

  Please update to the latest version to prevent critical errors.
  Run `npm install --save-dev wrangler@4` to update to the latest version.
  After installation, run Wrangler with `npx wrangler`.


[33m▲ [43;33m[[43;30mWARNING[43;33m][0m [1m⚠️ This process may take some time, during which your D1 database will be unavailable to serve queries.[0m


🌀 Executing on remote database tmdb-seo (ed9a3474-da58-4d3f-b954-a7f55ae525d0):
🌀 To execute on your local development database, remove the --remote flag from your wrangler command.
Note: if the execution fails to complete, your DB will return to its original state and you can safely retry.
├ Checking if file needs uploading
│
├ 🌀 Uploading ed9a3474-da58-4d3f-b954-a7f55ae525d0.dde471e107714420.sql
│ 🌀 Uploading complete.
│
🌀 Starting import...
🌀 Processed 20234 queries.
🌀 Processed 40703 queries.
🌀 Processed 61067 queries.
🌀 Processed 74442 queries.
🚣 Executed 74442 queries in 4138.92ms (0 rows read, 74442 rows written)
   Database is currently at bookmark 00000004-000f7fcd-00005052-b825d7a581bc2bece6af06a48be2ff17.
[
  {
    "results": [
      {
        "Total queries executed": 74442,
        "Rows read": 0,
        "Rows written": 74442,
        "Database size (MB)": "1775.27"
      }
    ],
    "success": true,
    "finalBookmark": "00000004-000f7fcd-00005052-b825d7a581bc2bece6af06a48be2ff17",
    "meta": {
      "served_by": "v3-prod",
      "served_by_region": "APAC",
      "served_by_colo": "SIN",
      "served_by_primary": true,
      "timings": {
        "sql_duration_ms": 4138.9211
      },
      "duration": 4138.9211,
      "changes": 74443,
      "last_row_id": 10351927,
      "changed_db": true,
      "size_after": 1775267840,
      "rows_read": 0,
      "rows_written": 74442,
      "num_tables": 2,
      "total_attempts": 1
    }
  }
]
⚠️  Warning: Unsupported macOS version detected (12.6.0). The Cloudflare Workers runtime may not work correctly on macOS versions below 13.5.0. Consider upgrading to macOS 13.5.0+ or using a DevContainer setup with a supported version of Linux (glibc 2.35+ required).

 ⛅️ wrangler 3.114.17 (update available 4.83.0)
-----------------------------------------------

[33m▲ [43;33m[[43;30mWARNING[43;33m][0m [1mThe version of Wrangler you are using is now out-of-date.[0m

  Please update to the latest version to prevent critical errors.
  Run `npm install --save-dev wrangler@4` to update to the latest version.
  After installation, run Wrangler with `npx wrangler`.


[33m▲ [43;33m[[43;30mWARNING[43;33m][0m [1m⚠️ This process may take some time, during which your D1 database will be unavailable to serve queries.[0m


🌀 Executing on remote database tmdb-seo (ed9a3474-da58-4d3f-b954-a7f55ae525d0):
🌀 To execute on your local development database, remove the --remote flag from your wrangler command.
Note: if the execution fails to complete, your DB will return to its original state and you can safely retry.
├ Checking if file needs uploading
│
├ 🌀 Uploading ed9a3474-da58-4d3f-b954-a7f55ae525d0.0c95eb14c50cda90.sql
│ 🌀 Uploading complete.
│
🌀 Starting import...
🌀 Processed 20290 queries.
🌀 Processed 40553 queries.
🌀 Processed 60739 queries.
🌀 Processed 74159 queries.
🚣 Executed 74159 queries in 4023.34ms (0 rows read, 74159 rows written)
   Database is currently at bookmark 00000004-000f9c53-00005052-7b16090fc1944e720b3b1a9c6f89ce14.
[
  {
    "results": [
      {
        "Total queries executed": 74159,
        "Rows read": 0,
        "Rows written": 74159,
        "Database size (MB)": "1787.10"
      }
    ],
    "success": true,
    "finalBookmark": "00000004-000f9c53-00005052-7b16090fc1944e720b3b1a9c6f89ce14",
    "meta": {
      "served_by": "v3-prod",
      "served_by_region": "APAC",
      "served_by_colo": "SIN",
      "served_by_primary": true,
      "timings": {
        "sql_duration_ms": 4023.3442
      },
      "duration": 4023.3442,
      "changes": 74160,
      "last_row_id": 10426086,
      "changed_db": true,
      "size_after": 1787101184,
      "rows_read": 0,
      "rows_written": 74159,
      "num_tables": 2,
      "total_attempts": 1
    }
  }
]
⚠️  Warning: Unsupported macOS version detected (12.6.0). The Cloudflare Workers runtime may not work correctly on macOS versions below 13.5.0. Consider upgrading to macOS 13.5.0+ or using a DevContainer setup with a supported version of Linux (glibc 2.35+ required).

 ⛅️ wrangler 3.114.17 (update available 4.83.0)
-----------------------------------------------

[33m▲ [43;33m[[43;30mWARNING[43;33m][0m [1mThe version of Wrangler you are using is now out-of-date.[0m

  Please update to the latest version to prevent critical errors.
  Run `npm install --save-dev wrangler@4` to update to the latest version.
  After installation, run Wrangler with `npx wrangler`.


[33m▲ [43;33m[[43;30mWARNING[43;33m][0m [1m⚠️ This process may take some time, during which your D1 database will be unavailable to serve queries.[0m


🌀 Executing on remote database tmdb-seo (ed9a3474-da58-4d3f-b954-a7f55ae525d0):
🌀 To execute on your local development database, remove the --remote flag from your wrangler command.
Note: if the execution fails to complete, your DB will return to its original state and you can safely retry.
├ Checking if file needs uploading
│
├ 🌀 Uploading ed9a3474-da58-4d3f-b954-a7f55ae525d0.04f3955af5655867.sql
│ 🌀 Uploading complete.
│
🌀 Starting import...
🌀 Processed 20274 queries.
🌀 Processed 40484 queries.
🌀 Processed 60808 queries.
🌀 Processed 74205 queries.
🚣 Executed 74205 queries in 3871.95ms (0 rows read, 74205 rows written)
   Database is currently at bookmark 00000004-000fb8d9-00005052-5fb22b526567d28892b6392af6eecf23.
[
  {
    "results": [
      {
        "Total queries executed": 74205,
        "Rows read": 0,
        "Rows written": 74205,
        "Database size (MB)": "1798.92"
      }
    ],
    "success": true,
    "finalBookmark": "00000004-000fb8d9-00005052-5fb22b526567d28892b6392af6eecf23",
    "meta": {
      "served_by": "v3-prod",
      "served_by_region": "APAC",
      "served_by_colo": "SIN",
      "served_by_primary": true,
      "timings": {
        "sql_duration_ms": 3871.9526
      },
      "duration": 3871.9526,
      "changes": 74206,
      "last_row_id": 10500291,
      "changed_db": true,
      "size_after": 1798918144,
      "rows_read": 0,
      "rows_written": 74205,
      "num_tables": 2,
      "total_attempts": 1
    }
  }
]
⚠️  Warning: Unsupported macOS version detected (12.6.0). The Cloudflare Workers runtime may not work correctly on macOS versions below 13.5.0. Consider upgrading to macOS 13.5.0+ or using a DevContainer setup with a supported version of Linux (glibc 2.35+ required).

 ⛅️ wrangler 3.114.17 (update available 4.83.0)
-----------------------------------------------

[33m▲ [43;33m[[43;30mWARNING[43;33m][0m [1mThe version of Wrangler you are using is now out-of-date.[0m

  Please update to the latest version to prevent critical errors.
  Run `npm install --save-dev wrangler@4` to update to the latest version.
  After installation, run Wrangler with `npx wrangler`.


[33m▲ [43;33m[[43;30mWARNING[43;33m][0m [1m⚠️ This process may take some time, during which your D1 database will be unavailable to serve queries.[0m


🌀 Executing on remote database tmdb-seo (ed9a3474-da58-4d3f-b954-a7f55ae525d0):
🌀 To execute on your local development database, remove the --remote flag from your wrangler command.
Note: if the execution fails to complete, your DB will return to its original state and you can safely retry.
├ Checking if file needs uploading
│
├ 🌀 Uploading ed9a3474-da58-4d3f-b954-a7f55ae525d0.e2dd93c40eee2de8.sql
│ 🌀 Uploading complete.
│
🌀 Starting import...
🌀 Processed 20167 queries.
🌀 Processed 40372 queries.
🌀 Processed 60617 queries.
🌀 Processed 74033 queries.
🚣 Executed 74033 queries in 4234.74ms (0 rows read, 74033 rows written)
   Database is currently at bookmark 00000004-000fd55f-00005052-d440f76617c1998dc5780e85192ebbe1.
[
  {
    "results": [
      {
        "Total queries executed": 74033,
        "Rows read": 0,
        "Rows written": 74033,
        "Database size (MB)": "1810.75"
      }
    ],
    "success": true,
    "finalBookmark": "00000004-000fd55f-00005052-d440f76617c1998dc5780e85192ebbe1",
    "meta": {
      "served_by": "v3-prod",
      "served_by_region": "APAC",
      "served_by_colo": "SIN",
      "served_by_primary": true,
      "timings": {
        "sql_duration_ms": 4234.739
      },
      "duration": 4234.739,
      "changes": 74034,
      "last_row_id": 10574324,
      "changed_db": true,
      "size_after": 1810747392,
      "rows_read": 0,
      "rows_written": 74033,
      "num_tables": 2,
      "total_attempts": 1
    }
  }
]
⚠️  Warning: Unsupported macOS version detected (12.6.0). The Cloudflare Workers runtime may not work correctly on macOS versions below 13.5.0. Consider upgrading to macOS 13.5.0+ or using a DevContainer setup with a supported version of Linux (glibc 2.35+ required).

 ⛅️ wrangler 3.114.17 (update available 4.83.0)
-----------------------------------------------

[33m▲ [43;33m[[43;30mWARNING[43;33m][0m [1mThe version of Wrangler you are using is now out-of-date.[0m

  Please update to the latest version to prevent critical errors.
  Run `npm install --save-dev wrangler@4` to update to the latest version.
  After installation, run Wrangler with `npx wrangler`.


[33m▲ [43;33m[[43;30mWARNING[43;33m][0m [1m⚠️ This process may take some time, during which your D1 database will be unavailable to serve queries.[0m


🌀 Executing on remote database tmdb-seo (ed9a3474-da58-4d3f-b954-a7f55ae525d0):
🌀 To execute on your local development database, remove the --remote flag from your wrangler command.
Note: if the execution fails to complete, your DB will return to its original state and you can safely retry.
├ Checking if file needs uploading
│
├ 🌀 Uploading ed9a3474-da58-4d3f-b954-a7f55ae525d0.4a24b4184eceddf6.sql
│ 🌀 Uploading complete.
│
🌀 Starting import...
🌀 Processed 20353 queries.
🌀 Processed 40552 queries.
🌀 Processed 60954 queries.
🌀 Processed 74423 queries.
🚣 Executed 74423 queries in 3794.57ms (0 rows read, 74423 rows written)
   Database is currently at bookmark 00000004-000ff1e5-00005052-7d8781425a520664f91ff4b407caa971.
[
  {
    "results": [
      {
        "Total queries executed": 74423,
        "Rows read": 0,
        "Rows written": 74423,
        "Database size (MB)": "1822.56"
      }
    ],
    "success": true,
    "finalBookmark": "00000004-000ff1e5-00005052-7d8781425a520664f91ff4b407caa971",
    "meta": {
      "served_by": "v3-prod",
      "served_by_region": "APAC",
      "served_by_colo": "SIN",
      "served_by_primary": true,
      "timings": {
        "sql_duration_ms": 3794.5689
      },
      "duration": 3794.5689,
      "changes": 74424,
      "last_row_id": 10648747,
      "changed_db": true,
      "size_after": 1822560256,
      "rows_read": 0,
      "rows_written": 74423,
      "num_tables": 2,
      "total_attempts": 1
    }
  }
]
⚠️  Warning: Unsupported macOS version detected (12.6.0). The Cloudflare Workers runtime may not work correctly on macOS versions below 13.5.0. Consider upgrading to macOS 13.5.0+ or using a DevContainer setup with a supported version of Linux (glibc 2.35+ required).

 ⛅️ wrangler 3.114.17 (update available 4.83.0)
-----------------------------------------------

[33m▲ [43;33m[[43;30mWARNING[43;33m][0m [1mThe version of Wrangler you are using is now out-of-date.[0m

  Please update to the latest version to prevent critical errors.
  Run `npm install --save-dev wrangler@4` to update to the latest version.
  After installation, run Wrangler with `npx wrangler`.


[33m▲ [43;33m[[43;30mWARNING[43;33m][0m [1m⚠️ This process may take some time, during which your D1 database will be unavailable to serve queries.[0m


🌀 Executing on remote database tmdb-seo (ed9a3474-da58-4d3f-b954-a7f55ae525d0):
🌀 To execute on your local development database, remove the --remote flag from your wrangler command.
Note: if the execution fails to complete, your DB will return to its original state and you can safely retry.
├ Checking if file needs uploading
│
├ 🌀 Uploading ed9a3474-da58-4d3f-b954-a7f55ae525d0.7e014cfa4991236c.sql
│ 🌀 Uploading complete.
│
🌀 Starting import...
🌀 Processed 20346 queries.
🌀 Processed 40562 queries.
🌀 Processed 60823 queries.
🌀 Processed 74246 queries.
🚣 Executed 74246 queries in 3841.35ms (0 rows read, 74246 rows written)
   Database is currently at bookmark 00000004-00100e6b-00005052-1dd0d8cfda4c6a0b852355569eb113c4.
[
  {
    "results": [
      {
        "Total queries executed": 74246,
        "Rows read": 0,
        "Rows written": 74246,
        "Database size (MB)": "1834.39"
      }
    ],
    "success": true,
    "finalBookmark": "00000004-00100e6b-00005052-1dd0d8cfda4c6a0b852355569eb113c4",
    "meta": {
      "served_by": "v3-prod",
      "served_by_region": "APAC",
      "served_by_colo": "SIN",
      "served_by_primary": true,
      "timings": {
        "sql_duration_ms": 3841.3515
      },
      "duration": 3841.3515,
      "changes": 74247,
      "last_row_id": 10722993,
      "changed_db": true,
      "size_after": 1834385408,
      "rows_read": 0,
      "rows_written": 74246,
      "num_tables": 2,
      "total_attempts": 1
    }
  }
]
⚠️  Warning: Unsupported macOS version detected (12.6.0). The Cloudflare Workers runtime may not work correctly on macOS versions below 13.5.0. Consider upgrading to macOS 13.5.0+ or using a DevContainer setup with a supported version of Linux (glibc 2.35+ required).

 ⛅️ wrangler 3.114.17 (update available 4.83.0)
-----------------------------------------------

[33m▲ [43;33m[[43;30mWARNING[43;33m][0m [1mThe version of Wrangler you are using is now out-of-date.[0m

  Please update to the latest version to prevent critical errors.
  Run `npm install --save-dev wrangler@4` to update to the latest version.
  After installation, run Wrangler with `npx wrangler`.


[33m▲ [43;33m[[43;30mWARNING[43;33m][0m [1m⚠️ This process may take some time, during which your D1 database will be unavailable to serve queries.[0m


🌀 Executing on remote database tmdb-seo (ed9a3474-da58-4d3f-b954-a7f55ae525d0):
🌀 To execute on your local development database, remove the --remote flag from your wrangler command.
Note: if the execution fails to complete, your DB will return to its original state and you can safely retry.
├ Checking if file needs uploading
│
├ 🌀 Uploading ed9a3474-da58-4d3f-b954-a7f55ae525d0.cc8aaa16466d889b.sql
│ 🌀 Uploading complete.
│
🌀 Starting import...
🌀 Processed 20232 queries.
🌀 Processed 40472 queries.
🌀 Processed 60814 queries.
🌀 Processed 74317 queries.
🚣 Executed 74317 queries in 3386.20ms (0 rows read, 74317 rows written)
   Database is currently at bookmark 00000004-00102af1-00005052-518e50ddbaa74df8a70b5ec41054aee5.
[
  {
    "results": [
      {
        "Total queries executed": 74317,
        "Rows read": 0,
        "Rows written": 74317,
        "Database size (MB)": "1846.21"
      }
    ],
    "success": true,
    "finalBookmark": "00000004-00102af1-00005052-518e50ddbaa74df8a70b5ec41054aee5",
    "meta": {
      "served_by": "v3-prod",
      "served_by_region": "APAC",
      "served_by_colo": "SIN",
      "served_by_primary": true,
      "timings": {
        "sql_duration_ms": 3386.1999
      },
      "duration": 3386.1999,
      "changes": 74318,
      "last_row_id": 10797310,
      "changed_db": true,
      "size_after": 1846210560,
      "rows_read": 0,
      "rows_written": 74317,
      "num_tables": 2,
      "total_attempts": 1
    }
  }
]
⚠️  Warning: Unsupported macOS version detected (12.6.0). The Cloudflare Workers runtime may not work correctly on macOS versions below 13.5.0. Consider upgrading to macOS 13.5.0+ or using a DevContainer setup with a supported version of Linux (glibc 2.35+ required).

 ⛅️ wrangler 3.114.17 (update available 4.83.0)
-----------------------------------------------

[33m▲ [43;33m[[43;30mWARNING[43;33m][0m [1mThe version of Wrangler you are using is now out-of-date.[0m

  Please update to the latest version to prevent critical errors.
  Run `npm install --save-dev wrangler@4` to update to the latest version.
  After installation, run Wrangler with `npx wrangler`.


[33m▲ [43;33m[[43;30mWARNING[43;33m][0m [1m⚠️ This process may take some time, during which your D1 database will be unavailable to serve queries.[0m


🌀 Executing on remote database tmdb-seo (ed9a3474-da58-4d3f-b954-a7f55ae525d0):
🌀 To execute on your local development database, remove the --remote flag from your wrangler command.
Note: if the execution fails to complete, your DB will return to its original state and you can safely retry.
├ Checking if file needs uploading
│
├ 🌀 Uploading ed9a3474-da58-4d3f-b954-a7f55ae525d0.5c74fad30b63418c.sql
│ 🌀 Uploading complete.
│
🌀 Starting import...
🌀 Processed 20322 queries.
🌀 Processed 40614 queries.
🌀 Processed 60769 queries.
🌀 Processed 74210 queries.
🚣 Executed 74210 queries in 4125.24ms (0 rows read, 74210 rows written)
   Database is currently at bookmark 00000004-00104777-00005052-dab10702d69324bfff60709b6e0536bd.
[
  {
    "results": [
      {
        "Total queries executed": 74210,
        "Rows read": 0,
        "Rows written": 74210,
        "Database size (MB)": "1858.04"
      }
    ],
    "success": true,
    "finalBookmark": "00000004-00104777-00005052-dab10702d69324bfff60709b6e0536bd",
    "meta": {
      "served_by": "v3-prod",
      "served_by_region": "APAC",
      "served_by_colo": "SIN",
      "served_by_primary": true,
      "timings": {
        "sql_duration_ms": 4125.245
      },
      "duration": 4125.245,
      "changes": 74211,
      "last_row_id": 10871520,
      "changed_db": true,
      "size_after": 1858035712,
      "rows_read": 0,
      "rows_written": 74210,
      "num_tables": 2,
      "total_attempts": 1
    }
  }
]
⚠️  Warning: Unsupported macOS version detected (12.6.0). The Cloudflare Workers runtime may not work correctly on macOS versions below 13.5.0. Consider upgrading to macOS 13.5.0+ or using a DevContainer setup with a supported version of Linux (glibc 2.35+ required).

 ⛅️ wrangler 3.114.17 (update available 4.83.0)
-----------------------------------------------

[33m▲ [43;33m[[43;30mWARNING[43;33m][0m [1mThe version of Wrangler you are using is now out-of-date.[0m

  Please update to the latest version to prevent critical errors.
  Run `npm install --save-dev wrangler@4` to update to the latest version.
  After installation, run Wrangler with `npx wrangler`.


[33m▲ [43;33m[[43;30mWARNING[43;33m][0m [1m⚠️ This process may take some time, during which your D1 database will be unavailable to serve queries.[0m


🌀 Executing on remote database tmdb-seo (ed9a3474-da58-4d3f-b954-a7f55ae525d0):
🌀 To execute on your local development database, remove the --remote flag from your wrangler command.
Note: if the execution fails to complete, your DB will return to its original state and you can safely retry.
├ Checking if file needs uploading
│
├ 🌀 Uploading ed9a3474-da58-4d3f-b954-a7f55ae525d0.23b41fdf20abdf1c.sql
│ 🌀 Uploading complete.
│
🌀 Starting import...
🌀 Processed 20189 queries.
🌀 Processed 40473 queries.
🌀 Processed 60717 queries.
🌀 Processed 74173 queries.
🚣 Executed 74173 queries in 3996.30ms (0 rows read, 74173 rows written)
   Database is currently at bookmark 00000004-001063fd-00005052-801200f927488aa4ee5963ba309dc222.
[
  {
    "results": [
      {
        "Total queries executed": 74173,
        "Rows read": 0,
        "Rows written": 74173,
        "Database size (MB)": "1869.86"
      }
    ],
    "success": true,
    "finalBookmark": "00000004-001063fd-00005052-801200f927488aa4ee5963ba309dc222",
    "meta": {
      "served_by": "v3-prod",
      "served_by_region": "APAC",
      "served_by_colo": "SIN",
      "served_by_primary": true,
      "timings": {
        "sql_duration_ms": 3996.295
      },
      "duration": 3996.295,
      "changes": 74174,
      "last_row_id": 10945693,
      "changed_db": true,
      "size_after": 1869860864,
      "rows_read": 0,
      "rows_written": 74173,
      "num_tables": 2,
      "total_attempts": 1
    }
  }
]
⚠️  Warning: Unsupported macOS version detected (12.6.0). The Cloudflare Workers runtime may not work correctly on macOS versions below 13.5.0. Consider upgrading to macOS 13.5.0+ or using a DevContainer setup with a supported version of Linux (glibc 2.35+ required).

 ⛅️ wrangler 3.114.17 (update available 4.83.0)
-----------------------------------------------

[33m▲ [43;33m[[43;30mWARNING[43;33m][0m [1mThe version of Wrangler you are using is now out-of-date.[0m

  Please update to the latest version to prevent critical errors.
  Run `npm install --save-dev wrangler@4` to update to the latest version.
  After installation, run Wrangler with `npx wrangler`.


[33m▲ [43;33m[[43;30mWARNING[43;33m][0m [1m⚠️ This process may take some time, during which your D1 database will be unavailable to serve queries.[0m


🌀 Executing on remote database tmdb-seo (ed9a3474-da58-4d3f-b954-a7f55ae525d0):
🌀 To execute on your local development database, remove the --remote flag from your wrangler command.
Note: if the execution fails to complete, your DB will return to its original state and you can safely retry.
├ Checking if file needs uploading
│
├ 🌀 Uploading ed9a3474-da58-4d3f-b954-a7f55ae525d0.da039796b627df58.sql
│ 🌀 Uploading complete.
│
🌀 Starting import...
🌀 Processed 20147 queries.
🌀 Processed 40366 queries.
🌀 Processed 60732 queries.
🌀 Processed 74198 queries.
🚣 Executed 74198 queries in 3313.28ms (0 rows read, 74198 rows written)
   Database is currently at bookmark 00000004-00108083-00005052-00f426900d0c18ad2f26de7560dc00be.
[
  {
    "results": [
      {
        "Total queries executed": 74198,
        "Rows read": 0,
        "Rows written": 74198,
        "Database size (MB)": "1881.69"
      }
    ],
    "success": true,
    "finalBookmark": "00000004-00108083-00005052-00f426900d0c18ad2f26de7560dc00be",
    "meta": {
      "served_by": "v3-prod",
      "served_by_region": "APAC",
      "served_by_colo": "SIN",
      "served_by_primary": true,
      "timings": {
        "sql_duration_ms": 3313.2848
      },
      "duration": 3313.2848,
      "changes": 74199,
      "last_row_id": 11019891,
      "changed_db": true,
      "size_after": 1881690112,
      "rows_read": 0,
      "rows_written": 74198,
      "num_tables": 2,
      "total_attempts": 1
    }
  }
]
⚠️  Warning: Unsupported macOS version detected (12.6.0). The Cloudflare Workers runtime may not work correctly on macOS versions below 13.5.0. Consider upgrading to macOS 13.5.0+ or using a DevContainer setup with a supported version of Linux (glibc 2.35+ required).

 ⛅️ wrangler 3.114.17 (update available 4.83.0)
-----------------------------------------------

[33m▲ [43;33m[[43;30mWARNING[43;33m][0m [1mThe version of Wrangler you are using is now out-of-date.[0m

  Please update to the latest version to prevent critical errors.
  Run `npm install --save-dev wrangler@4` to update to the latest version.
  After installation, run Wrangler with `npx wrangler`.


[33m▲ [43;33m[[43;30mWARNING[43;33m][0m [1m⚠️ This process may take some time, during which your D1 database will be unavailable to serve queries.[0m


🌀 Executing on remote database tmdb-seo (ed9a3474-da58-4d3f-b954-a7f55ae525d0):
🌀 To execute on your local development database, remove the --remote flag from your wrangler command.
Note: if the execution fails to complete, your DB will return to its original state and you can safely retry.
├ Checking if file needs uploading
│
├ 🌀 Uploading ed9a3474-da58-4d3f-b954-a7f55ae525d0.7c0c4b8961a2ac67.sql
│ 🌀 Uploading complete.
│
🌀 Starting import...
🌀 Processed 20383 queries.
🌀 Processed 40610 queries.
🌀 Processed 60937 queries.
🌀 Processed 74414 queries.
🚣 Executed 74414 queries in 3924.93ms (0 rows read, 74414 rows written)
   Database is currently at bookmark 00000004-00109d09-00005052-511ba96dc6b4165f817a0da7ae697853.
[
  {
    "results": [
      {
        "Total queries executed": 74414,
        "Rows read": 0,
        "Rows written": 74414,
        "Database size (MB)": "1893.49"
      }
    ],
    "success": true,
    "finalBookmark": "00000004-00109d09-00005052-511ba96dc6b4165f817a0da7ae697853",
    "meta": {
      "served_by": "v3-prod",
      "served_by_region": "APAC",
      "served_by_colo": "SIN",
      "served_by_primary": true,
      "timings": {
        "sql_duration_ms": 3924.9294
      },
      "duration": 3924.9294,
      "changes": 74415,
      "last_row_id": 11094305,
      "changed_db": true,
      "size_after": 1893494784,
      "rows_read": 0,
      "rows_written": 74414,
      "num_tables": 2,
      "total_attempts": 1
    }
  }
]
⚠️  Warning: Unsupported macOS version detected (12.6.0). The Cloudflare Workers runtime may not work correctly on macOS versions below 13.5.0. Consider upgrading to macOS 13.5.0+ or using a DevContainer setup with a supported version of Linux (glibc 2.35+ required).

 ⛅️ wrangler 3.114.17 (update available 4.83.0)
-----------------------------------------------

[33m▲ [43;33m[[43;30mWARNING[43;33m][0m [1mThe version of Wrangler you are using is now out-of-date.[0m

  Please update to the latest version to prevent critical errors.
  Run `npm install --save-dev wrangler@4` to update to the latest version.
  After installation, run Wrangler with `npx wrangler`.


[33m▲ [43;33m[[43;30mWARNING[43;33m][0m [1m⚠️ This process may take some time, during which your D1 database will be unavailable to serve queries.[0m


🌀 Executing on remote database tmdb-seo (ed9a3474-da58-4d3f-b954-a7f55ae525d0):
🌀 To execute on your local development database, remove the --remote flag from your wrangler command.
Note: if the execution fails to complete, your DB will return to its original state and you can safely retry.
├ Checking if file needs uploading
│
├ 🌀 Uploading ed9a3474-da58-4d3f-b954-a7f55ae525d0.f01883fe2018d7ed.sql
│ 🌀 Uploading complete.
│
🌀 Starting import...
🌀 Processed 20276 queries.
🌀 Processed 40431 queries.
🌀 Processed 60480 queries.
🌀 Processed 73925 queries.
🚣 Executed 73925 queries in 3907.27ms (0 rows read, 73925 rows written)
   Database is currently at bookmark 00000004-0010b98f-00005052-93e9ad02c30ef0af0ff1d2c198d3e1d3.
[
  {
    "results": [
      {
        "Total queries executed": 73925,
        "Rows read": 0,
        "Rows written": 73925,
        "Database size (MB)": "1905.34"
      }
    ],
    "success": true,
    "finalBookmark": "00000004-0010b98f-00005052-93e9ad02c30ef0af0ff1d2c198d3e1d3",
    "meta": {
      "served_by": "v3-prod",
      "served_by_region": "APAC",
      "served_by_colo": "SIN",
      "served_by_primary": true,
      "timings": {
        "sql_duration_ms": 3907.274
      },
      "duration": 3907.274,
      "changes": 73926,
      "last_row_id": 11168230,
      "changed_db": true,
      "size_after": 1905336320,
      "rows_read": 0,
      "rows_written": 73925,
      "num_tables": 2,
      "total_attempts": 1
    }
  }
]
⚠️  Warning: Unsupported macOS version detected (12.6.0). The Cloudflare Workers runtime may not work correctly on macOS versions below 13.5.0. Consider upgrading to macOS 13.5.0+ or using a DevContainer setup with a supported version of Linux (glibc 2.35+ required).

 ⛅️ wrangler 3.114.17 (update available 4.83.0)
-----------------------------------------------

[33m▲ [43;33m[[43;30mWARNING[43;33m][0m [1mThe version of Wrangler you are using is now out-of-date.[0m

  Please update to the latest version to prevent critical errors.
  Run `npm install --save-dev wrangler@4` to update to the latest version.
  After installation, run Wrangler with `npx wrangler`.


[33m▲ [43;33m[[43;30mWARNING[43;33m][0m [1m⚠️ This process may take some time, during which your D1 database will be unavailable to serve queries.[0m


🌀 Executing on remote database tmdb-seo (ed9a3474-da58-4d3f-b954-a7f55ae525d0):
🌀 To execute on your local development database, remove the --remote flag from your wrangler command.
Note: if the execution fails to complete, your DB will return to its original state and you can safely retry.
├ Checking if file needs uploading
│
├ 🌀 Uploading ed9a3474-da58-4d3f-b954-a7f55ae525d0.d831622f6d8acdfe.sql
│ 🌀 Uploading complete.
│
🌀 Starting import...
🌀 Processed 20336 queries.
🌀 Processed 40661 queries.
🌀 Processed 60851 queries.
🌀 Processed 74279 queries.
🚣 Executed 74279 queries in 3932.13ms (0 rows read, 74279 rows written)
   Database is currently at bookmark 00000004-0010d615-00005052-7633fca776519021696cbe17c59207f4.
[
  {
    "results": [
      {
        "Total queries executed": 74279,
        "Rows read": 0,
        "Rows written": 74279,
        "Database size (MB)": "1917.15"
      }
    ],
    "success": true,
    "finalBookmark": "00000004-0010d615-00005052-7633fca776519021696cbe17c59207f4",
    "meta": {
      "served_by": "v3-prod",
      "served_by_region": "APAC",
      "served_by_colo": "SIN",
      "served_by_primary": true,
      "timings": {
        "sql_duration_ms": 3932.1278
      },
      "duration": 3932.1278,
      "changes": 74280,
      "last_row_id": 11242509,
      "changed_db": true,
      "size_after": 1917153280,
      "rows_read": 0,
      "rows_written": 74279,
      "num_tables": 2,
      "total_attempts": 1
    }
  }
]
⚠️  Warning: Unsupported macOS version detected (12.6.0). The Cloudflare Workers runtime may not work correctly on macOS versions below 13.5.0. Consider upgrading to macOS 13.5.0+ or using a DevContainer setup with a supported version of Linux (glibc 2.35+ required).

 ⛅️ wrangler 3.114.17 (update available 4.83.0)
-----------------------------------------------

[33m▲ [43;33m[[43;30mWARNING[43;33m][0m [1mThe version of Wrangler you are using is now out-of-date.[0m

  Please update to the latest version to prevent critical errors.
  Run `npm install --save-dev wrangler@4` to update to the latest version.
  After installation, run Wrangler with `npx wrangler`.


[33m▲ [43;33m[[43;30mWARNING[43;33m][0m [1m⚠️ This process may take some time, during which your D1 database will be unavailable to serve queries.[0m


🌀 Executing on remote database tmdb-seo (ed9a3474-da58-4d3f-b954-a7f55ae525d0):
🌀 To execute on your local development database, remove the --remote flag from your wrangler command.
Note: if the execution fails to complete, your DB will return to its original state and you can safely retry.
├ Checking if file needs uploading
│
├ 🌀 Uploading ed9a3474-da58-4d3f-b954-a7f55ae525d0.2191e8cc452ce5f5.sql
│ 🌀 Uploading complete.
│
🌀 Starting import...
🌀 Processed 20434 queries.
🌀 Processed 40779 queries.
🌀 Processed 61111 queries.
🌀 Processed 74520 queries.
🚣 Executed 74520 queries in 3216.20ms (0 rows read, 74520 rows written)
   Database is currently at bookmark 00000004-0010f29b-00005052-9464d2b240cc9790ebe2613ee0fb1efb.
[
  {
    "results": [
      {
        "Total queries executed": 74520,
        "Rows read": 0,
        "Rows written": 74520,
        "Database size (MB)": "1928.97"
      }
    ],
    "success": true,
    "finalBookmark": "00000004-0010f29b-00005052-9464d2b240cc9790ebe2613ee0fb1efb",
    "meta": {
      "served_by": "v3-prod",
      "served_by_region": "APAC",
      "served_by_colo": "SIN",
      "served_by_primary": true,
      "timings": {
        "sql_duration_ms": 3216.195
      },
      "duration": 3216.195,
      "changes": 74521,
      "last_row_id": 11317029,
      "changed_db": true,
      "size_after": 1928970240,
      "rows_read": 0,
      "rows_written": 74520,
      "num_tables": 2,
      "total_attempts": 1
    }
  }
]
⚠️  Warning: Unsupported macOS version detected (12.6.0). The Cloudflare Workers runtime may not work correctly on macOS versions below 13.5.0. Consider upgrading to macOS 13.5.0+ or using a DevContainer setup with a supported version of Linux (glibc 2.35+ required).

 ⛅️ wrangler 3.114.17 (update available 4.83.0)
-----------------------------------------------

[33m▲ [43;33m[[43;30mWARNING[43;33m][0m [1mThe version of Wrangler you are using is now out-of-date.[0m

  Please update to the latest version to prevent critical errors.
  Run `npm install --save-dev wrangler@4` to update to the latest version.
  After installation, run Wrangler with `npx wrangler`.


[33m▲ [43;33m[[43;30mWARNING[43;33m][0m [1m⚠️ This process may take some time, during which your D1 database will be unavailable to serve queries.[0m


🌀 Executing on remote database tmdb-seo (ed9a3474-da58-4d3f-b954-a7f55ae525d0):
🌀 To execute on your local development database, remove the --remote flag from your wrangler command.
Note: if the execution fails to complete, your DB will return to its original state and you can safely retry.
├ Checking if file needs uploading
│
├ 🌀 Uploading ed9a3474-da58-4d3f-b954-a7f55ae525d0.e650d3a7ba16efa3.sql
│ 🌀 Uploading complete.
│
🌀 Starting import...
🌀 Processed 20169 queries.
🌀 Processed 40443 queries.
🌀 Processed 60764 queries.
🌀 Processed 74197 queries.
🚣 Executed 74197 queries in 3779.09ms (0 rows read, 74197 rows written)
   Database is currently at bookmark 00000004-00110f21-00005052-bc962342e79d6799f4bec534a2e58778.
[
  {
    "results": [
      {
        "Total queries executed": 74197,
        "Rows read": 0,
        "Rows written": 74197,
        "Database size (MB)": "1940.80"
      }
    ],
    "success": true,
    "finalBookmark": "00000004-00110f21-00005052-bc962342e79d6799f4bec534a2e58778",
    "meta": {
      "served_by": "v3-prod",
      "served_by_region": "APAC",
      "served_by_colo": "SIN",
      "served_by_primary": true,
      "timings": {
        "sql_duration_ms": 3779.0875
      },
      "duration": 3779.0875,
      "changes": 74198,
      "last_row_id": 11391226,
      "changed_db": true,
      "size_after": 1940795392,
      "rows_read": 0,
      "rows_written": 74197,
      "num_tables": 2,
      "total_attempts": 1
    }
  }
]
⚠️  Warning: Unsupported macOS version detected (12.6.0). The Cloudflare Workers runtime may not work correctly on macOS versions below 13.5.0. Consider upgrading to macOS 13.5.0+ or using a DevContainer setup with a supported version of Linux (glibc 2.35+ required).

 ⛅️ wrangler 3.114.17 (update available 4.83.0)
-----------------------------------------------

[33m▲ [43;33m[[43;30mWARNING[43;33m][0m [1mThe version of Wrangler you are using is now out-of-date.[0m

  Please update to the latest version to prevent critical errors.
  Run `npm install --save-dev wrangler@4` to update to the latest version.
  After installation, run Wrangler with `npx wrangler`.


[33m▲ [43;33m[[43;30mWARNING[43;33m][0m [1m⚠️ This process may take some time, during which your D1 database will be unavailable to serve queries.[0m


🌀 Executing on remote database tmdb-seo (ed9a3474-da58-4d3f-b954-a7f55ae525d0):
🌀 To execute on your local development database, remove the --remote flag from your wrangler command.
Note: if the execution fails to complete, your DB will return to its original state and you can safely retry.
├ Checking if file needs uploading
│
├ 🌀 Uploading ed9a3474-da58-4d3f-b954-a7f55ae525d0.50a43a7a75ed28a5.sql
│ 🌀 Uploading complete.
│
🌀 Starting import...
🌀 Processed 20230 queries.
🌀 Processed 40419 queries.
🌀 Processed 60733 queries.
🌀 Processed 74203 queries.
🚣 Executed 74203 queries in 2856.46ms (0 rows read, 74203 rows written)
   Database is currently at bookmark 00000004-00112965-00005052-eaae95ac72d7a59819e0ba814b8be297.
[
  {
    "results": [
      {
        "Total queries executed": 74203,
        "Rows read": 0,
        "Rows written": 74203,
        "Database size (MB)": "1952.63"
      }
    ],
    "success": true,
    "finalBookmark": "00000004-00112965-00005052-eaae95ac72d7a59819e0ba814b8be297",
    "meta": {
      "served_by": "v3-prod",
      "served_by_region": "APAC",
      "served_by_colo": "SIN",
      "served_by_primary": true,
      "timings": {
        "sql_duration_ms": 2856.4569
      },
      "duration": 2856.4569,
      "changes": 74204,
      "last_row_id": 11465429,
      "changed_db": true,
      "size_after": 1952628736,
      "rows_read": 0,
      "rows_written": 74203,
      "num_tables": 2,
      "total_attempts": 1
    }
  }
]
⚠️  Warning: Unsupported macOS version detected (12.6.0). The Cloudflare Workers runtime may not work correctly on macOS versions below 13.5.0. Consider upgrading to macOS 13.5.0+ or using a DevContainer setup with a supported version of Linux (glibc 2.35+ required).

 ⛅️ wrangler 3.114.17 (update available 4.83.0)
-----------------------------------------------

[33m▲ [43;33m[[43;30mWARNING[43;33m][0m [1mThe version of Wrangler you are using is now out-of-date.[0m

  Please update to the latest version to prevent critical errors.
  Run `npm install --save-dev wrangler@4` to update to the latest version.
  After installation, run Wrangler with `npx wrangler`.


[33m▲ [43;33m[[43;30mWARNING[43;33m][0m [1m⚠️ This process may take some time, during which your D1 database will be unavailable to serve queries.[0m


🌀 Executing on remote database tmdb-seo (ed9a3474-da58-4d3f-b954-a7f55ae525d0):
🌀 To execute on your local development database, remove the --remote flag from your wrangler command.
Note: if the execution fails to complete, your DB will return to its original state and you can safely retry.
├ Checking if file needs uploading
│
├ 🌀 Uploading ed9a3474-da58-4d3f-b954-a7f55ae525d0.28bdcb121644d22a.sql
│ 🌀 Uploading complete.
│
🌀 Starting import...
🌀 Processed 20262 queries.
🌀 Processed 40463 queries.
🌀 Processed 60759 queries.
🌀 Processed 74184 queries.
🚣 Executed 74184 queries in 2145.24ms (0 rows read, 74184 rows written)
   Database is currently at bookmark 00000004-001137a8-00005052-a9917f295d7610ed7dade642d47cd3ac.
[
  {
    "results": [
      {
        "Total queries executed": 74184,
        "Rows read": 0,
        "Rows written": 74184,
        "Database size (MB)": "1964.45"
      }
    ],
    "success": true,
    "finalBookmark": "00000004-001137a8-00005052-a9917f295d7610ed7dade642d47cd3ac",
    "meta": {
      "served_by": "v3-prod",
      "served_by_region": "APAC",
      "served_by_colo": "SIN",
      "served_by_primary": true,
      "timings": {
        "sql_duration_ms": 2145.235
      },
      "duration": 2145.235,
      "changes": 74185,
      "last_row_id": 11539613,
      "changed_db": true,
      "size_after": 1964449792,
      "rows_read": 0,
      "rows_written": 74184,
      "num_tables": 2,
      "total_attempts": 1
    }
  }
]
⚠️  Warning: Unsupported macOS version detected (12.6.0). The Cloudflare Workers runtime may not work correctly on macOS versions below 13.5.0. Consider upgrading to macOS 13.5.0+ or using a DevContainer setup with a supported version of Linux (glibc 2.35+ required).

 ⛅️ wrangler 3.114.17 (update available 4.83.0)
-----------------------------------------------

[33m▲ [43;33m[[43;30mWARNING[43;33m][0m [1mThe version of Wrangler you are using is now out-of-date.[0m

  Please update to the latest version to prevent critical errors.
  Run `npm install --save-dev wrangler@4` to update to the latest version.
  After installation, run Wrangler with `npx wrangler`.


[33m▲ [43;33m[[43;30mWARNING[43;33m][0m [1m⚠️ This process may take some time, during which your D1 database will be unavailable to serve queries.[0m


🌀 Executing on remote database tmdb-seo (ed9a3474-da58-4d3f-b954-a7f55ae525d0):
🌀 To execute on your local development database, remove the --remote flag from your wrangler command.
Note: if the execution fails to complete, your DB will return to its original state and you can safely retry.
├ Checking if file needs uploading
│
├ 🌀 Uploading ed9a3474-da58-4d3f-b954-a7f55ae525d0.29372b341b5e6110.sql
│ 🌀 Uploading complete.
│
🌀 Starting import...
🌀 Processed 20358 queries.
🌀 Processed 40668 queries.
🌀 Processed 60874 queries.
🌀 Processed 74254 queries.
🚣 Executed 74254 queries in 4278.91ms (0 rows read, 74254 rows written)
   Database is currently at bookmark 00000004-0011542e-00005052-46c4bcdbfae58600fb45b7b58c21370a.
[
  {
    "results": [
      {
        "Total queries executed": 74254,
        "Rows read": 0,
        "Rows written": 74254,
        "Database size (MB)": "1976.27"
      }
    ],
    "success": true,
    "finalBookmark": "00000004-0011542e-00005052-46c4bcdbfae58600fb45b7b58c21370a",
    "meta": {
      "served_by": "v3-prod",
      "served_by_region": "APAC",
      "served_by_colo": "SIN",
      "served_by_primary": true,
      "timings": {
        "sql_duration_ms": 4278.9115
      },
      "duration": 4278.9115,
      "changes": 74255,
      "last_row_id": 11613867,
      "changed_db": true,
      "size_after": 1976266752,
      "rows_read": 0,
      "rows_written": 74254,
      "num_tables": 2,
      "total_attempts": 1
    }
  }
]
⚠️  Warning: Unsupported macOS version detected (12.6.0). The Cloudflare Workers runtime may not work correctly on macOS versions below 13.5.0. Consider upgrading to macOS 13.5.0+ or using a DevContainer setup with a supported version of Linux (glibc 2.35+ required).

 ⛅️ wrangler 3.114.17 (update available 4.83.0)
-----------------------------------------------

[33m▲ [43;33m[[43;30mWARNING[43;33m][0m [1mThe version of Wrangler you are using is now out-of-date.[0m

  Please update to the latest version to prevent critical errors.
  Run `npm install --save-dev wrangler@4` to update to the latest version.
  After installation, run Wrangler with `npx wrangler`.


[33m▲ [43;33m[[43;30mWARNING[43;33m][0m [1m⚠️ This process may take some time, during which your D1 database will be unavailable to serve queries.[0m


🌀 Executing on remote database tmdb-seo (ed9a3474-da58-4d3f-b954-a7f55ae525d0):
🌀 To execute on your local development database, remove the --remote flag from your wrangler command.
Note: if the execution fails to complete, your DB will return to its original state and you can safely retry.
├ Checking if file needs uploading
│
├ 🌀 Uploading ed9a3474-da58-4d3f-b954-a7f55ae525d0.92a9d61be12370d3.sql
│ 🌀 Uploading complete.
│
🌀 Starting import...
🌀 Processed 20232 queries.
🌀 Processed 40486 queries.
🌀 Processed 60780 queries.
🌀 Processed 74240 queries.
🚣 Executed 74240 queries in 4032.89ms (0 rows read, 74240 rows written)
   Database is currently at bookmark 00000004-001170b4-00005052-ce41a3b12cb9dde2546f84cd6f3cf6d5.
[
  {
    "results": [
      {
        "Total queries executed": 74240,
        "Rows read": 0,
        "Rows written": 74240,
        "Database size (MB)": "1988.09"
      }
    ],
    "success": true,
    "finalBookmark": "00000004-001170b4-00005052-ce41a3b12cb9dde2546f84cd6f3cf6d5",
    "meta": {
      "served_by": "v3-prod",
      "served_by_region": "APAC",
      "served_by_colo": "SIN",
      "served_by_primary": true,
      "timings": {
        "sql_duration_ms": 4032.8862
      },
      "duration": 4032.8862,
      "changes": 74241,
      "last_row_id": 11688107,
      "changed_db": true,
      "size_after": 1988091904,
      "rows_read": 0,
      "rows_written": 74240,
      "num_tables": 2,
      "total_attempts": 1
    }
  }
]
⚠️  Warning: Unsupported macOS version detected (12.6.0). The Cloudflare Workers runtime may not work correctly on macOS versions below 13.5.0. Consider upgrading to macOS 13.5.0+ or using a DevContainer setup with a supported version of Linux (glibc 2.35+ required).

 ⛅️ wrangler 3.114.17 (update available 4.83.0)
-----------------------------------------------

[33m▲ [43;33m[[43;30mWARNING[43;33m][0m [1mThe version of Wrangler you are using is now out-of-date.[0m

  Please update to the latest version to prevent critical errors.
  Run `npm install --save-dev wrangler@4` to update to the latest version.
  After installation, run Wrangler with `npx wrangler`.


[33m▲ [43;33m[[43;30mWARNING[43;33m][0m [1m⚠️ This process may take some time, during which your D1 database will be unavailable to serve queries.[0m


🌀 Executing on remote database tmdb-seo (ed9a3474-da58-4d3f-b954-a7f55ae525d0):
🌀 To execute on your local development database, remove the --remote flag from your wrangler command.
Note: if the execution fails to complete, your DB will return to its original state and you can safely retry.
├ Checking if file needs uploading
│
├ 🌀 Uploading ed9a3474-da58-4d3f-b954-a7f55ae525d0.88484f86ec786bb6.sql
│ 🌀 Uploading complete.
│
🌀 Starting import...
🌀 Processed 20250 queries.
🌀 Processed 40521 queries.
🌀 Processed 60913 queries.
🌀 Processed 74363 queries.
🚣 Executed 74363 queries in 4026.92ms (0 rows read, 74363 rows written)
   Database is currently at bookmark 00000004-00118d3a-00005052-cea426401ba8b7c7a696fd67b254081d.
[
  {
    "results": [
      {
        "Total queries executed": 74363,
        "Rows read": 0,
        "Rows written": 74363,
        "Database size (MB)": "1999.92"
      }
    ],
    "success": true,
    "finalBookmark": "00000004-00118d3a-00005052-cea426401ba8b7c7a696fd67b254081d",
    "meta": {
      "served_by": "v3-prod",
      "served_by_region": "APAC",
      "served_by_colo": "SIN",
      "served_by_primary": true,
      "timings": {
        "sql_duration_ms": 4026.9155
      },
      "duration": 4026.9155,
      "changes": 74364,
      "last_row_id": 11762470,
      "changed_db": true,
      "size_after": 1999921152,
      "rows_read": 0,
      "rows_written": 74363,
      "num_tables": 2,
      "total_attempts": 1
    }
  }
]
⚠️  Warning: Unsupported macOS version detected (12.6.0). The Cloudflare Workers runtime may not work correctly on macOS versions below 13.5.0. Consider upgrading to macOS 13.5.0+ or using a DevContainer setup with a supported version of Linux (glibc 2.35+ required).

 ⛅️ wrangler 3.114.17 (update available 4.83.0)
-----------------------------------------------

[33m▲ [43;33m[[43;30mWARNING[43;33m][0m [1mThe version of Wrangler you are using is now out-of-date.[0m

  Please update to the latest version to prevent critical errors.
  Run `npm install --save-dev wrangler@4` to update to the latest version.
  After installation, run Wrangler with `npx wrangler`.


[33m▲ [43;33m[[43;30mWARNING[43;33m][0m [1m⚠️ This process may take some time, during which your D1 database will be unavailable to serve queries.[0m


🌀 Executing on remote database tmdb-seo (ed9a3474-da58-4d3f-b954-a7f55ae525d0):
🌀 To execute on your local development database, remove the --remote flag from your wrangler command.
Note: if the execution fails to complete, your DB will return to its original state and you can safely retry.
├ Checking if file needs uploading
│
├ 🌀 Uploading ed9a3474-da58-4d3f-b954-a7f55ae525d0.6c5bcdfa4e5adb41.sql
│ 🌀 Uploading complete.
│
🌀 Starting import...
🌀 Processed 20322 queries.
🌀 Processed 40478 queries.
🌀 Processed 60684 queries.
🌀 Processed 74107 queries.
🚣 Executed 74107 queries in 4038.08ms (0 rows read, 74107 rows written)
   Database is currently at bookmark 00000004-0011a9c0-00005052-2c1152c37c420405c4ed4a2eceb974c6.
[
  {
    "results": [
      {
        "Total queries executed": 74107,
        "Rows read": 0,
        "Rows written": 74107,
        "Database size (MB)": "2011.74"
      }
    ],
    "success": true,
    "finalBookmark": "00000004-0011a9c0-00005052-2c1152c37c420405c4ed4a2eceb974c6",
    "meta": {
      "served_by": "v3-prod",
      "served_by_region": "APAC",
      "served_by_colo": "SIN",
      "served_by_primary": true,
      "timings": {
        "sql_duration_ms": 4038.0798
      },
      "duration": 4038.0798,
      "changes": 74108,
      "last_row_id": 11836577,
      "changed_db": true,
      "size_after": 2011742208,
      "rows_read": 0,
      "rows_written": 74107,
      "num_tables": 2,
      "total_attempts": 1
    }
  }
]
⚠️  Warning: Unsupported macOS version detected (12.6.0). The Cloudflare Workers runtime may not work correctly on macOS versions below 13.5.0. Consider upgrading to macOS 13.5.0+ or using a DevContainer setup with a supported version of Linux (glibc 2.35+ required).

 ⛅️ wrangler 3.114.17 (update available 4.83.0)
-----------------------------------------------

[33m▲ [43;33m[[43;30mWARNING[43;33m][0m [1mThe version of Wrangler you are using is now out-of-date.[0m

  Please update to the latest version to prevent critical errors.
  Run `npm install --save-dev wrangler@4` to update to the latest version.
  After installation, run Wrangler with `npx wrangler`.


[33m▲ [43;33m[[43;30mWARNING[43;33m][0m [1m⚠️ This process may take some time, during which your D1 database will be unavailable to serve queries.[0m


🌀 Executing on remote database tmdb-seo (ed9a3474-da58-4d3f-b954-a7f55ae525d0):
🌀 To execute on your local development database, remove the --remote flag from your wrangler command.
Note: if the execution fails to complete, your DB will return to its original state and you can safely retry.
├ Checking if file needs uploading
│
├ 🌀 Uploading ed9a3474-da58-4d3f-b954-a7f55ae525d0.36078d182821b280.sql
│ 🌀 Uploading complete.
│
🌀 Starting import...
🌀 Processed 20237 queries.
🌀 Processed 40422 queries.
🌀 Processed 60799 queries.
🌀 Processed 74285 queries.
🚣 Executed 74285 queries in 3233.73ms (0 rows read, 74285 rows written)
   Database is currently at bookmark 00000004-0011c646-00005052-ebc60cbec05eb9b4a755251f1667a3b9.
[
  {
    "results": [
      {
        "Total queries executed": 74285,
        "Rows read": 0,
        "Rows written": 74285,
        "Database size (MB)": "2023.58"
      }
    ],
    "success": true,
    "finalBookmark": "00000004-0011c646-00005052-ebc60cbec05eb9b4a755251f1667a3b9",
    "meta": {
      "served_by": "v3-prod",
      "served_by_region": "APAC",
      "served_by_colo": "SIN",
      "served_by_primary": true,
      "timings": {
        "sql_duration_ms": 3233.7343
      },
      "duration": 3233.7343,
      "changes": 74286,
      "last_row_id": 11910862,
      "changed_db": true,
      "size_after": 2023579648,
      "rows_read": 0,
      "rows_written": 74285,
      "num_tables": 2,
      "total_attempts": 1
    }
  }
]
⚠️  Warning: Unsupported macOS version detected (12.6.0). The Cloudflare Workers runtime may not work correctly on macOS versions below 13.5.0. Consider upgrading to macOS 13.5.0+ or using a DevContainer setup with a supported version of Linux (glibc 2.35+ required).

 ⛅️ wrangler 3.114.17 (update available 4.83.0)
-----------------------------------------------

[33m▲ [43;33m[[43;30mWARNING[43;33m][0m [1mThe version of Wrangler you are using is now out-of-date.[0m

  Please update to the latest version to prevent critical errors.
  Run `npm install --save-dev wrangler@4` to update to the latest version.
  After installation, run Wrangler with `npx wrangler`.


[33m▲ [43;33m[[43;30mWARNING[43;33m][0m [1m⚠️ This process may take some time, during which your D1 database will be unavailable to serve queries.[0m


🌀 Executing on remote database tmdb-seo (ed9a3474-da58-4d3f-b954-a7f55ae525d0):
🌀 To execute on your local development database, remove the --remote flag from your wrangler command.
Note: if the execution fails to complete, your DB will return to its original state and you can safely retry.
├ Checking if file needs uploading
│
├ 🌀 Uploading ed9a3474-da58-4d3f-b954-a7f55ae525d0.3b3851432423f525.sql
│ 🌀 Uploading complete.
│
🌀 Starting import...
🌀 Processed 20324 queries.
🌀 Processed 40639 queries.
🌀 Processed 60935 queries.
🌀 Processed 74378 queries.
🚣 Executed 74378 queries in 3508.42ms (0 rows read, 74378 rows written)
   Database is currently at bookmark 00000004-0011e2cc-00005052-28b1076e0e68562de709deecaa1a1ed9.
[
  {
    "results": [
      {
        "Total queries executed": 74378,
        "Rows read": 0,
        "Rows written": 74378,
        "Database size (MB)": "2035.39"
      }
    ],
    "success": true,
    "finalBookmark": "00000004-0011e2cc-00005052-28b1076e0e68562de709deecaa1a1ed9",
    "meta": {
      "served_by": "v3-prod",
      "served_by_region": "APAC",
      "served_by_colo": "SIN",
      "served_by_primary": true,
      "timings": {
        "sql_duration_ms": 3508.4158
      },
      "duration": 3508.4158,
      "changes": 74379,
      "last_row_id": 11985240,
      "changed_db": true,
      "size_after": 2035388416,
      "rows_read": 0,
      "rows_written": 74378,
      "num_tables": 2,
      "total_attempts": 1
    }
  }
]
⚠️  Warning: Unsupported macOS version detected (12.6.0). The Cloudflare Workers runtime may not work correctly on macOS versions below 13.5.0. Consider upgrading to macOS 13.5.0+ or using a DevContainer setup with a supported version of Linux (glibc 2.35+ required).

 ⛅️ wrangler 3.114.17 (update available 4.83.0)
-----------------------------------------------

[33m▲ [43;33m[[43;30mWARNING[43;33m][0m [1mThe version of Wrangler you are using is now out-of-date.[0m

  Please update to the latest version to prevent critical errors.
  Run `npm install --save-dev wrangler@4` to update to the latest version.
  After installation, run Wrangler with `npx wrangler`.


[33m▲ [43;33m[[43;30mWARNING[43;33m][0m [1m⚠️ This process may take some time, during which your D1 database will be unavailable to serve queries.[0m


🌀 Executing on remote database tmdb-seo (ed9a3474-da58-4d3f-b954-a7f55ae525d0):
🌀 To execute on your local development database, remove the --remote flag from your wrangler command.
Note: if the execution fails to complete, your DB will return to its original state and you can safely retry.
├ Checking if file needs uploading
│
├ 🌀 Uploading ed9a3474-da58-4d3f-b954-a7f55ae525d0.803f772ab71f6ee4.sql
│ 🌀 Uploading complete.
│
🌀 Starting import...
🌀 Processed 20212 queries.
🌀 Processed 40354 queries.
🌀 Processed 60559 queries.
🌀 Processed 73929 queries.
🚣 Executed 73929 queries in 3409.62ms (0 rows read, 73929 rows written)
   Database is currently at bookmark 00000004-0011ff52-00005052-11a8965c27a4095beb5330e4bce45bfe.
[
  {
    "results": [
      {
        "Total queries executed": 73929,
        "Rows read": 0,
        "Rows written": 73929,
        "Database size (MB)": "2047.23"
      }
    ],
    "success": true,
    "finalBookmark": "00000004-0011ff52-00005052-11a8965c27a4095beb5330e4bce45bfe",
    "meta": {
      "served_by": "v3-prod",
      "served_by_region": "APAC",
      "served_by_colo": "SIN",
      "served_by_primary": true,
      "timings": {
        "sql_duration_ms": 3409.621
      },
      "duration": 3409.621,
      "changes": 73930,
      "last_row_id": 12059169,
      "changed_db": true,
      "size_after": 2047225856,
      "rows_read": 0,
      "rows_written": 73929,
      "num_tables": 2,
      "total_attempts": 1
    }
  }
]
⚠️  Warning: Unsupported macOS version detected (12.6.0). The Cloudflare Workers runtime may not work correctly on macOS versions below 13.5.0. Consider upgrading to macOS 13.5.0+ or using a DevContainer setup with a supported version of Linux (glibc 2.35+ required).

 ⛅️ wrangler 3.114.17 (update available 4.83.0)
-----------------------------------------------

[33m▲ [43;33m[[43;30mWARNING[43;33m][0m [1mThe version of Wrangler you are using is now out-of-date.[0m

  Please update to the latest version to prevent critical errors.
  Run `npm install --save-dev wrangler@4` to update to the latest version.
  After installation, run Wrangler with `npx wrangler`.


[33m▲ [43;33m[[43;30mWARNING[43;33m][0m [1m⚠️ This process may take some time, during which your D1 database will be unavailable to serve queries.[0m


🌀 Executing on remote database tmdb-seo (ed9a3474-da58-4d3f-b954-a7f55ae525d0):
🌀 To execute on your local development database, remove the --remote flag from your wrangler command.
Note: if the execution fails to complete, your DB will return to its original state and you can safely retry.
├ Checking if file needs uploading
│
├ 🌀 Uploading ed9a3474-da58-4d3f-b954-a7f55ae525d0.ac8030198f72e971.sql
│ 🌀 Uploading complete.
│
🌀 Starting import...
🌀 Processed 20247 queries.
🌀 Processed 40694 queries.
🌀 Processed 61055 queries.
🌀 Processed 74499 queries.
🚣 Executed 74499 queries in 3757.34ms (0 rows read, 74499 rows written)
   Database is currently at bookmark 00000004-00121bd8-00005052-14c466a9c00c2f7b2bc883435d620c1f.
[
  {
    "results": [
      {
        "Total queries executed": 74499,
        "Rows read": 0,
        "Rows written": 74499,
        "Database size (MB)": "2059.04"
      }
    ],
    "success": true,
    "finalBookmark": "00000004-00121bd8-00005052-14c466a9c00c2f7b2bc883435d620c1f",
    "meta": {
      "served_by": "v3-prod",
      "served_by_region": "APAC",
      "served_by_colo": "SIN",
      "served_by_primary": true,
      "timings": {
        "sql_duration_ms": 3757.3403
      },
      "duration": 3757.3403,
      "changes": 74500,
      "last_row_id": 12133668,
      "changed_db": true,
      "size_after": 2059042816,
      "rows_read": 0,
      "rows_written": 74499,
      "num_tables": 2,
      "total_attempts": 1
    }
  }
]
⚠️  Warning: Unsupported macOS version detected (12.6.0). The Cloudflare Workers runtime may not work correctly on macOS versions below 13.5.0. Consider upgrading to macOS 13.5.0+ or using a DevContainer setup with a supported version of Linux (glibc 2.35+ required).

 ⛅️ wrangler 3.114.17 (update available 4.83.0)
-----------------------------------------------

[33m▲ [43;33m[[43;30mWARNING[43;33m][0m [1mThe version of Wrangler you are using is now out-of-date.[0m

  Please update to the latest version to prevent critical errors.
  Run `npm install --save-dev wrangler@4` to update to the latest version.
  After installation, run Wrangler with `npx wrangler`.


[33m▲ [43;33m[[43;30mWARNING[43;33m][0m [1m⚠️ This process may take some time, during which your D1 database will be unavailable to serve queries.[0m


🌀 Executing on remote database tmdb-seo (ed9a3474-da58-4d3f-b954-a7f55ae525d0):
🌀 To execute on your local development database, remove the --remote flag from your wrangler command.
Note: if the execution fails to complete, your DB will return to its original state and you can safely retry.
├ Checking if file needs uploading
│
├ 🌀 Uploading ed9a3474-da58-4d3f-b954-a7f55ae525d0.7e0c209a58d24f51.sql
│ 🌀 Uploading complete.
│
🌀 Starting import...
🌀 Processed 20331 queries.
🌀 Processed 40522 queries.
🌀 Processed 60777 queries.
🌀 Processed 74228 queries.
🚣 Executed 74228 queries in 3988.27ms (0 rows read, 74228 rows written)
   Database is currently at bookmark 00000004-0012385e-00005052-8d0d1b045bc4d0abc066557088b78ab8.
[
  {
    "results": [
      {
        "Total queries executed": 74228,
        "Rows read": 0,
        "Rows written": 74228,
        "Database size (MB)": "2070.86"
      }
    ],
    "success": true,
    "finalBookmark": "00000004-0012385e-00005052-8d0d1b045bc4d0abc066557088b78ab8",
    "meta": {
      "served_by": "v3-prod",
      "served_by_region": "APAC",
      "served_by_colo": "SIN",
      "served_by_primary": true,
      "timings": {
        "sql_duration_ms": 3988.272
      },
      "duration": 3988.272,
      "changes": 74229,
      "last_row_id": 12207896,
      "changed_db": true,
      "size_after": 2070863872,
      "rows_read": 0,
      "rows_written": 74228,
      "num_tables": 2,
      "total_attempts": 1
    }
  }
]
⚠️  Warning: Unsupported macOS version detected (12.6.0). The Cloudflare Workers runtime may not work correctly on macOS versions below 13.5.0. Consider upgrading to macOS 13.5.0+ or using a DevContainer setup with a supported version of Linux (glibc 2.35+ required).

 ⛅️ wrangler 3.114.17 (update available 4.83.0)
-----------------------------------------------

[33m▲ [43;33m[[43;30mWARNING[43;33m][0m [1mThe version of Wrangler you are using is now out-of-date.[0m

  Please update to the latest version to prevent critical errors.
  Run `npm install --save-dev wrangler@4` to update to the latest version.
  After installation, run Wrangler with `npx wrangler`.


[33m▲ [43;33m[[43;30mWARNING[43;33m][0m [1m⚠️ This process may take some time, during which your D1 database will be unavailable to serve queries.[0m


🌀 Executing on remote database tmdb-seo (ed9a3474-da58-4d3f-b954-a7f55ae525d0):
🌀 To execute on your local development database, remove the --remote flag from your wrangler command.
Note: if the execution fails to complete, your DB will return to its original state and you can safely retry.
├ Checking if file needs uploading
│
├ 🌀 Uploading ed9a3474-da58-4d3f-b954-a7f55ae525d0.258a12e62a85dc1a.sql
│ 🌀 Uploading complete.
│
🌀 Starting import...
🌀 Processed 20309 queries.
🌀 Processed 40557 queries.
🌀 Processed 60801 queries.
🌀 Processed 74203 queries.
🚣 Executed 74203 queries in 3534.72ms (0 rows read, 74203 rows written)
   Database is currently at bookmark 00000004-001254e4-00005052-4781938470ebc82e383ac00dac4b81a9.
[
  {
    "results": [
      {
        "Total queries executed": 74203,
        "Rows read": 0,
        "Rows written": 74203,
        "Database size (MB)": "2082.69"
      }
    ],
    "success": true,
    "finalBookmark": "00000004-001254e4-00005052-4781938470ebc82e383ac00dac4b81a9",
    "meta": {
      "served_by": "v3-prod",
      "served_by_region": "APAC",
      "served_by_colo": "SIN",
      "served_by_primary": true,
      "timings": {
        "sql_duration_ms": 3534.7244
      },
      "duration": 3534.7244,
      "changes": 74204,
      "last_row_id": 12282099,
      "changed_db": true,
      "size_after": 2082689024,
      "rows_read": 0,
      "rows_written": 74203,
      "num_tables": 2,
      "total_attempts": 1
    }
  }
]
⚠️  Warning: Unsupported macOS version detected (12.6.0). The Cloudflare Workers runtime may not work correctly on macOS versions below 13.5.0. Consider upgrading to macOS 13.5.0+ or using a DevContainer setup with a supported version of Linux (glibc 2.35+ required).

 ⛅️ wrangler 3.114.17 (update available 4.83.0)
-----------------------------------------------

[33m▲ [43;33m[[43;30mWARNING[43;33m][0m [1mThe version of Wrangler you are using is now out-of-date.[0m

  Please update to the latest version to prevent critical errors.
  Run `npm install --save-dev wrangler@4` to update to the latest version.
  After installation, run Wrangler with `npx wrangler`.


[33m▲ [43;33m[[43;30mWARNING[43;33m][0m [1m⚠️ This process may take some time, during which your D1 database will be unavailable to serve queries.[0m


🌀 Executing on remote database tmdb-seo (ed9a3474-da58-4d3f-b954-a7f55ae525d0):
🌀 To execute on your local development database, remove the --remote flag from your wrangler command.
Note: if the execution fails to complete, your DB will return to its original state and you can safely retry.
├ Checking if file needs uploading
│
├ 🌀 Uploading ed9a3474-da58-4d3f-b954-a7f55ae525d0.3bacf7c5ca6ceaee.sql
│ 🌀 Uploading complete.
│
🌀 Starting import...
🌀 Processed 20338 queries.
🌀 Processed 40678 queries.
🌀 Processed 60908 queries.
🌀 Processed 74285 queries.
🚣 Executed 74285 queries in 5148.69ms (0 rows read, 74285 rows written)
   Database is currently at bookmark 00000004-0012716a-00005052-5762316ced9cca31cad4c7142c80fb54.
[
  {
    "results": [
      {
        "Total queries executed": 74285,
        "Rows read": 0,
        "Rows written": 74285,
        "Database size (MB)": "2094.51"
      }
    ],
    "success": true,
    "finalBookmark": "00000004-0012716a-00005052-5762316ced9cca31cad4c7142c80fb54",
    "meta": {
      "served_by": "v3-prod",
      "served_by_region": "APAC",
      "served_by_colo": "SIN",
      "served_by_primary": true,
      "timings": {
        "sql_duration_ms": 5148.6945
      },
      "duration": 5148.6945,
      "changes": 74286,
      "last_row_id": 12356384,
      "changed_db": true,
      "size_after": 2094510080,
      "rows_read": 0,
      "rows_written": 74285,
      "num_tables": 2,
      "total_attempts": 1
    }
  }
]
⚠️  Warning: Unsupported macOS version detected (12.6.0). The Cloudflare Workers runtime may not work correctly on macOS versions below 13.5.0. Consider upgrading to macOS 13.5.0+ or using a DevContainer setup with a supported version of Linux (glibc 2.35+ required).

 ⛅️ wrangler 3.114.17 (update available 4.83.0)
-----------------------------------------------

[33m▲ [43;33m[[43;30mWARNING[43;33m][0m [1mThe version of Wrangler you are using is now out-of-date.[0m

  Please update to the latest version to prevent critical errors.
  Run `npm install --save-dev wrangler@4` to update to the latest version.
  After installation, run Wrangler with `npx wrangler`.


[33m▲ [43;33m[[43;30mWARNING[43;33m][0m [1m⚠️ This process may take some time, during which your D1 database will be unavailable to serve queries.[0m


🌀 Executing on remote database tmdb-seo (ed9a3474-da58-4d3f-b954-a7f55ae525d0):
🌀 To execute on your local development database, remove the --remote flag from your wrangler command.
Note: if the execution fails to complete, your DB will return to its original state and you can safely retry.
├ Checking if file needs uploading
│
├ 🌀 Uploading ed9a3474-da58-4d3f-b954-a7f55ae525d0.267923feb12d85d7.sql
│ 🌀 Uploading complete.
│
🌀 Starting import...
🌀 Processed 20310 queries.
🌀 Processed 40646 queries.
🌀 Processed 60917 queries.
🌀 Processed 74224 queries.
🚣 Executed 74224 queries in 3867.75ms (0 rows read, 74224 rows written)
   Database is currently at bookmark 00000004-00128df0-00005052-be471890d128a3c9ed6dfae0041342f8.
[
  {
    "results": [
      {
        "Total queries executed": 74224,
        "Rows read": 0,
        "Rows written": 74224,
        "Database size (MB)": "2106.33"
      }
    ],
    "success": true,
    "finalBookmark": "00000004-00128df0-00005052-be471890d128a3c9ed6dfae0041342f8",
    "meta": {
      "served_by": "v3-prod",
      "served_by_region": "APAC",
      "served_by_colo": "SIN",
      "served_by_primary": true,
      "timings": {
        "sql_duration_ms": 3867.7538
      },
      "duration": 3867.7538,
      "changes": 74225,
      "last_row_id": 12430608,
      "changed_db": true,
      "size_after": 2106331136,
      "rows_read": 0,
      "rows_written": 74224,
      "num_tables": 2,
      "total_attempts": 1
    }
  }
]
⚠️  Warning: Unsupported macOS version detected (12.6.0). The Cloudflare Workers runtime may not work correctly on macOS versions below 13.5.0. Consider upgrading to macOS 13.5.0+ or using a DevContainer setup with a supported version of Linux (glibc 2.35+ required).

 ⛅️ wrangler 3.114.17 (update available 4.83.0)
-----------------------------------------------

[33m▲ [43;33m[[43;30mWARNING[43;33m][0m [1mThe version of Wrangler you are using is now out-of-date.[0m

  Please update to the latest version to prevent critical errors.
  Run `npm install --save-dev wrangler@4` to update to the latest version.
  After installation, run Wrangler with `npx wrangler`.


[33m▲ [43;33m[[43;30mWARNING[43;33m][0m [1m⚠️ This process may take some time, during which your D1 database will be unavailable to serve queries.[0m


🌀 Executing on remote database tmdb-seo (ed9a3474-da58-4d3f-b954-a7f55ae525d0):
🌀 To execute on your local development database, remove the --remote flag from your wrangler command.
Note: if the execution fails to complete, your DB will return to its original state and you can safely retry.
├ Checking if file needs uploading
│
├ 🌀 Uploading ed9a3474-da58-4d3f-b954-a7f55ae525d0.0ded55219749347c.sql
│ 🌀 Uploading complete.
│
🌀 Starting import...
🌀 Processed 20144 queries.
🌀 Processed 40509 queries.
🌀 Processed 60634 queries.
🌀 Processed 101288 queries.
🚣 Executed 101288 queries in 4564.34ms (1 rows read, 101289 rows written)
   Database is currently at bookmark 00000004-0012aa76-00005052-fee403d79b6a56d05912064d7bc935b4.
[
  {
    "results": [
      {
        "Total queries executed": 101288,
        "Rows read": 1,
        "Rows written": 101289,
        "Database size (MB)": "2117.19"
      }
    ],
    "success": true,
    "finalBookmark": "00000004-0012aa76-00005052-fee403d79b6a56d05912064d7bc935b4",
    "meta": {
      "served_by": "v3-prod",
      "served_by_region": "APAC",
      "served_by_colo": "SIN",
      "served_by_primary": true,
      "timings": {
        "sql_duration_ms": 4564.3445
      },
      "duration": 4564.3445,
      "changes": 101288,
      "last_row_id": 40360,
      "changed_db": true,
      "size_after": 2117189632,
      "rows_read": 1,
      "rows_written": 101289,
      "num_tables": 3,
      "total_attempts": 1
    }
  }
]
⚠️  Warning: Unsupported macOS version detected (12.6.0). The Cloudflare Workers runtime may not work correctly on macOS versions below 13.5.0. Consider upgrading to macOS 13.5.0+ or using a DevContainer setup with a supported version of Linux (glibc 2.35+ required).

 ⛅️ wrangler 3.114.17 (update available 4.83.0)
-----------------------------------------------

[33m▲ [43;33m[[43;30mWARNING[43;33m][0m [1mThe version of Wrangler you are using is now out-of-date.[0m

  Please update to the latest version to prevent critical errors.
  Run `npm install --save-dev wrangler@4` to update to the latest version.
  After installation, run Wrangler with `npx wrangler`.


[33m▲ [43;33m[[43;30mWARNING[43;33m][0m [1m⚠️ This process may take some time, during which your D1 database will be unavailable to serve queries.[0m


🌀 Executing on remote database tmdb-seo (ed9a3474-da58-4d3f-b954-a7f55ae525d0):
🌀 To execute on your local development database, remove the --remote flag from your wrangler command.
Note: if the execution fails to complete, your DB will return to its original state and you can safely retry.
├ Checking if file needs uploading
│
├ 🌀 Uploading ed9a3474-da58-4d3f-b954-a7f55ae525d0.1f690f95fe2d75d8.sql
│ 🌀 Uploading complete.
│
🌀 Starting import...
🌀 Processed 62302 queries.
🌀 Processed 124568 queries.
🌀 Processed 186856 queries.
🌀 Processed 228097 queries.
🚣 Executed 228097 queries in 3528.85ms (0 rows read, 228097 rows written)
   Database is currently at bookmark 00000004-0012c6fc-00005052-b4d6b2e444515f999799199069d37c21.
[
  {
    "results": [
      {
        "Total queries executed": 228097,
        "Rows read": 0,
        "Rows written": 228097,
        "Database size (MB)": "2123.59"
      }
    ],
    "success": true,
    "finalBookmark": "00000004-0012c6fc-00005052-b4d6b2e444515f999799199069d37c21",
    "meta": {
      "served_by": "v3-prod",
      "served_by_region": "APAC",
      "served_by_colo": "SIN",
      "served_by_primary": true,
      "timings": {
        "sql_duration_ms": 3528.853
      },
      "duration": 3528.853,
      "changes": 228098,
      "last_row_id": 268457,
      "changed_db": true,
      "size_after": 2123587584,
      "rows_read": 0,
      "rows_written": 228097,
      "num_tables": 3,
      "total_attempts": 1
    }
  }
]
⚠️  Warning: Unsupported macOS version detected (12.6.0). The Cloudflare Workers runtime may not work correctly on macOS versions below 13.5.0. Consider upgrading to macOS 13.5.0+ or using a DevContainer setup with a supported version of Linux (glibc 2.35+ required).

 ⛅️ wrangler 3.114.17 (update available 4.83.0)
-----------------------------------------------

[33m▲ [43;33m[[43;30mWARNING[43;33m][0m [1mThe version of Wrangler you are using is now out-of-date.[0m

  Please update to the latest version to prevent critical errors.
  Run `npm install --save-dev wrangler@4` to update to the latest version.
  After installation, run Wrangler with `npx wrangler`.


[33m▲ [43;33m[[43;30mWARNING[43;33m][0m [1m⚠️ This process may take some time, during which your D1 database will be unavailable to serve queries.[0m


🌀 Executing on remote database tmdb-seo (ed9a3474-da58-4d3f-b954-a7f55ae525d0):
🌀 To execute on your local development database, remove the --remote flag from your wrangler command.
Note: if the execution fails to complete, your DB will return to its original state and you can safely retry.
├ Checking if file needs uploading
│
├ 🌀 Uploading ed9a3474-da58-4d3f-b954-a7f55ae525d0.0dbc6a990c47b7a2.sql
│ 🌀 Uploading complete.
│
🌀 Starting import...
🌀 Processed 62255 queries.
🌀 Processed 124544 queries.
🌀 Processed 168378 queries.
🌀 Processed 197467 queries.
🚣 Executed 197467 queries in 4620.87ms (1 rows read, 197468 rows written)
   Database is currently at bookmark 00000004-0012e382-00005052-452cf0ea6294c6fe09b11838b3eb13e4.
[
  {
    "results": [
      {
        "Total queries executed": 197467,
        "Rows read": 1,
        "Rows written": 197468,
        "Database size (MB)": "2131.23"
      }
    ],
    "success": true,
    "finalBookmark": "00000004-0012e382-00005052-452cf0ea6294c6fe09b11838b3eb13e4",
    "meta": {
      "served_by": "v3-prod",
      "served_by_region": "APAC",
      "served_by_colo": "SIN",
      "served_by_primary": true,
      "timings": {
        "sql_duration_ms": 4620.8721
      },
      "duration": 4620.8721,
      "changes": 197467,
      "last_row_id": 72922,
      "changed_db": true,
      "size_after": 2131226624,
      "rows_read": 1,
      "rows_written": 197468,
      "num_tables": 4,
      "total_attempts": 1
    }
  }
]
⚠️  Warning: Unsupported macOS version detected (12.6.0). The Cloudflare Workers runtime may not work correctly on macOS versions below 13.5.0. Consider upgrading to macOS 13.5.0+ or using a DevContainer setup with a supported version of Linux (glibc 2.35+ required).

 ⛅️ wrangler 3.114.17 (update available 4.83.0)
-----------------------------------------------

[33m▲ [43;33m[[43;30mWARNING[43;33m][0m [1mThe version of Wrangler you are using is now out-of-date.[0m

  Please update to the latest version to prevent critical errors.
  Run `npm install --save-dev wrangler@4` to update to the latest version.
  After installation, run Wrangler with `npx wrangler`.


[33m▲ [43;33m[[43;30mWARNING[43;33m][0m [1m⚠️ This process may take some time, during which your D1 database will be unavailable to serve queries.[0m


🌀 Executing on remote database tmdb-seo (ed9a3474-da58-4d3f-b954-a7f55ae525d0):
🌀 To execute on your local development database, remove the --remote flag from your wrangler command.
Note: if the execution fails to complete, your DB will return to its original state and you can safely retry.
├ Checking if file needs uploading
│
├ 🌀 Uploading ed9a3474-da58-4d3f-b954-a7f55ae525d0.51302a697102d33c.sql
│ 🌀 Uploading complete.
│
🌀 Starting import...
🌀 Processed 43903 queries.
🌀 Processed 87755 queries.
🌀 Processed 131668 queries.
🌀 Processed 160721 queries.
🚣 Executed 160721 queries in 3945.94ms (0 rows read, 160721 rows written)
   Database is currently at bookmark 00000004-00130008-00005052-d5f45415d734d3a68470e84feb742de9.
[
  {
    "results": [
      {
        "Total queries executed": 160721,
        "Rows read": 0,
        "Rows written": 160721,
        "Database size (MB)": "2140.31"
      }
    ],
    "success": true,
    "finalBookmark": "00000004-00130008-00005052-d5f45415d734d3a68470e84feb742de9",
    "meta": {
      "served_by": "v3-prod",
      "served_by_region": "APAC",
      "served_by_colo": "SIN",
      "served_by_primary": true,
      "timings": {
        "sql_duration_ms": 3945.9414
      },
      "duration": 3945.9414,
      "changes": 160722,
      "last_row_id": 233643,
      "changed_db": true,
      "size_after": 2140311552,
      "rows_read": 0,
      "rows_written": 160721,
      "num_tables": 4,
      "total_attempts": 1
    }
  }
]
⚠️  Warning: Unsupported macOS version detected (12.6.0). The Cloudflare Workers runtime may not work correctly on macOS versions below 13.5.0. Consider upgrading to macOS 13.5.0+ or using a DevContainer setup with a supported version of Linux (glibc 2.35+ required).

 ⛅️ wrangler 3.114.17 (update available 4.83.0)
-----------------------------------------------

[33m▲ [43;33m[[43;30mWARNING[43;33m][0m [1mThe version of Wrangler you are using is now out-of-date.[0m

  Please update to the latest version to prevent critical errors.
  Run `npm install --save-dev wrangler@4` to update to the latest version.
  After installation, run Wrangler with `npx wrangler`.


[33m▲ [43;33m[[43;30mWARNING[43;33m][0m [1m⚠️ This process may take some time, during which your D1 database will be unavailable to serve queries.[0m


🌀 Executing on remote database tmdb-seo (ed9a3474-da58-4d3f-b954-a7f55ae525d0):
🌀 To execute on your local development database, remove the --remote flag from your wrangler command.
Note: if the execution fails to complete, your DB will return to its original state and you can safely retry.
├ Checking if file needs uploading
│
├ 🌀 Uploading ed9a3474-da58-4d3f-b954-a7f55ae525d0.b7fc3ccf4f752ecb.sql
│ 🌀 Uploading complete.
│
🌀 Starting import...
🌀 Processed 43840 queries.
🌀 Processed 87765 queries.
🌀 Processed 131714 queries.
🌀 Processed 160878 queries.
🚣 Executed 160878 queries in 3880.63ms (0 rows read, 160878 rows written)
   Database is currently at bookmark 00000004-00131c8e-00005052-892c0f12b99498544aa9c59783b66a14.
[
  {
    "results": [
      {
        "Total queries executed": 160878,
        "Rows read": 0,
        "Rows written": 160878,
        "Database size (MB)": "2149.37"
      }
    ],
    "success": true,
    "finalBookmark": "00000004-00131c8e-00005052-892c0f12b99498544aa9c59783b66a14",
    "meta": {
      "served_by": "v3-prod",
      "served_by_region": "APAC",
      "served_by_colo": "SIN",
      "served_by_primary": true,
      "timings": {
        "sql_duration_ms": 3880.6264
      },
      "duration": 3880.6264,
      "changes": 160879,
      "last_row_id": 394521,
      "changed_db": true,
      "size_after": 2149371904,
      "rows_read": 0,
      "rows_written": 160878,
      "num_tables": 4,
      "total_attempts": 1
    }
  }
]
⚠️  Warning: Unsupported macOS version detected (12.6.0). The Cloudflare Workers runtime may not work correctly on macOS versions below 13.5.0. Consider upgrading to macOS 13.5.0+ or using a DevContainer setup with a supported version of Linux (glibc 2.35+ required).

 ⛅️ wrangler 3.114.17 (update available 4.83.0)
-----------------------------------------------

[33m▲ [43;33m[[43;30mWARNING[43;33m][0m [1mThe version of Wrangler you are using is now out-of-date.[0m

  Please update to the latest version to prevent critical errors.
  Run `npm install --save-dev wrangler@4` to update to the latest version.
  After installation, run Wrangler with `npx wrangler`.


[33m▲ [43;33m[[43;30mWARNING[43;33m][0m [1m⚠️ This process may take some time, during which your D1 database will be unavailable to serve queries.[0m


🌀 Executing on remote database tmdb-seo (ed9a3474-da58-4d3f-b954-a7f55ae525d0):
🌀 To execute on your local development database, remove the --remote flag from your wrangler command.
Note: if the execution fails to complete, your DB will return to its original state and you can safely retry.
├ Checking if file needs uploading
│
├ 🌀 Uploading ed9a3474-da58-4d3f-b954-a7f55ae525d0.5ca9037f73f21f12.sql
│ 🌀 Uploading complete.
│
🌀 Starting import...
🌀 Processed 43947 queries.
🌀 Processed 87813 queries.
🌀 Processed 131708 queries.
🌀 Processed 160789 queries.
🚣 Executed 160789 queries in 4111.07ms (0 rows read, 160789 rows written)
   Database is currently at bookmark 00000004-00133914-00005052-7f0f2646752653f9a432040c328c31ca.
[
  {
    "results": [
      {
        "Total queries executed": 160789,
        "Rows read": 0,
        "Rows written": 160789,
        "Database size (MB)": "2158.44"
      }
    ],
    "success": true,
    "finalBookmark": "00000004-00133914-00005052-7f0f2646752653f9a432040c328c31ca",
    "meta": {
      "served_by": "v3-prod",
      "served_by_region": "APAC",
      "served_by_colo": "SIN",
      "served_by_primary": true,
      "timings": {
        "sql_duration_ms": 4111.0729
      },
      "duration": 4111.0729,
      "changes": 160790,
      "last_row_id": 555310,
      "changed_db": true,
      "size_after": 2158440448,
      "rows_read": 0,
      "rows_written": 160789,
      "num_tables": 4,
      "total_attempts": 1
    }
  }
]
⚠️  Warning: Unsupported macOS version detected (12.6.0). The Cloudflare Workers runtime may not work correctly on macOS versions below 13.5.0. Consider upgrading to macOS 13.5.0+ or using a DevContainer setup with a supported version of Linux (glibc 2.35+ required).

 ⛅️ wrangler 3.114.17 (update available 4.83.0)
-----------------------------------------------

[33m▲ [43;33m[[43;30mWARNING[43;33m][0m [1mThe version of Wrangler you are using is now out-of-date.[0m

  Please update to the latest version to prevent critical errors.
  Run `npm install --save-dev wrangler@4` to update to the latest version.
  After installation, run Wrangler with `npx wrangler`.


[33m▲ [43;33m[[43;30mWARNING[43;33m][0m [1m⚠️ This process may take some time, during which your D1 database will be unavailable to serve queries.[0m


🌀 Executing on remote database tmdb-seo (ed9a3474-da58-4d3f-b954-a7f55ae525d0):
🌀 To execute on your local development database, remove the --remote flag from your wrangler command.
Note: if the execution fails to complete, your DB will return to its original state and you can safely retry.
├ Checking if file needs uploading
│
├ 🌀 Uploading ed9a3474-da58-4d3f-b954-a7f55ae525d0.8254679be169cf3f.sql
│ 🌀 Uploading complete.
│
🌀 Starting import...
🌀 Processed 43808 queries.
🌀 Processed 87601 queries.
🌀 Processed 131461 queries.
🌀 Processed 160377 queries.
🚣 Executed 160377 queries in 4238.70ms (0 rows read, 160377 rows written)
   Database is currently at bookmark 00000004-0013559a-00005052-bf6602d2486ab883980cfa84cf655c06.
[
  {
    "results": [
      {
        "Total queries executed": 160377,
        "Rows read": 0,
        "Rows written": 160377,
        "Database size (MB)": "2167.57"
      }
    ],
    "success": true,
    "finalBookmark": "00000004-0013559a-00005052-bf6602d2486ab883980cfa84cf655c06",
    "meta": {
      "served_by": "v3-prod",
      "served_by_region": "APAC",
      "served_by_colo": "SIN",
      "served_by_primary": true,
      "timings": {
        "sql_duration_ms": 4238.7013
      },
      "duration": 4238.7013,
      "changes": 160378,
      "last_row_id": 715687,
      "changed_db": true,
      "size_after": 2167566336,
      "rows_read": 0,
      "rows_written": 160377,
      "num_tables": 4,
      "total_attempts": 1
    }
  }
]
⚠️  Warning: Unsupported macOS version detected (12.6.0). The Cloudflare Workers runtime may not work correctly on macOS versions below 13.5.0. Consider upgrading to macOS 13.5.0+ or using a DevContainer setup with a supported version of Linux (glibc 2.35+ required).

 ⛅️ wrangler 3.114.17 (update available 4.83.0)
-----------------------------------------------

[33m▲ [43;33m[[43;30mWARNING[43;33m][0m [1mThe version of Wrangler you are using is now out-of-date.[0m

  Please update to the latest version to prevent critical errors.
  Run `npm install --save-dev wrangler@4` to update to the latest version.
  After installation, run Wrangler with `npx wrangler`.


[33m▲ [43;33m[[43;30mWARNING[43;33m][0m [1m⚠️ This process may take some time, during which your D1 database will be unavailable to serve queries.[0m


🌀 Executing on remote database tmdb-seo (ed9a3474-da58-4d3f-b954-a7f55ae525d0):
🌀 To execute on your local development database, remove the --remote flag from your wrangler command.
Note: if the execution fails to complete, your DB will return to its original state and you can safely retry.
├ Checking if file needs uploading
│
├ 🌀 Uploading ed9a3474-da58-4d3f-b954-a7f55ae525d0.81377a0f334defee.sql
│ 🌀 Uploading complete.
│
🌀 Starting import...
🌀 Processed 44007 queries.
🌀 Processed 87894 queries.
🌀 Processed 131646 queries.
🌀 Processed 160703 queries.
🚣 Executed 160703 queries in 4173.38ms (0 rows read, 160703 rows written)
   Database is currently at bookmark 00000004-00137220-00005052-7718a96232ce9bd17ac640dab03b80e2.
[
  {
    "results": [
      {
        "Total queries executed": 160703,
        "Rows read": 0,
        "Rows written": 160703,
        "Database size (MB)": "2176.69"
      }
    ],
    "success": true,
    "finalBookmark": "00000004-00137220-00005052-7718a96232ce9bd17ac640dab03b80e2",
    "meta": {
      "served_by": "v3-prod",
      "served_by_region": "APAC",
      "served_by_colo": "SIN",
      "served_by_primary": true,
      "timings": {
        "sql_duration_ms": 4173.3753
      },
      "duration": 4173.3753,
      "changes": 160704,
      "last_row_id": 876390,
      "changed_db": true,
      "size_after": 2176688128,
      "rows_read": 0,
      "rows_written": 160703,
      "num_tables": 4,
      "total_attempts": 1
    }
  }
]
⚠️  Warning: Unsupported macOS version detected (12.6.0). The Cloudflare Workers runtime may not work correctly on macOS versions below 13.5.0. Consider upgrading to macOS 13.5.0+ or using a DevContainer setup with a supported version of Linux (glibc 2.35+ required).

 ⛅️ wrangler 3.114.17 (update available 4.83.0)
-----------------------------------------------

[33m▲ [43;33m[[43;30mWARNING[43;33m][0m [1mThe version of Wrangler you are using is now out-of-date.[0m

  Please update to the latest version to prevent critical errors.
  Run `npm install --save-dev wrangler@4` to update to the latest version.
  After installation, run Wrangler with `npx wrangler`.


[33m▲ [43;33m[[43;30mWARNING[43;33m][0m [1m⚠️ This process may take some time, during which your D1 database will be unavailable to serve queries.[0m


🌀 Executing on remote database tmdb-seo (ed9a3474-da58-4d3f-b954-a7f55ae525d0):
🌀 To execute on your local development database, remove the --remote flag from your wrangler command.
Note: if the execution fails to complete, your DB will return to its original state and you can safely retry.
├ Checking if file needs uploading
│
├ 🌀 Uploading ed9a3474-da58-4d3f-b954-a7f55ae525d0.2233bba0378cdb6e.sql
│ 🌀 Uploading complete.
│
🌀 Starting import...
🌀 Processed 44685 queries.
🌀 Processed 105382 queries.
🌀 Processed 164620 queries.
🌀 Processed 203555 queries.
🚣 Executed 203555 queries in 20215.64ms (161481 rows read, 365037 rows written)
   Database is currently at bookmark 00000004-00138ea4-00005052-f4018f0cd2b1e68c923ff7cae8e516d6.
[
  {
    "results": [
      {
        "Total queries executed": 203555,
        "Rows read": 161481,
        "Rows written": 365037,
        "Database size (MB)": "2189.22"
      }
    ],
    "success": true,
    "finalBookmark": "00000004-00138ea4-00005052-f4018f0cd2b1e68c923ff7cae8e516d6",
    "meta": {
      "served_by": "v3-prod",
      "served_by_region": "APAC",
      "served_by_colo": "SIN",
      "served_by_primary": true,
      "timings": {
        "sql_duration_ms": 20215.6384
      },
      "duration": 20215.6384,
      "changes": 203556,
      "last_row_id": 1586683,
      "changed_db": true,
      "size_after": 2189221888,
      "rows_read": 161481,
      "rows_written": 365037,
      "num_tables": 5,
      "total_attempts": 1
    }
  }
]
⚠️  Warning: Unsupported macOS version detected (12.6.0). The Cloudflare Workers runtime may not work correctly on macOS versions below 13.5.0. Consider upgrading to macOS 13.5.0+ or using a DevContainer setup with a supported version of Linux (glibc 2.35+ required).

 ⛅️ wrangler 3.114.17 (update available 4.83.0)
-----------------------------------------------

[33m▲ [43;33m[[43;30mWARNING[43;33m][0m [1mThe version of Wrangler you are using is now out-of-date.[0m

  Please update to the latest version to prevent critical errors.
  Run `npm install --save-dev wrangler@4` to update to the latest version.
  After installation, run Wrangler with `npx wrangler`.


[33m▲ [43;33m[[43;30mWARNING[43;33m][0m [1m⚠️ This process may take some time, during which your D1 database will be unavailable to serve queries.[0m


🌀 Executing on remote database tmdb-seo (ed9a3474-da58-4d3f-b954-a7f55ae525d0):
🌀 To execute on your local development database, remove the --remote flag from your wrangler command.
Note: if the execution fails to complete, your DB will return to its original state and you can safely retry.
├ Checking if file needs uploading
│
├ 🌀 Uploading ed9a3474-da58-4d3f-b954-a7f55ae525d0.df07e9a1022e5ede.sql
│ 🌀 Uploading complete.
│
🌀 Starting import...
🌀 Processed 58765 queries.
🌀 Processed 117470 queries.
🌀 Processed 176039 queries.
🌀 Processed 205385 queries.
🚣 Executed 205385 queries in 25842.97ms (190554 rows read, 390938 rows written)
   Database is currently at bookmark 00000004-00139fe6-00005052-654117518c6c54c0e5b5536caa9c6b14.
[
  {
    "results": [
      {
        "Total queries executed": 205385,
        "Rows read": 190554,
        "Rows written": 390938,
        "Database size (MB)": "2202.29"
      }
    ],
    "success": true,
    "finalBookmark": "00000004-00139fe6-00005052-654117518c6c54c0e5b5536caa9c6b14",
    "meta": {
      "served_by": "v3-prod",
      "served_by_region": "APAC",
      "served_by_colo": "SIN",
      "served_by_primary": true,
      "timings": {
        "sql_duration_ms": 25842.9738
      },
      "duration": 25842.9738,
      "changes": 205385,
      "last_row_id": 14831,
      "changed_db": true,
      "size_after": 2202292224,
      "rows_read": 190554,
      "rows_written": 390938,
      "num_tables": 7,
      "total_attempts": 1
    }
  }
]
⚠️  Warning: Unsupported macOS version detected (12.6.0). The Cloudflare Workers runtime may not work correctly on macOS versions below 13.5.0. Consider upgrading to macOS 13.5.0+ or using a DevContainer setup with a supported version of Linux (glibc 2.35+ required).

 ⛅️ wrangler 3.114.17 (update available 4.83.0)
-----------------------------------------------

[33m▲ [43;33m[[43;30mWARNING[43;33m][0m [1mThe version of Wrangler you are using is now out-of-date.[0m

  Please update to the latest version to prevent critical errors.
  Run `npm install --save-dev wrangler@4` to update to the latest version.
  After installation, run Wrangler with `npx wrangler`.


[33m▲ [43;33m[[43;30mWARNING[43;33m][0m [1m⚠️ This process may take some time, during which your D1 database will be unavailable to serve queries.[0m


🌀 Executing on remote database tmdb-seo (ed9a3474-da58-4d3f-b954-a7f55ae525d0):
🌀 To execute on your local development database, remove the --remote flag from your wrangler command.
Note: if the execution fails to complete, your DB will return to its original state and you can safely retry.
├ Checking if file needs uploading
│
├ 🌀 Uploading ed9a3474-da58-4d3f-b954-a7f55ae525d0.1b2eaac3fe70c8c8.sql
│ 🌀 Uploading complete.
│

[31m✘ [41;31m[[41;97mERROR[41;31m][0m [1mD1 DB exceeded its CPU time limit and was reset.[0m


[32mIf you think this is a bug then please create an issue at https://github.com/cloudflare/workers-sdk/issues/new/choose[0m
Note that there is a newer version of Wrangler available (4.83.0). Consider checking whether upgrading resolves this error.
? Would you like to report this error to Cloudflare? Wrangler's output and the error details will be shared with the Wrangler team to help us diagnose and fix the issue.
🤖 Using fallback value in non-interactive context: no
🪵  Logs were written to "/Users/kiranganji/Library/Preferences/.wrangler/logs/wrangler-2026-04-19_13-45-55_457.log"
